2025-12-16 21:08:41 [main] INFO  c.H.E.ExplorerAppApplication$Companion - Starting ExplorerAppApplication.Companion v0.0.1-SNAPSHOT using Java 17.0.17 with PID 10712 (C:\Users\Stradalec\Documents\GitHub\HLPT-Lab2-\target\ExplorerApp-0.0.1-SNAPSHOT.jar started by Stradalec in C:\Users\Stradalec\Documents\GitHub\HLPT-Lab2-)
2025-12-16 21:08:41 [main] INFO  c.H.E.ExplorerAppApplication$Companion - No active profile set, falling back to 1 default profile: "default"
2025-12-16 21:08:43 [main] INFO  o.s.d.r.c.RepositoryConfigurationDelegate - Bootstrapping Spring Data JPA repositories in DEFAULT mode.
2025-12-16 21:08:43 [main] INFO  o.s.d.r.c.RepositoryConfigurationDelegate - Finished Spring Data repository scanning in 105 ms. Found 3 JPA repository interfaces.
2025-12-16 21:08:44 [main] INFO  o.h.jpa.internal.util.LogHelper - HHH000204: Processing PersistenceUnitInfo [name: default]
2025-12-16 21:08:45 [main] INFO  org.hibernate.Version - HHH000412: Hibernate ORM core version 7.1.8.Final
2025-12-16 21:08:46 [main] INFO  o.s.o.j.p.SpringPersistenceUnitInfo - No LoadTimeWeaver setup: ignoring JPA class transformer
2025-12-16 21:08:46 [main] INFO  com.zaxxer.hikari.HikariDataSource - HikariPool-1 - Starting...
2025-12-16 21:08:46 [main] INFO  com.zaxxer.hikari.pool.HikariPool - HikariPool-1 - Added connection conn0: url=jdbc:h2:./data/coolDatabase user=SA
2025-12-16 21:08:46 [main] INFO  com.zaxxer.hikari.HikariDataSource - HikariPool-1 - Start completed.
2025-12-16 21:08:47 [main] WARN  org.hibernate.orm.deprecation - HHH90000025: H2Dialect does not need to be specified explicitly using 'hibernate.dialect' (remove the property setting and it will be selected by default)
2025-12-16 21:08:47 [main] INFO  o.hibernate.orm.connections.pooling - HHH10001005: Database info:
	Database JDBC URL [jdbc:h2:./data/coolDatabase]
	Database driver: H2 JDBC Driver
	Database dialect: H2Dialect
	Database version: 2.4.240
	Default catalog/schema: COOLDATABASE/PUBLIC
	Autocommit mode: undefined/unknown
	Isolation level: READ_COMMITTED [default READ_COMMITTED]
	JDBC fetch size: 100
	Pool: DatasourceConnectionProviderImpl
	Minimum pool size: undefined/unknown
	Maximum pool size: undefined/unknown
2025-12-16 21:08:48 [main] INFO  o.h.m.i.EntityInstantiatorPojoStandard - HHH000182: No default (no-argument) constructor for class [com.HLPTLab7.ExplorerApp.models.Resource] (class must be instantiated by Interceptor)
2025-12-16 21:08:48 [main] INFO  o.h.m.i.EntityInstantiatorPojoStandard - HHH000182: No default (no-argument) constructor for class [com.HLPTLab7.ExplorerApp.models.User] (class must be instantiated by Interceptor)
2025-12-16 21:08:48 [main] INFO  o.h.m.i.EntityInstantiatorPojoStandard - HHH000182: No default (no-argument) constructor for class [com.HLPTLab7.ExplorerApp.models.Permission] (class must be instantiated by Interceptor)
2025-12-16 21:08:48 [main] INFO  o.h.e.t.j.p.i.JtaPlatformInitiator - HHH000489: No JTA platform available (set 'hibernate.transaction.jta.platform' to enable JTA platform integration)
2025-12-16 21:08:48 [main] INFO  o.s.o.j.LocalContainerEntityManagerFactoryBean - Initialized JPA EntityManagerFactory for persistence unit 'default'
2025-12-16 21:08:49 [main] INFO  o.s.d.j.r.q.QueryEnhancerFactories - Hibernate is in classpath; If applicable, HQL parser will be used.
2025-12-16 21:08:53 [main] INFO  c.H.E.ExplorerAppApplication$Companion - Started ExplorerAppApplication.Companion in 13.14 seconds (process running for 14.351)
2025-12-16 21:08:53 [main] INFO  c.H.E.ExplorerAppApplication - A DEBUG Message
2025-12-16 21:08:53 [main] INFO  c.H.E.ExplorerAppApplication - Выполнение завершено с кодом: 3
2025-12-16 21:08:53 [SpringApplicationShutdownHook] INFO  o.s.o.j.LocalContainerEntityManagerFactoryBean - Closing JPA EntityManagerFactory for persistence unit 'default'
2025-12-16 21:08:53 [SpringApplicationShutdownHook] INFO  com.zaxxer.hikari.HikariDataSource - HikariPool-1 - Shutdown initiated...
2025-12-16 21:08:53 [SpringApplicationShutdownHook] INFO  com.zaxxer.hikari.HikariDataSource - HikariPool-1 - Shutdown completed.
2025-12-16 21:08:56 [main] INFO  c.H.E.ExplorerAppApplication$Companion - Starting ExplorerAppApplication.Companion v0.0.1-SNAPSHOT using Java 17.0.17 with PID 6320 (C:\Users\Stradalec\Documents\GitHub\HLPT-Lab2-\target\ExplorerApp-0.0.1-SNAPSHOT.jar started by Stradalec in C:\Users\Stradalec\Documents\GitHub\HLPT-Lab2-)
2025-12-16 21:08:56 [main] INFO  c.H.E.ExplorerAppApplication$Companion - No active profile set, falling back to 1 default profile: "default"
2025-12-16 21:08:57 [main] INFO  o.s.d.r.c.RepositoryConfigurationDelegate - Bootstrapping Spring Data JPA repositories in DEFAULT mode.
2025-12-16 21:08:57 [main] INFO  o.s.d.r.c.RepositoryConfigurationDelegate - Finished Spring Data repository scanning in 102 ms. Found 3 JPA repository interfaces.
2025-12-16 21:08:59 [main] INFO  o.h.jpa.internal.util.LogHelper - HHH000204: Processing PersistenceUnitInfo [name: default]
2025-12-16 21:08:59 [main] INFO  org.hibernate.Version - HHH000412: Hibernate ORM core version 7.1.8.Final
2025-12-16 21:09:00 [main] INFO  o.s.o.j.p.SpringPersistenceUnitInfo - No LoadTimeWeaver setup: ignoring JPA class transformer
2025-12-16 21:09:00 [main] INFO  com.zaxxer.hikari.HikariDataSource - HikariPool-1 - Starting...
2025-12-16 21:09:01 [main] INFO  com.zaxxer.hikari.pool.HikariPool - HikariPool-1 - Added connection conn0: url=jdbc:h2:./data/coolDatabase user=SA
2025-12-16 21:09:01 [main] INFO  com.zaxxer.hikari.HikariDataSource - HikariPool-1 - Start completed.
2025-12-16 21:09:01 [main] WARN  org.hibernate.orm.deprecation - HHH90000025: H2Dialect does not need to be specified explicitly using 'hibernate.dialect' (remove the property setting and it will be selected by default)
2025-12-16 21:09:01 [main] INFO  o.hibernate.orm.connections.pooling - HHH10001005: Database info:
	Database JDBC URL [jdbc:h2:./data/coolDatabase]
	Database driver: H2 JDBC Driver
	Database dialect: H2Dialect
	Database version: 2.4.240
	Default catalog/schema: COOLDATABASE/PUBLIC
	Autocommit mode: undefined/unknown
	Isolation level: READ_COMMITTED [default READ_COMMITTED]
	JDBC fetch size: 100
	Pool: DatasourceConnectionProviderImpl
	Minimum pool size: undefined/unknown
	Maximum pool size: undefined/unknown
2025-12-16 21:09:03 [main] INFO  o.h.m.i.EntityInstantiatorPojoStandard - HHH000182: No default (no-argument) constructor for class [com.HLPTLab7.ExplorerApp.models.Resource] (class must be instantiated by Interceptor)
2025-12-16 21:09:03 [main] INFO  o.h.m.i.EntityInstantiatorPojoStandard - HHH000182: No default (no-argument) constructor for class [com.HLPTLab7.ExplorerApp.models.User] (class must be instantiated by Interceptor)
2025-12-16 21:09:03 [main] INFO  o.h.m.i.EntityInstantiatorPojoStandard - HHH000182: No default (no-argument) constructor for class [com.HLPTLab7.ExplorerApp.models.Permission] (class must be instantiated by Interceptor)
2025-12-16 21:09:03 [main] INFO  o.h.e.t.j.p.i.JtaPlatformInitiator - HHH000489: No JTA platform available (set 'hibernate.transaction.jta.platform' to enable JTA platform integration)
2025-12-16 21:09:03 [main] INFO  o.s.o.j.LocalContainerEntityManagerFactoryBean - Initialized JPA EntityManagerFactory for persistence unit 'default'
2025-12-16 21:09:04 [main] INFO  o.s.d.j.r.q.QueryEnhancerFactories - Hibernate is in classpath; If applicable, HQL parser will be used.
2025-12-16 21:09:07 [main] INFO  c.H.E.ExplorerAppApplication$Companion - Started ExplorerAppApplication.Companion in 12.713 seconds (process running for 13.853)
2025-12-16 21:09:07 [main] INFO  c.H.E.ExplorerAppApplication - A DEBUG Message
2025-12-16 21:09:07 [SpringApplicationShutdownHook] INFO  o.s.o.j.LocalContainerEntityManagerFactoryBean - Closing JPA EntityManagerFactory for persistence unit 'default'
2025-12-16 21:09:07 [SpringApplicationShutdownHook] INFO  com.zaxxer.hikari.HikariDataSource - HikariPool-1 - Shutdown initiated...
2025-12-16 21:09:08 [SpringApplicationShutdownHook] INFO  com.zaxxer.hikari.HikariDataSource - HikariPool-1 - Shutdown completed.
2025-12-16 21:09:11 [main] INFO  c.H.E.ExplorerAppApplication$Companion - Starting ExplorerAppApplication.Companion v0.0.1-SNAPSHOT using Java 17.0.17 with PID 16480 (C:\Users\Stradalec\Documents\GitHub\HLPT-Lab2-\target\ExplorerApp-0.0.1-SNAPSHOT.jar started by Stradalec in C:\Users\Stradalec\Documents\GitHub\HLPT-Lab2-)
2025-12-16 21:09:11 [main] INFO  c.H.E.ExplorerAppApplication$Companion - No active profile set, falling back to 1 default profile: "default"
2025-12-16 21:09:12 [main] INFO  o.s.d.r.c.RepositoryConfigurationDelegate - Bootstrapping Spring Data JPA repositories in DEFAULT mode.
2025-12-16 21:09:12 [main] INFO  o.s.d.r.c.RepositoryConfigurationDelegate - Finished Spring Data repository scanning in 123 ms. Found 3 JPA repository interfaces.
2025-12-16 21:09:13 [main] INFO  o.h.jpa.internal.util.LogHelper - HHH000204: Processing PersistenceUnitInfo [name: default]
2025-12-16 21:09:14 [main] INFO  org.hibernate.Version - HHH000412: Hibernate ORM core version 7.1.8.Final
2025-12-16 21:09:15 [main] INFO  o.s.o.j.p.SpringPersistenceUnitInfo - No LoadTimeWeaver setup: ignoring JPA class transformer
2025-12-16 21:09:15 [main] INFO  com.zaxxer.hikari.HikariDataSource - HikariPool-1 - Starting...
2025-12-16 21:09:16 [main] INFO  com.zaxxer.hikari.pool.HikariPool - HikariPool-1 - Added connection conn0: url=jdbc:h2:./data/coolDatabase user=SA
2025-12-16 21:09:16 [main] INFO  com.zaxxer.hikari.HikariDataSource - HikariPool-1 - Start completed.
2025-12-16 21:09:16 [main] WARN  org.hibernate.orm.deprecation - HHH90000025: H2Dialect does not need to be specified explicitly using 'hibernate.dialect' (remove the property setting and it will be selected by default)
2025-12-16 21:09:16 [main] INFO  o.hibernate.orm.connections.pooling - HHH10001005: Database info:
	Database JDBC URL [jdbc:h2:./data/coolDatabase]
	Database driver: H2 JDBC Driver
	Database dialect: H2Dialect
	Database version: 2.4.240
	Default catalog/schema: COOLDATABASE/PUBLIC
	Autocommit mode: undefined/unknown
	Isolation level: READ_COMMITTED [default READ_COMMITTED]
	JDBC fetch size: 100
	Pool: DatasourceConnectionProviderImpl
	Minimum pool size: undefined/unknown
	Maximum pool size: undefined/unknown
2025-12-16 21:09:17 [main] INFO  o.h.m.i.EntityInstantiatorPojoStandard - HHH000182: No default (no-argument) constructor for class [com.HLPTLab7.ExplorerApp.models.Resource] (class must be instantiated by Interceptor)
2025-12-16 21:09:17 [main] INFO  o.h.m.i.EntityInstantiatorPojoStandard - HHH000182: No default (no-argument) constructor for class [com.HLPTLab7.ExplorerApp.models.User] (class must be instantiated by Interceptor)
2025-12-16 21:09:17 [main] INFO  o.h.m.i.EntityInstantiatorPojoStandard - HHH000182: No default (no-argument) constructor for class [com.HLPTLab7.ExplorerApp.models.Permission] (class must be instantiated by Interceptor)
2025-12-16 21:09:18 [main] INFO  o.h.e.t.j.p.i.JtaPlatformInitiator - HHH000489: No JTA platform available (set 'hibernate.transaction.jta.platform' to enable JTA platform integration)
2025-12-16 21:09:18 [main] INFO  o.s.o.j.LocalContainerEntityManagerFactoryBean - Initialized JPA EntityManagerFactory for persistence unit 'default'
2025-12-16 21:09:18 [main] INFO  o.s.d.j.r.q.QueryEnhancerFactories - Hibernate is in classpath; If applicable, HQL parser will be used.
2025-12-16 21:09:22 [main] INFO  c.H.E.ExplorerAppApplication$Companion - Started ExplorerAppApplication.Companion in 13.223 seconds (process running for 14.657)
2025-12-16 21:09:22 [main] INFO  c.H.E.ExplorerAppApplication - A DEBUG Message
2025-12-16 21:09:22 [SpringApplicationShutdownHook] INFO  o.s.o.j.LocalContainerEntityManagerFactoryBean - Closing JPA EntityManagerFactory for persistence unit 'default'
2025-12-16 21:09:22 [SpringApplicationShutdownHook] INFO  com.zaxxer.hikari.HikariDataSource - HikariPool-1 - Shutdown initiated...
2025-12-16 21:09:22 [SpringApplicationShutdownHook] INFO  com.zaxxer.hikari.HikariDataSource - HikariPool-1 - Shutdown completed.
2025-12-16 21:09:25 [main] INFO  c.H.E.ExplorerAppApplication$Companion - Starting ExplorerAppApplication.Companion v0.0.1-SNAPSHOT using Java 17.0.17 with PID 12780 (C:\Users\Stradalec\Documents\GitHub\HLPT-Lab2-\target\ExplorerApp-0.0.1-SNAPSHOT.jar started by Stradalec in C:\Users\Stradalec\Documents\GitHub\HLPT-Lab2-)
2025-12-16 21:09:25 [main] INFO  c.H.E.ExplorerAppApplication$Companion - No active profile set, falling back to 1 default profile: "default"
2025-12-16 21:09:26 [main] INFO  o.s.d.r.c.RepositoryConfigurationDelegate - Bootstrapping Spring Data JPA repositories in DEFAULT mode.
2025-12-16 21:09:26 [main] INFO  o.s.d.r.c.RepositoryConfigurationDelegate - Finished Spring Data repository scanning in 103 ms. Found 3 JPA repository interfaces.
2025-12-16 21:09:27 [main] INFO  o.h.jpa.internal.util.LogHelper - HHH000204: Processing PersistenceUnitInfo [name: default]
2025-12-16 21:09:27 [main] INFO  org.hibernate.Version - HHH000412: Hibernate ORM core version 7.1.8.Final
2025-12-16 21:09:29 [main] INFO  o.s.o.j.p.SpringPersistenceUnitInfo - No LoadTimeWeaver setup: ignoring JPA class transformer
2025-12-16 21:09:29 [main] INFO  com.zaxxer.hikari.HikariDataSource - HikariPool-1 - Starting...
2025-12-16 21:09:29 [main] INFO  com.zaxxer.hikari.pool.HikariPool - HikariPool-1 - Added connection conn0: url=jdbc:h2:./data/coolDatabase user=SA
2025-12-16 21:09:29 [main] INFO  com.zaxxer.hikari.HikariDataSource - HikariPool-1 - Start completed.
2025-12-16 21:09:29 [main] WARN  org.hibernate.orm.deprecation - HHH90000025: H2Dialect does not need to be specified explicitly using 'hibernate.dialect' (remove the property setting and it will be selected by default)
2025-12-16 21:09:29 [main] INFO  o.hibernate.orm.connections.pooling - HHH10001005: Database info:
	Database JDBC URL [jdbc:h2:./data/coolDatabase]
	Database driver: H2 JDBC Driver
	Database dialect: H2Dialect
	Database version: 2.4.240
	Default catalog/schema: COOLDATABASE/PUBLIC
	Autocommit mode: undefined/unknown
	Isolation level: READ_COMMITTED [default READ_COMMITTED]
	JDBC fetch size: 100
	Pool: DatasourceConnectionProviderImpl
	Minimum pool size: undefined/unknown
	Maximum pool size: undefined/unknown
2025-12-16 21:09:30 [main] INFO  o.h.m.i.EntityInstantiatorPojoStandard - HHH000182: No default (no-argument) constructor for class [com.HLPTLab7.ExplorerApp.models.Resource] (class must be instantiated by Interceptor)
2025-12-16 21:09:30 [main] INFO  o.h.m.i.EntityInstantiatorPojoStandard - HHH000182: No default (no-argument) constructor for class [com.HLPTLab7.ExplorerApp.models.User] (class must be instantiated by Interceptor)
2025-12-16 21:09:30 [main] INFO  o.h.m.i.EntityInstantiatorPojoStandard - HHH000182: No default (no-argument) constructor for class [com.HLPTLab7.ExplorerApp.models.Permission] (class must be instantiated by Interceptor)
2025-12-16 21:09:31 [main] INFO  o.h.e.t.j.p.i.JtaPlatformInitiator - HHH000489: No JTA platform available (set 'hibernate.transaction.jta.platform' to enable JTA platform integration)
2025-12-16 21:09:31 [main] INFO  o.s.o.j.LocalContainerEntityManagerFactoryBean - Initialized JPA EntityManagerFactory for persistence unit 'default'
2025-12-16 21:09:32 [main] INFO  o.s.d.j.r.q.QueryEnhancerFactories - Hibernate is in classpath; If applicable, HQL parser will be used.
2025-12-16 21:09:35 [main] INFO  c.H.E.ExplorerAppApplication$Companion - Started ExplorerAppApplication.Companion in 10.759 seconds (process running for 11.914)
2025-12-16 21:09:35 [main] INFO  c.H.E.ExplorerAppApplication - A DEBUG Message
2025-12-16 21:09:35 [main] INFO  c.H.E.ExplorerAppApplication - Выполнение завершено с кодом: 3
2025-12-16 21:09:35 [SpringApplicationShutdownHook] INFO  o.s.o.j.LocalContainerEntityManagerFactoryBean - Closing JPA EntityManagerFactory for persistence unit 'default'
2025-12-16 21:09:35 [SpringApplicationShutdownHook] INFO  com.zaxxer.hikari.HikariDataSource - HikariPool-1 - Shutdown initiated...
2025-12-16 21:09:35 [SpringApplicationShutdownHook] INFO  com.zaxxer.hikari.HikariDataSource - HikariPool-1 - Shutdown completed.
2025-12-16 21:09:38 [main] INFO  c.H.E.ExplorerAppApplication$Companion - Starting ExplorerAppApplication.Companion v0.0.1-SNAPSHOT using Java 17.0.17 with PID 12376 (C:\Users\Stradalec\Documents\GitHub\HLPT-Lab2-\target\ExplorerApp-0.0.1-SNAPSHOT.jar started by Stradalec in C:\Users\Stradalec\Documents\GitHub\HLPT-Lab2-)
2025-12-16 21:09:38 [main] INFO  c.H.E.ExplorerAppApplication$Companion - No active profile set, falling back to 1 default profile: "default"
2025-12-16 21:09:39 [main] INFO  o.s.d.r.c.RepositoryConfigurationDelegate - Bootstrapping Spring Data JPA repositories in DEFAULT mode.
2025-12-16 21:09:39 [main] INFO  o.s.d.r.c.RepositoryConfigurationDelegate - Finished Spring Data repository scanning in 99 ms. Found 3 JPA repository interfaces.
2025-12-16 21:09:40 [main] INFO  o.h.jpa.internal.util.LogHelper - HHH000204: Processing PersistenceUnitInfo [name: default]
2025-12-16 21:09:40 [main] INFO  org.hibernate.Version - HHH000412: Hibernate ORM core version 7.1.8.Final
2025-12-16 21:09:42 [main] INFO  o.s.o.j.p.SpringPersistenceUnitInfo - No LoadTimeWeaver setup: ignoring JPA class transformer
2025-12-16 21:09:42 [main] INFO  com.zaxxer.hikari.HikariDataSource - HikariPool-1 - Starting...
2025-12-16 21:09:42 [main] INFO  com.zaxxer.hikari.pool.HikariPool - HikariPool-1 - Added connection conn0: url=jdbc:h2:./data/coolDatabase user=SA
2025-12-16 21:09:42 [main] INFO  com.zaxxer.hikari.HikariDataSource - HikariPool-1 - Start completed.
2025-12-16 21:09:42 [main] WARN  org.hibernate.orm.deprecation - HHH90000025: H2Dialect does not need to be specified explicitly using 'hibernate.dialect' (remove the property setting and it will be selected by default)
2025-12-16 21:09:42 [main] INFO  o.hibernate.orm.connections.pooling - HHH10001005: Database info:
	Database JDBC URL [jdbc:h2:./data/coolDatabase]
	Database driver: H2 JDBC Driver
	Database dialect: H2Dialect
	Database version: 2.4.240
	Default catalog/schema: COOLDATABASE/PUBLIC
	Autocommit mode: undefined/unknown
	Isolation level: READ_COMMITTED [default READ_COMMITTED]
	JDBC fetch size: 100
	Pool: DatasourceConnectionProviderImpl
	Minimum pool size: undefined/unknown
	Maximum pool size: undefined/unknown
2025-12-16 21:09:44 [main] INFO  o.h.m.i.EntityInstantiatorPojoStandard - HHH000182: No default (no-argument) constructor for class [com.HLPTLab7.ExplorerApp.models.Resource] (class must be instantiated by Interceptor)
2025-12-16 21:09:44 [main] INFO  o.h.m.i.EntityInstantiatorPojoStandard - HHH000182: No default (no-argument) constructor for class [com.HLPTLab7.ExplorerApp.models.User] (class must be instantiated by Interceptor)
2025-12-16 21:09:44 [main] INFO  o.h.m.i.EntityInstantiatorPojoStandard - HHH000182: No default (no-argument) constructor for class [com.HLPTLab7.ExplorerApp.models.Permission] (class must be instantiated by Interceptor)
2025-12-16 21:09:44 [main] INFO  o.h.e.t.j.p.i.JtaPlatformInitiator - HHH000489: No JTA platform available (set 'hibernate.transaction.jta.platform' to enable JTA platform integration)
2025-12-16 21:09:44 [main] INFO  o.s.o.j.LocalContainerEntityManagerFactoryBean - Initialized JPA EntityManagerFactory for persistence unit 'default'
2025-12-16 21:09:45 [main] INFO  o.s.d.j.r.q.QueryEnhancerFactories - Hibernate is in classpath; If applicable, HQL parser will be used.
2025-12-16 21:09:50 [main] INFO  c.H.E.ExplorerAppApplication$Companion - Started ExplorerAppApplication.Companion in 12.978 seconds (process running for 14.119)
2025-12-16 21:09:50 [main] INFO  c.H.E.ExplorerAppApplication - A DEBUG Message
2025-12-16 21:09:50 [main] INFO  c.H.E.ExplorerAppApplication - Выполнение завершено с кодом: 3
2025-12-16 21:09:50 [SpringApplicationShutdownHook] INFO  o.s.o.j.LocalContainerEntityManagerFactoryBean - Closing JPA EntityManagerFactory for persistence unit 'default'
2025-12-16 21:09:50 [SpringApplicationShutdownHook] INFO  com.zaxxer.hikari.HikariDataSource - HikariPool-1 - Shutdown initiated...
2025-12-16 21:09:50 [SpringApplicationShutdownHook] INFO  com.zaxxer.hikari.HikariDataSource - HikariPool-1 - Shutdown completed.
2025-12-16 21:09:54 [main] INFO  c.H.E.ExplorerAppApplication$Companion - Starting ExplorerAppApplication.Companion v0.0.1-SNAPSHOT using Java 17.0.17 with PID 17196 (C:\Users\Stradalec\Documents\GitHub\HLPT-Lab2-\target\ExplorerApp-0.0.1-SNAPSHOT.jar started by Stradalec in C:\Users\Stradalec\Documents\GitHub\HLPT-Lab2-)
2025-12-16 21:09:54 [main] INFO  c.H.E.ExplorerAppApplication$Companion - No active profile set, falling back to 1 default profile: "default"
2025-12-16 21:09:55 [main] INFO  o.s.d.r.c.RepositoryConfigurationDelegate - Bootstrapping Spring Data JPA repositories in DEFAULT mode.
2025-12-16 21:09:55 [main] INFO  o.s.d.r.c.RepositoryConfigurationDelegate - Finished Spring Data repository scanning in 135 ms. Found 3 JPA repository interfaces.
2025-12-16 21:09:56 [main] INFO  o.h.jpa.internal.util.LogHelper - HHH000204: Processing PersistenceUnitInfo [name: default]
2025-12-16 21:09:57 [main] INFO  org.hibernate.Version - HHH000412: Hibernate ORM core version 7.1.8.Final
2025-12-16 21:09:58 [main] INFO  o.s.o.j.p.SpringPersistenceUnitInfo - No LoadTimeWeaver setup: ignoring JPA class transformer
2025-12-16 21:09:58 [main] INFO  com.zaxxer.hikari.HikariDataSource - HikariPool-1 - Starting...
2025-12-16 21:09:59 [main] INFO  com.zaxxer.hikari.pool.HikariPool - HikariPool-1 - Added connection conn0: url=jdbc:h2:./data/coolDatabase user=SA
2025-12-16 21:09:59 [main] INFO  com.zaxxer.hikari.HikariDataSource - HikariPool-1 - Start completed.
2025-12-16 21:09:59 [main] WARN  org.hibernate.orm.deprecation - HHH90000025: H2Dialect does not need to be specified explicitly using 'hibernate.dialect' (remove the property setting and it will be selected by default)
2025-12-16 21:09:59 [main] INFO  o.hibernate.orm.connections.pooling - HHH10001005: Database info:
	Database JDBC URL [jdbc:h2:./data/coolDatabase]
	Database driver: H2 JDBC Driver
	Database dialect: H2Dialect
	Database version: 2.4.240
	Default catalog/schema: COOLDATABASE/PUBLIC
	Autocommit mode: undefined/unknown
	Isolation level: READ_COMMITTED [default READ_COMMITTED]
	JDBC fetch size: 100
	Pool: DatasourceConnectionProviderImpl
	Minimum pool size: undefined/unknown
	Maximum pool size: undefined/unknown
2025-12-16 21:10:01 [main] INFO  o.h.m.i.EntityInstantiatorPojoStandard - HHH000182: No default (no-argument) constructor for class [com.HLPTLab7.ExplorerApp.models.Resource] (class must be instantiated by Interceptor)
2025-12-16 21:10:01 [main] INFO  o.h.m.i.EntityInstantiatorPojoStandard - HHH000182: No default (no-argument) constructor for class [com.HLPTLab7.ExplorerApp.models.User] (class must be instantiated by Interceptor)
2025-12-16 21:10:01 [main] INFO  o.h.m.i.EntityInstantiatorPojoStandard - HHH000182: No default (no-argument) constructor for class [com.HLPTLab7.ExplorerApp.models.Permission] (class must be instantiated by Interceptor)
2025-12-16 21:10:01 [main] INFO  o.h.e.t.j.p.i.JtaPlatformInitiator - HHH000489: No JTA platform available (set 'hibernate.transaction.jta.platform' to enable JTA platform integration)
2025-12-16 21:10:01 [main] INFO  o.s.o.j.LocalContainerEntityManagerFactoryBean - Initialized JPA EntityManagerFactory for persistence unit 'default'
2025-12-16 21:10:02 [main] INFO  o.s.d.j.r.q.QueryEnhancerFactories - Hibernate is in classpath; If applicable, HQL parser will be used.
2025-12-16 21:10:06 [main] INFO  c.H.E.ExplorerAppApplication$Companion - Started ExplorerAppApplication.Companion in 13.926 seconds (process running for 15.363)
2025-12-16 21:10:06 [main] INFO  c.H.E.ExplorerAppApplication - A DEBUG Message
2025-12-16 21:10:06 [main] INFO  c.H.E.ExplorerAppApplication - Выполнение завершено с кодом: 4
2025-12-16 21:10:06 [SpringApplicationShutdownHook] INFO  o.s.o.j.LocalContainerEntityManagerFactoryBean - Closing JPA EntityManagerFactory for persistence unit 'default'
2025-12-16 21:10:06 [SpringApplicationShutdownHook] INFO  com.zaxxer.hikari.HikariDataSource - HikariPool-1 - Shutdown initiated...
2025-12-16 21:10:06 [SpringApplicationShutdownHook] INFO  com.zaxxer.hikari.HikariDataSource - HikariPool-1 - Shutdown completed.
2025-12-16 21:10:10 [main] INFO  c.H.E.ExplorerAppApplication$Companion - Starting ExplorerAppApplication.Companion v0.0.1-SNAPSHOT using Java 17.0.17 with PID 2600 (C:\Users\Stradalec\Documents\GitHub\HLPT-Lab2-\target\ExplorerApp-0.0.1-SNAPSHOT.jar started by Stradalec in C:\Users\Stradalec\Documents\GitHub\HLPT-Lab2-)
2025-12-16 21:10:10 [main] INFO  c.H.E.ExplorerAppApplication$Companion - No active profile set, falling back to 1 default profile: "default"
2025-12-16 21:10:11 [main] INFO  o.s.d.r.c.RepositoryConfigurationDelegate - Bootstrapping Spring Data JPA repositories in DEFAULT mode.
2025-12-16 21:10:11 [main] INFO  o.s.d.r.c.RepositoryConfigurationDelegate - Finished Spring Data repository scanning in 132 ms. Found 3 JPA repository interfaces.
2025-12-16 21:10:12 [main] INFO  o.h.jpa.internal.util.LogHelper - HHH000204: Processing PersistenceUnitInfo [name: default]
2025-12-16 21:10:12 [main] INFO  org.hibernate.Version - HHH000412: Hibernate ORM core version 7.1.8.Final
2025-12-16 21:10:14 [main] INFO  o.s.o.j.p.SpringPersistenceUnitInfo - No LoadTimeWeaver setup: ignoring JPA class transformer
2025-12-16 21:10:14 [main] INFO  com.zaxxer.hikari.HikariDataSource - HikariPool-1 - Starting...
2025-12-16 21:10:15 [main] INFO  com.zaxxer.hikari.pool.HikariPool - HikariPool-1 - Added connection conn0: url=jdbc:h2:./data/coolDatabase user=SA
2025-12-16 21:10:15 [main] INFO  com.zaxxer.hikari.HikariDataSource - HikariPool-1 - Start completed.
2025-12-16 21:10:15 [main] WARN  org.hibernate.orm.deprecation - HHH90000025: H2Dialect does not need to be specified explicitly using 'hibernate.dialect' (remove the property setting and it will be selected by default)
2025-12-16 21:10:15 [main] INFO  o.hibernate.orm.connections.pooling - HHH10001005: Database info:
	Database JDBC URL [jdbc:h2:./data/coolDatabase]
	Database driver: H2 JDBC Driver
	Database dialect: H2Dialect
	Database version: 2.4.240
	Default catalog/schema: COOLDATABASE/PUBLIC
	Autocommit mode: undefined/unknown
	Isolation level: READ_COMMITTED [default READ_COMMITTED]
	JDBC fetch size: 100
	Pool: DatasourceConnectionProviderImpl
	Minimum pool size: undefined/unknown
	Maximum pool size: undefined/unknown
2025-12-16 21:10:16 [main] INFO  o.h.m.i.EntityInstantiatorPojoStandard - HHH000182: No default (no-argument) constructor for class [com.HLPTLab7.ExplorerApp.models.Resource] (class must be instantiated by Interceptor)
2025-12-16 21:10:16 [main] INFO  o.h.m.i.EntityInstantiatorPojoStandard - HHH000182: No default (no-argument) constructor for class [com.HLPTLab7.ExplorerApp.models.User] (class must be instantiated by Interceptor)
2025-12-16 21:10:16 [main] INFO  o.h.m.i.EntityInstantiatorPojoStandard - HHH000182: No default (no-argument) constructor for class [com.HLPTLab7.ExplorerApp.models.Permission] (class must be instantiated by Interceptor)
2025-12-16 21:10:16 [main] INFO  o.h.e.t.j.p.i.JtaPlatformInitiator - HHH000489: No JTA platform available (set 'hibernate.transaction.jta.platform' to enable JTA platform integration)
2025-12-16 21:10:17 [main] INFO  o.s.o.j.LocalContainerEntityManagerFactoryBean - Initialized JPA EntityManagerFactory for persistence unit 'default'
2025-12-16 21:10:17 [main] INFO  o.s.d.j.r.q.QueryEnhancerFactories - Hibernate is in classpath; If applicable, HQL parser will be used.
2025-12-16 21:10:21 [main] INFO  c.H.E.ExplorerAppApplication$Companion - Started ExplorerAppApplication.Companion in 13.488 seconds (process running for 14.964)
2025-12-16 21:10:21 [main] INFO  c.H.E.ExplorerAppApplication - A DEBUG Message
2025-12-16 21:10:22 [main] INFO  c.H.E.ExplorerAppApplication - Выполнение завершено с кодом: 3
2025-12-16 21:10:22 [SpringApplicationShutdownHook] INFO  o.s.o.j.LocalContainerEntityManagerFactoryBean - Closing JPA EntityManagerFactory for persistence unit 'default'
2025-12-16 21:10:22 [SpringApplicationShutdownHook] INFO  com.zaxxer.hikari.HikariDataSource - HikariPool-1 - Shutdown initiated...
2025-12-16 21:10:22 [SpringApplicationShutdownHook] INFO  com.zaxxer.hikari.HikariDataSource - HikariPool-1 - Shutdown completed.
2025-12-16 21:10:25 [main] INFO  c.H.E.ExplorerAppApplication$Companion - Starting ExplorerAppApplication.Companion v0.0.1-SNAPSHOT using Java 17.0.17 with PID 11288 (C:\Users\Stradalec\Documents\GitHub\HLPT-Lab2-\target\ExplorerApp-0.0.1-SNAPSHOT.jar started by Stradalec in C:\Users\Stradalec\Documents\GitHub\HLPT-Lab2-)
2025-12-16 21:10:25 [main] INFO  c.H.E.ExplorerAppApplication$Companion - No active profile set, falling back to 1 default profile: "default"
2025-12-16 21:10:27 [main] INFO  o.s.d.r.c.RepositoryConfigurationDelegate - Bootstrapping Spring Data JPA repositories in DEFAULT mode.
2025-12-16 21:10:27 [main] INFO  o.s.d.r.c.RepositoryConfigurationDelegate - Finished Spring Data repository scanning in 136 ms. Found 3 JPA repository interfaces.
2025-12-16 21:10:28 [main] INFO  o.h.jpa.internal.util.LogHelper - HHH000204: Processing PersistenceUnitInfo [name: default]
2025-12-16 21:10:29 [main] INFO  org.hibernate.Version - HHH000412: Hibernate ORM core version 7.1.8.Final
2025-12-16 21:10:30 [main] INFO  o.s.o.j.p.SpringPersistenceUnitInfo - No LoadTimeWeaver setup: ignoring JPA class transformer
2025-12-16 21:10:30 [main] INFO  com.zaxxer.hikari.HikariDataSource - HikariPool-1 - Starting...
2025-12-16 21:10:31 [main] INFO  com.zaxxer.hikari.pool.HikariPool - HikariPool-1 - Added connection conn0: url=jdbc:h2:./data/coolDatabase user=SA
2025-12-16 21:10:31 [main] INFO  com.zaxxer.hikari.HikariDataSource - HikariPool-1 - Start completed.
2025-12-16 21:10:31 [main] WARN  org.hibernate.orm.deprecation - HHH90000025: H2Dialect does not need to be specified explicitly using 'hibernate.dialect' (remove the property setting and it will be selected by default)
2025-12-16 21:10:31 [main] INFO  o.hibernate.orm.connections.pooling - HHH10001005: Database info:
	Database JDBC URL [jdbc:h2:./data/coolDatabase]
	Database driver: H2 JDBC Driver
	Database dialect: H2Dialect
	Database version: 2.4.240
	Default catalog/schema: COOLDATABASE/PUBLIC
	Autocommit mode: undefined/unknown
	Isolation level: READ_COMMITTED [default READ_COMMITTED]
	JDBC fetch size: 100
	Pool: DatasourceConnectionProviderImpl
	Minimum pool size: undefined/unknown
	Maximum pool size: undefined/unknown
2025-12-16 21:10:32 [main] INFO  o.h.m.i.EntityInstantiatorPojoStandard - HHH000182: No default (no-argument) constructor for class [com.HLPTLab7.ExplorerApp.models.Resource] (class must be instantiated by Interceptor)
2025-12-16 21:10:32 [main] INFO  o.h.m.i.EntityInstantiatorPojoStandard - HHH000182: No default (no-argument) constructor for class [com.HLPTLab7.ExplorerApp.models.User] (class must be instantiated by Interceptor)
2025-12-16 21:10:32 [main] INFO  o.h.m.i.EntityInstantiatorPojoStandard - HHH000182: No default (no-argument) constructor for class [com.HLPTLab7.ExplorerApp.models.Permission] (class must be instantiated by Interceptor)
2025-12-16 21:10:33 [main] INFO  o.h.e.t.j.p.i.JtaPlatformInitiator - HHH000489: No JTA platform available (set 'hibernate.transaction.jta.platform' to enable JTA platform integration)
2025-12-16 21:10:33 [main] INFO  o.s.o.j.LocalContainerEntityManagerFactoryBean - Initialized JPA EntityManagerFactory for persistence unit 'default'
2025-12-16 21:10:34 [main] INFO  o.s.d.j.r.q.QueryEnhancerFactories - Hibernate is in classpath; If applicable, HQL parser will be used.
2025-12-16 21:10:38 [main] INFO  c.H.E.ExplorerAppApplication$Companion - Started ExplorerAppApplication.Companion in 13.637 seconds (process running for 15.171)
2025-12-16 21:10:38 [main] INFO  c.H.E.ExplorerAppApplication - A DEBUG Message
2025-12-16 21:10:38 [main] INFO  c.H.E.ExplorerAppApplication - Выполнение завершено с кодом: 3
2025-12-16 21:10:38 [SpringApplicationShutdownHook] INFO  o.s.o.j.LocalContainerEntityManagerFactoryBean - Closing JPA EntityManagerFactory for persistence unit 'default'
2025-12-16 21:10:38 [SpringApplicationShutdownHook] INFO  com.zaxxer.hikari.HikariDataSource - HikariPool-1 - Shutdown initiated...
2025-12-16 21:10:38 [SpringApplicationShutdownHook] INFO  com.zaxxer.hikari.HikariDataSource - HikariPool-1 - Shutdown completed.
2025-12-16 21:10:41 [main] INFO  c.H.E.ExplorerAppApplication$Companion - Starting ExplorerAppApplication.Companion v0.0.1-SNAPSHOT using Java 17.0.17 with PID 13528 (C:\Users\Stradalec\Documents\GitHub\HLPT-Lab2-\target\ExplorerApp-0.0.1-SNAPSHOT.jar started by Stradalec in C:\Users\Stradalec\Documents\GitHub\HLPT-Lab2-)
2025-12-16 21:10:41 [main] INFO  c.H.E.ExplorerAppApplication$Companion - No active profile set, falling back to 1 default profile: "default"
2025-12-16 21:10:43 [main] INFO  o.s.d.r.c.RepositoryConfigurationDelegate - Bootstrapping Spring Data JPA repositories in DEFAULT mode.
2025-12-16 21:10:43 [main] INFO  o.s.d.r.c.RepositoryConfigurationDelegate - Finished Spring Data repository scanning in 94 ms. Found 3 JPA repository interfaces.
2025-12-16 21:10:44 [main] INFO  o.h.jpa.internal.util.LogHelper - HHH000204: Processing PersistenceUnitInfo [name: default]
2025-12-16 21:10:44 [main] INFO  org.hibernate.Version - HHH000412: Hibernate ORM core version 7.1.8.Final
2025-12-16 21:10:45 [main] INFO  o.s.o.j.p.SpringPersistenceUnitInfo - No LoadTimeWeaver setup: ignoring JPA class transformer
2025-12-16 21:10:46 [main] INFO  com.zaxxer.hikari.HikariDataSource - HikariPool-1 - Starting...
2025-12-16 21:10:46 [main] INFO  com.zaxxer.hikari.pool.HikariPool - HikariPool-1 - Added connection conn0: url=jdbc:h2:./data/coolDatabase user=SA
2025-12-16 21:10:46 [main] INFO  com.zaxxer.hikari.HikariDataSource - HikariPool-1 - Start completed.
2025-12-16 21:10:46 [main] WARN  org.hibernate.orm.deprecation - HHH90000025: H2Dialect does not need to be specified explicitly using 'hibernate.dialect' (remove the property setting and it will be selected by default)
2025-12-16 21:10:46 [main] INFO  o.hibernate.orm.connections.pooling - HHH10001005: Database info:
	Database JDBC URL [jdbc:h2:./data/coolDatabase]
	Database driver: H2 JDBC Driver
	Database dialect: H2Dialect
	Database version: 2.4.240
	Default catalog/schema: COOLDATABASE/PUBLIC
	Autocommit mode: undefined/unknown
	Isolation level: READ_COMMITTED [default READ_COMMITTED]
	JDBC fetch size: 100
	Pool: DatasourceConnectionProviderImpl
	Minimum pool size: undefined/unknown
	Maximum pool size: undefined/unknown
2025-12-16 21:10:48 [main] INFO  o.h.m.i.EntityInstantiatorPojoStandard - HHH000182: No default (no-argument) constructor for class [com.HLPTLab7.ExplorerApp.models.Resource] (class must be instantiated by Interceptor)
2025-12-16 21:10:48 [main] INFO  o.h.m.i.EntityInstantiatorPojoStandard - HHH000182: No default (no-argument) constructor for class [com.HLPTLab7.ExplorerApp.models.User] (class must be instantiated by Interceptor)
2025-12-16 21:10:48 [main] INFO  o.h.m.i.EntityInstantiatorPojoStandard - HHH000182: No default (no-argument) constructor for class [com.HLPTLab7.ExplorerApp.models.Permission] (class must be instantiated by Interceptor)
2025-12-16 21:10:48 [main] INFO  o.h.e.t.j.p.i.JtaPlatformInitiator - HHH000489: No JTA platform available (set 'hibernate.transaction.jta.platform' to enable JTA platform integration)
2025-12-16 21:10:48 [main] INFO  o.s.o.j.LocalContainerEntityManagerFactoryBean - Initialized JPA EntityManagerFactory for persistence unit 'default'
2025-12-16 21:10:49 [main] INFO  o.s.d.j.r.q.QueryEnhancerFactories - Hibernate is in classpath; If applicable, HQL parser will be used.
2025-12-16 21:10:53 [main] INFO  c.H.E.ExplorerAppApplication$Companion - Started ExplorerAppApplication.Companion in 12.996 seconds (process running for 14.479)
2025-12-16 21:10:53 [main] INFO  c.H.E.ExplorerAppApplication - A DEBUG Message
2025-12-16 21:10:53 [main] INFO  c.H.E.ExplorerAppApplication - Выполнение завершено с кодом: 7
2025-12-16 21:10:53 [SpringApplicationShutdownHook] INFO  o.s.o.j.LocalContainerEntityManagerFactoryBean - Closing JPA EntityManagerFactory for persistence unit 'default'
2025-12-16 21:10:53 [SpringApplicationShutdownHook] INFO  com.zaxxer.hikari.HikariDataSource - HikariPool-1 - Shutdown initiated...
2025-12-16 21:10:53 [SpringApplicationShutdownHook] INFO  com.zaxxer.hikari.HikariDataSource - HikariPool-1 - Shutdown completed.
2025-12-16 21:10:57 [main] INFO  c.H.E.ExplorerAppApplication$Companion - Starting ExplorerAppApplication.Companion v0.0.1-SNAPSHOT using Java 17.0.17 with PID 11136 (C:\Users\Stradalec\Documents\GitHub\HLPT-Lab2-\target\ExplorerApp-0.0.1-SNAPSHOT.jar started by Stradalec in C:\Users\Stradalec\Documents\GitHub\HLPT-Lab2-)
2025-12-16 21:10:57 [main] INFO  c.H.E.ExplorerAppApplication$Companion - No active profile set, falling back to 1 default profile: "default"
2025-12-16 21:10:58 [main] INFO  o.s.d.r.c.RepositoryConfigurationDelegate - Bootstrapping Spring Data JPA repositories in DEFAULT mode.
2025-12-16 21:10:58 [main] INFO  o.s.d.r.c.RepositoryConfigurationDelegate - Finished Spring Data repository scanning in 137 ms. Found 3 JPA repository interfaces.
2025-12-16 21:10:59 [main] INFO  o.h.jpa.internal.util.LogHelper - HHH000204: Processing PersistenceUnitInfo [name: default]
2025-12-16 21:10:59 [main] INFO  org.hibernate.Version - HHH000412: Hibernate ORM core version 7.1.8.Final
2025-12-16 21:11:01 [main] INFO  o.s.o.j.p.SpringPersistenceUnitInfo - No LoadTimeWeaver setup: ignoring JPA class transformer
2025-12-16 21:11:01 [main] INFO  com.zaxxer.hikari.HikariDataSource - HikariPool-1 - Starting...
2025-12-16 21:11:01 [main] INFO  com.zaxxer.hikari.pool.HikariPool - HikariPool-1 - Added connection conn0: url=jdbc:h2:./data/coolDatabase user=SA
2025-12-16 21:11:01 [main] INFO  com.zaxxer.hikari.HikariDataSource - HikariPool-1 - Start completed.
2025-12-16 21:11:01 [main] WARN  org.hibernate.orm.deprecation - HHH90000025: H2Dialect does not need to be specified explicitly using 'hibernate.dialect' (remove the property setting and it will be selected by default)
2025-12-16 21:11:02 [main] INFO  o.hibernate.orm.connections.pooling - HHH10001005: Database info:
	Database JDBC URL [jdbc:h2:./data/coolDatabase]
	Database driver: H2 JDBC Driver
	Database dialect: H2Dialect
	Database version: 2.4.240
	Default catalog/schema: COOLDATABASE/PUBLIC
	Autocommit mode: undefined/unknown
	Isolation level: READ_COMMITTED [default READ_COMMITTED]
	JDBC fetch size: 100
	Pool: DatasourceConnectionProviderImpl
	Minimum pool size: undefined/unknown
	Maximum pool size: undefined/unknown
2025-12-16 21:11:03 [main] INFO  o.h.m.i.EntityInstantiatorPojoStandard - HHH000182: No default (no-argument) constructor for class [com.HLPTLab7.ExplorerApp.models.Resource] (class must be instantiated by Interceptor)
2025-12-16 21:11:03 [main] INFO  o.h.m.i.EntityInstantiatorPojoStandard - HHH000182: No default (no-argument) constructor for class [com.HLPTLab7.ExplorerApp.models.User] (class must be instantiated by Interceptor)
2025-12-16 21:11:03 [main] INFO  o.h.m.i.EntityInstantiatorPojoStandard - HHH000182: No default (no-argument) constructor for class [com.HLPTLab7.ExplorerApp.models.Permission] (class must be instantiated by Interceptor)
2025-12-16 21:11:03 [main] INFO  o.h.e.t.j.p.i.JtaPlatformInitiator - HHH000489: No JTA platform available (set 'hibernate.transaction.jta.platform' to enable JTA platform integration)
2025-12-16 21:11:03 [main] INFO  o.s.o.j.LocalContainerEntityManagerFactoryBean - Initialized JPA EntityManagerFactory for persistence unit 'default'
2025-12-16 21:11:04 [main] INFO  o.s.d.j.r.q.QueryEnhancerFactories - Hibernate is in classpath; If applicable, HQL parser will be used.
2025-12-16 21:11:08 [main] INFO  c.H.E.ExplorerAppApplication$Companion - Started ExplorerAppApplication.Companion in 13.259 seconds (process running for 14.7)
2025-12-16 21:11:08 [main] INFO  c.H.E.ExplorerAppApplication - A DEBUG Message
2025-12-16 21:11:09 [main] INFO  c.H.E.ExplorerAppApplication - Выполнение завершено с кодом: 3
2025-12-16 21:11:09 [SpringApplicationShutdownHook] INFO  o.s.o.j.LocalContainerEntityManagerFactoryBean - Closing JPA EntityManagerFactory for persistence unit 'default'
2025-12-16 21:11:09 [SpringApplicationShutdownHook] INFO  com.zaxxer.hikari.HikariDataSource - HikariPool-1 - Shutdown initiated...
2025-12-16 21:11:09 [SpringApplicationShutdownHook] INFO  com.zaxxer.hikari.HikariDataSource - HikariPool-1 - Shutdown completed.
2025-12-16 21:15:51 [main] INFO  c.H.E.ExplorerAppApplication$Companion - Starting ExplorerAppApplication.Companion v0.0.1-SNAPSHOT using Java 17.0.17 with PID 1960 (C:\Users\Stradalec\Documents\GitHub\HLPT-Lab2-\target\ExplorerApp-0.0.1-SNAPSHOT.jar started by Stradalec in C:\Users\Stradalec\Documents\GitHub\HLPT-Lab2-)
2025-12-16 21:15:51 [main] INFO  c.H.E.ExplorerAppApplication$Companion - No active profile set, falling back to 1 default profile: "default"
2025-12-16 21:15:52 [main] INFO  o.s.d.r.c.RepositoryConfigurationDelegate - Bootstrapping Spring Data JPA repositories in DEFAULT mode.
2025-12-16 21:15:52 [main] INFO  o.s.d.r.c.RepositoryConfigurationDelegate - Finished Spring Data repository scanning in 93 ms. Found 3 JPA repository interfaces.
2025-12-16 21:15:53 [main] INFO  o.h.jpa.internal.util.LogHelper - HHH000204: Processing PersistenceUnitInfo [name: default]
2025-12-16 21:15:53 [main] INFO  org.hibernate.Version - HHH000412: Hibernate ORM core version 7.1.8.Final
2025-12-16 21:15:54 [main] INFO  o.s.o.j.p.SpringPersistenceUnitInfo - No LoadTimeWeaver setup: ignoring JPA class transformer
2025-12-16 21:15:54 [main] INFO  com.zaxxer.hikari.HikariDataSource - HikariPool-1 - Starting...
2025-12-16 21:15:55 [main] INFO  com.zaxxer.hikari.pool.HikariPool - HikariPool-1 - Added connection conn0: url=jdbc:h2:./data/coolDatabase user=SA
2025-12-16 21:15:55 [main] INFO  com.zaxxer.hikari.HikariDataSource - HikariPool-1 - Start completed.
2025-12-16 21:15:55 [main] WARN  org.hibernate.orm.deprecation - HHH90000025: H2Dialect does not need to be specified explicitly using 'hibernate.dialect' (remove the property setting and it will be selected by default)
2025-12-16 21:15:55 [main] INFO  o.hibernate.orm.connections.pooling - HHH10001005: Database info:
	Database JDBC URL [jdbc:h2:./data/coolDatabase]
	Database driver: H2 JDBC Driver
	Database dialect: H2Dialect
	Database version: 2.4.240
	Default catalog/schema: COOLDATABASE/PUBLIC
	Autocommit mode: undefined/unknown
	Isolation level: READ_COMMITTED [default READ_COMMITTED]
	JDBC fetch size: 100
	Pool: DatasourceConnectionProviderImpl
	Minimum pool size: undefined/unknown
	Maximum pool size: undefined/unknown
2025-12-16 21:15:56 [main] INFO  o.h.m.i.EntityInstantiatorPojoStandard - HHH000182: No default (no-argument) constructor for class [com.HLPTLab7.ExplorerApp.models.Resource] (class must be instantiated by Interceptor)
2025-12-16 21:15:56 [main] INFO  o.h.m.i.EntityInstantiatorPojoStandard - HHH000182: No default (no-argument) constructor for class [com.HLPTLab7.ExplorerApp.models.User] (class must be instantiated by Interceptor)
2025-12-16 21:15:56 [main] INFO  o.h.m.i.EntityInstantiatorPojoStandard - HHH000182: No default (no-argument) constructor for class [com.HLPTLab7.ExplorerApp.models.Permission] (class must be instantiated by Interceptor)
2025-12-16 21:15:57 [main] INFO  o.h.e.t.j.p.i.JtaPlatformInitiator - HHH000489: No JTA platform available (set 'hibernate.transaction.jta.platform' to enable JTA platform integration)
2025-12-16 21:15:57 [main] INFO  o.s.o.j.LocalContainerEntityManagerFactoryBean - Initialized JPA EntityManagerFactory for persistence unit 'default'
2025-12-16 21:15:57 [main] INFO  o.s.d.j.r.q.QueryEnhancerFactories - Hibernate is in classpath; If applicable, HQL parser will be used.
2025-12-16 21:16:00 [main] INFO  c.H.E.ExplorerAppApplication$Companion - Started ExplorerAppApplication.Companion in 11.019 seconds (process running for 12.229)
2025-12-16 21:16:00 [main] INFO  c.H.E.ExplorerAppApplication - A DEBUG Message
2025-12-16 21:16:01 [main] INFO  c.H.E.ExplorerAppApplication - Выполнение завершено с кодом: 3
2025-12-16 21:16:01 [SpringApplicationShutdownHook] INFO  o.s.o.j.LocalContainerEntityManagerFactoryBean - Closing JPA EntityManagerFactory for persistence unit 'default'
2025-12-16 21:16:01 [SpringApplicationShutdownHook] INFO  com.zaxxer.hikari.HikariDataSource - HikariPool-1 - Shutdown initiated...
2025-12-16 21:16:01 [SpringApplicationShutdownHook] INFO  com.zaxxer.hikari.HikariDataSource - HikariPool-1 - Shutdown completed.
2025-12-16 21:16:04 [main] INFO  c.H.E.ExplorerAppApplication$Companion - Starting ExplorerAppApplication.Companion v0.0.1-SNAPSHOT using Java 17.0.17 with PID 19156 (C:\Users\Stradalec\Documents\GitHub\HLPT-Lab2-\target\ExplorerApp-0.0.1-SNAPSHOT.jar started by Stradalec in C:\Users\Stradalec\Documents\GitHub\HLPT-Lab2-)
2025-12-16 21:16:04 [main] INFO  c.H.E.ExplorerAppApplication$Companion - No active profile set, falling back to 1 default profile: "default"
2025-12-16 21:16:05 [main] INFO  o.s.d.r.c.RepositoryConfigurationDelegate - Bootstrapping Spring Data JPA repositories in DEFAULT mode.
2025-12-16 21:16:05 [main] INFO  o.s.d.r.c.RepositoryConfigurationDelegate - Finished Spring Data repository scanning in 101 ms. Found 3 JPA repository interfaces.
2025-12-16 21:16:06 [main] INFO  o.h.jpa.internal.util.LogHelper - HHH000204: Processing PersistenceUnitInfo [name: default]
2025-12-16 21:16:06 [main] INFO  org.hibernate.Version - HHH000412: Hibernate ORM core version 7.1.8.Final
2025-12-16 21:16:08 [main] INFO  o.s.o.j.p.SpringPersistenceUnitInfo - No LoadTimeWeaver setup: ignoring JPA class transformer
2025-12-16 21:16:08 [main] INFO  com.zaxxer.hikari.HikariDataSource - HikariPool-1 - Starting...
2025-12-16 21:16:09 [main] INFO  com.zaxxer.hikari.pool.HikariPool - HikariPool-1 - Added connection conn0: url=jdbc:h2:./data/coolDatabase user=SA
2025-12-16 21:16:09 [main] INFO  com.zaxxer.hikari.HikariDataSource - HikariPool-1 - Start completed.
2025-12-16 21:16:09 [main] WARN  org.hibernate.orm.deprecation - HHH90000025: H2Dialect does not need to be specified explicitly using 'hibernate.dialect' (remove the property setting and it will be selected by default)
2025-12-16 21:16:09 [main] INFO  o.hibernate.orm.connections.pooling - HHH10001005: Database info:
	Database JDBC URL [jdbc:h2:./data/coolDatabase]
	Database driver: H2 JDBC Driver
	Database dialect: H2Dialect
	Database version: 2.4.240
	Default catalog/schema: COOLDATABASE/PUBLIC
	Autocommit mode: undefined/unknown
	Isolation level: READ_COMMITTED [default READ_COMMITTED]
	JDBC fetch size: 100
	Pool: DatasourceConnectionProviderImpl
	Minimum pool size: undefined/unknown
	Maximum pool size: undefined/unknown
2025-12-16 21:16:10 [main] INFO  o.h.m.i.EntityInstantiatorPojoStandard - HHH000182: No default (no-argument) constructor for class [com.HLPTLab7.ExplorerApp.models.Resource] (class must be instantiated by Interceptor)
2025-12-16 21:16:10 [main] INFO  o.h.m.i.EntityInstantiatorPojoStandard - HHH000182: No default (no-argument) constructor for class [com.HLPTLab7.ExplorerApp.models.User] (class must be instantiated by Interceptor)
2025-12-16 21:16:10 [main] INFO  o.h.m.i.EntityInstantiatorPojoStandard - HHH000182: No default (no-argument) constructor for class [com.HLPTLab7.ExplorerApp.models.Permission] (class must be instantiated by Interceptor)
2025-12-16 21:16:11 [main] INFO  o.h.e.t.j.p.i.JtaPlatformInitiator - HHH000489: No JTA platform available (set 'hibernate.transaction.jta.platform' to enable JTA platform integration)
2025-12-16 21:16:11 [main] INFO  o.s.o.j.LocalContainerEntityManagerFactoryBean - Initialized JPA EntityManagerFactory for persistence unit 'default'
2025-12-16 21:16:11 [main] INFO  o.s.d.j.r.q.QueryEnhancerFactories - Hibernate is in classpath; If applicable, HQL parser will be used.
2025-12-16 21:16:15 [main] INFO  c.H.E.ExplorerAppApplication$Companion - Started ExplorerAppApplication.Companion in 13.028 seconds (process running for 14.246)
2025-12-16 21:16:15 [main] INFO  c.H.E.ExplorerAppApplication - A DEBUG Message
2025-12-16 21:16:15 [SpringApplicationShutdownHook] INFO  o.s.o.j.LocalContainerEntityManagerFactoryBean - Closing JPA EntityManagerFactory for persistence unit 'default'
2025-12-16 21:16:15 [SpringApplicationShutdownHook] INFO  com.zaxxer.hikari.HikariDataSource - HikariPool-1 - Shutdown initiated...
2025-12-16 21:16:15 [SpringApplicationShutdownHook] INFO  com.zaxxer.hikari.HikariDataSource - HikariPool-1 - Shutdown completed.
2025-12-16 21:16:19 [main] INFO  c.H.E.ExplorerAppApplication$Companion - Starting ExplorerAppApplication.Companion v0.0.1-SNAPSHOT using Java 17.0.17 with PID 4268 (C:\Users\Stradalec\Documents\GitHub\HLPT-Lab2-\target\ExplorerApp-0.0.1-SNAPSHOT.jar started by Stradalec in C:\Users\Stradalec\Documents\GitHub\HLPT-Lab2-)
2025-12-16 21:16:19 [main] INFO  c.H.E.ExplorerAppApplication$Companion - No active profile set, falling back to 1 default profile: "default"
2025-12-16 21:16:20 [main] INFO  o.s.d.r.c.RepositoryConfigurationDelegate - Bootstrapping Spring Data JPA repositories in DEFAULT mode.
2025-12-16 21:16:20 [main] INFO  o.s.d.r.c.RepositoryConfigurationDelegate - Finished Spring Data repository scanning in 109 ms. Found 3 JPA repository interfaces.
2025-12-16 21:16:21 [main] INFO  o.h.jpa.internal.util.LogHelper - HHH000204: Processing PersistenceUnitInfo [name: default]
2025-12-16 21:16:22 [main] INFO  org.hibernate.Version - HHH000412: Hibernate ORM core version 7.1.8.Final
2025-12-16 21:16:23 [main] INFO  o.s.o.j.p.SpringPersistenceUnitInfo - No LoadTimeWeaver setup: ignoring JPA class transformer
2025-12-16 21:16:23 [main] INFO  com.zaxxer.hikari.HikariDataSource - HikariPool-1 - Starting...
2025-12-16 21:16:24 [main] INFO  com.zaxxer.hikari.pool.HikariPool - HikariPool-1 - Added connection conn0: url=jdbc:h2:./data/coolDatabase user=SA
2025-12-16 21:16:24 [main] INFO  com.zaxxer.hikari.HikariDataSource - HikariPool-1 - Start completed.
2025-12-16 21:16:24 [main] WARN  org.hibernate.orm.deprecation - HHH90000025: H2Dialect does not need to be specified explicitly using 'hibernate.dialect' (remove the property setting and it will be selected by default)
2025-12-16 21:16:24 [main] INFO  o.hibernate.orm.connections.pooling - HHH10001005: Database info:
	Database JDBC URL [jdbc:h2:./data/coolDatabase]
	Database driver: H2 JDBC Driver
	Database dialect: H2Dialect
	Database version: 2.4.240
	Default catalog/schema: COOLDATABASE/PUBLIC
	Autocommit mode: undefined/unknown
	Isolation level: READ_COMMITTED [default READ_COMMITTED]
	JDBC fetch size: 100
	Pool: DatasourceConnectionProviderImpl
	Minimum pool size: undefined/unknown
	Maximum pool size: undefined/unknown
2025-12-16 21:16:26 [main] INFO  o.h.m.i.EntityInstantiatorPojoStandard - HHH000182: No default (no-argument) constructor for class [com.HLPTLab7.ExplorerApp.models.Resource] (class must be instantiated by Interceptor)
2025-12-16 21:16:26 [main] INFO  o.h.m.i.EntityInstantiatorPojoStandard - HHH000182: No default (no-argument) constructor for class [com.HLPTLab7.ExplorerApp.models.User] (class must be instantiated by Interceptor)
2025-12-16 21:16:26 [main] INFO  o.h.m.i.EntityInstantiatorPojoStandard - HHH000182: No default (no-argument) constructor for class [com.HLPTLab7.ExplorerApp.models.Permission] (class must be instantiated by Interceptor)
2025-12-16 21:16:26 [main] INFO  o.h.e.t.j.p.i.JtaPlatformInitiator - HHH000489: No JTA platform available (set 'hibernate.transaction.jta.platform' to enable JTA platform integration)
2025-12-16 21:16:26 [main] INFO  o.s.o.j.LocalContainerEntityManagerFactoryBean - Initialized JPA EntityManagerFactory for persistence unit 'default'
2025-12-16 21:16:27 [main] INFO  o.s.d.j.r.q.QueryEnhancerFactories - Hibernate is in classpath; If applicable, HQL parser will be used.
2025-12-16 21:16:31 [main] INFO  c.H.E.ExplorerAppApplication$Companion - Started ExplorerAppApplication.Companion in 13.486 seconds (process running for 14.924)
2025-12-16 21:16:31 [main] INFO  c.H.E.ExplorerAppApplication - A DEBUG Message
2025-12-16 21:16:31 [SpringApplicationShutdownHook] INFO  o.s.o.j.LocalContainerEntityManagerFactoryBean - Closing JPA EntityManagerFactory for persistence unit 'default'
2025-12-16 21:16:31 [SpringApplicationShutdownHook] INFO  com.zaxxer.hikari.HikariDataSource - HikariPool-1 - Shutdown initiated...
2025-12-16 21:16:31 [SpringApplicationShutdownHook] INFO  com.zaxxer.hikari.HikariDataSource - HikariPool-1 - Shutdown completed.
2025-12-16 21:16:34 [main] INFO  c.H.E.ExplorerAppApplication$Companion - Starting ExplorerAppApplication.Companion v0.0.1-SNAPSHOT using Java 17.0.17 with PID 18904 (C:\Users\Stradalec\Documents\GitHub\HLPT-Lab2-\target\ExplorerApp-0.0.1-SNAPSHOT.jar started by Stradalec in C:\Users\Stradalec\Documents\GitHub\HLPT-Lab2-)
2025-12-16 21:16:34 [main] INFO  c.H.E.ExplorerAppApplication$Companion - No active profile set, falling back to 1 default profile: "default"
2025-12-16 21:16:36 [main] INFO  o.s.d.r.c.RepositoryConfigurationDelegate - Bootstrapping Spring Data JPA repositories in DEFAULT mode.
2025-12-16 21:16:36 [main] INFO  o.s.d.r.c.RepositoryConfigurationDelegate - Finished Spring Data repository scanning in 158 ms. Found 3 JPA repository interfaces.
2025-12-16 21:16:37 [main] INFO  o.h.jpa.internal.util.LogHelper - HHH000204: Processing PersistenceUnitInfo [name: default]
2025-12-16 21:16:37 [main] INFO  org.hibernate.Version - HHH000412: Hibernate ORM core version 7.1.8.Final
2025-12-16 21:16:39 [main] INFO  o.s.o.j.p.SpringPersistenceUnitInfo - No LoadTimeWeaver setup: ignoring JPA class transformer
2025-12-16 21:16:39 [main] INFO  com.zaxxer.hikari.HikariDataSource - HikariPool-1 - Starting...
2025-12-16 21:16:39 [main] INFO  com.zaxxer.hikari.pool.HikariPool - HikariPool-1 - Added connection conn0: url=jdbc:h2:./data/coolDatabase user=SA
2025-12-16 21:16:39 [main] INFO  com.zaxxer.hikari.HikariDataSource - HikariPool-1 - Start completed.
2025-12-16 21:16:39 [main] WARN  org.hibernate.orm.deprecation - HHH90000025: H2Dialect does not need to be specified explicitly using 'hibernate.dialect' (remove the property setting and it will be selected by default)
2025-12-16 21:16:39 [main] INFO  o.hibernate.orm.connections.pooling - HHH10001005: Database info:
	Database JDBC URL [jdbc:h2:./data/coolDatabase]
	Database driver: H2 JDBC Driver
	Database dialect: H2Dialect
	Database version: 2.4.240
	Default catalog/schema: COOLDATABASE/PUBLIC
	Autocommit mode: undefined/unknown
	Isolation level: READ_COMMITTED [default READ_COMMITTED]
	JDBC fetch size: 100
	Pool: DatasourceConnectionProviderImpl
	Minimum pool size: undefined/unknown
	Maximum pool size: undefined/unknown
2025-12-16 21:16:41 [main] INFO  o.h.m.i.EntityInstantiatorPojoStandard - HHH000182: No default (no-argument) constructor for class [com.HLPTLab7.ExplorerApp.models.Resource] (class must be instantiated by Interceptor)
2025-12-16 21:16:41 [main] INFO  o.h.m.i.EntityInstantiatorPojoStandard - HHH000182: No default (no-argument) constructor for class [com.HLPTLab7.ExplorerApp.models.User] (class must be instantiated by Interceptor)
2025-12-16 21:16:41 [main] INFO  o.h.m.i.EntityInstantiatorPojoStandard - HHH000182: No default (no-argument) constructor for class [com.HLPTLab7.ExplorerApp.models.Permission] (class must be instantiated by Interceptor)
2025-12-16 21:16:41 [main] INFO  o.h.e.t.j.p.i.JtaPlatformInitiator - HHH000489: No JTA platform available (set 'hibernate.transaction.jta.platform' to enable JTA platform integration)
2025-12-16 21:16:41 [main] INFO  o.s.o.j.LocalContainerEntityManagerFactoryBean - Initialized JPA EntityManagerFactory for persistence unit 'default'
2025-12-16 21:16:42 [main] INFO  o.s.d.j.r.q.QueryEnhancerFactories - Hibernate is in classpath; If applicable, HQL parser will be used.
2025-12-16 21:16:46 [main] INFO  c.H.E.ExplorerAppApplication$Companion - Started ExplorerAppApplication.Companion in 13.65 seconds (process running for 15.083)
2025-12-16 21:16:46 [main] INFO  c.H.E.ExplorerAppApplication - A DEBUG Message
2025-12-16 21:16:47 [main] INFO  c.H.E.ExplorerAppApplication - Выполнение завершено с кодом: 3
2025-12-16 21:16:47 [SpringApplicationShutdownHook] INFO  o.s.o.j.LocalContainerEntityManagerFactoryBean - Closing JPA EntityManagerFactory for persistence unit 'default'
2025-12-16 21:16:47 [SpringApplicationShutdownHook] INFO  com.zaxxer.hikari.HikariDataSource - HikariPool-1 - Shutdown initiated...
2025-12-16 21:16:47 [SpringApplicationShutdownHook] INFO  com.zaxxer.hikari.HikariDataSource - HikariPool-1 - Shutdown completed.
2025-12-16 21:16:50 [main] INFO  c.H.E.ExplorerAppApplication$Companion - Starting ExplorerAppApplication.Companion v0.0.1-SNAPSHOT using Java 17.0.17 with PID 8960 (C:\Users\Stradalec\Documents\GitHub\HLPT-Lab2-\target\ExplorerApp-0.0.1-SNAPSHOT.jar started by Stradalec in C:\Users\Stradalec\Documents\GitHub\HLPT-Lab2-)
2025-12-16 21:16:50 [main] INFO  c.H.E.ExplorerAppApplication$Companion - No active profile set, falling back to 1 default profile: "default"
2025-12-16 21:16:51 [main] INFO  o.s.d.r.c.RepositoryConfigurationDelegate - Bootstrapping Spring Data JPA repositories in DEFAULT mode.
2025-12-16 21:16:51 [main] INFO  o.s.d.r.c.RepositoryConfigurationDelegate - Finished Spring Data repository scanning in 128 ms. Found 3 JPA repository interfaces.
2025-12-16 21:16:53 [main] INFO  o.h.jpa.internal.util.LogHelper - HHH000204: Processing PersistenceUnitInfo [name: default]
2025-12-16 21:16:53 [main] INFO  org.hibernate.Version - HHH000412: Hibernate ORM core version 7.1.8.Final
2025-12-16 21:16:54 [main] INFO  o.s.o.j.p.SpringPersistenceUnitInfo - No LoadTimeWeaver setup: ignoring JPA class transformer
2025-12-16 21:16:54 [main] INFO  com.zaxxer.hikari.HikariDataSource - HikariPool-1 - Starting...
2025-12-16 21:16:55 [main] INFO  com.zaxxer.hikari.pool.HikariPool - HikariPool-1 - Added connection conn0: url=jdbc:h2:./data/coolDatabase user=SA
2025-12-16 21:16:55 [main] INFO  com.zaxxer.hikari.HikariDataSource - HikariPool-1 - Start completed.
2025-12-16 21:16:55 [main] WARN  org.hibernate.orm.deprecation - HHH90000025: H2Dialect does not need to be specified explicitly using 'hibernate.dialect' (remove the property setting and it will be selected by default)
2025-12-16 21:16:55 [main] INFO  o.hibernate.orm.connections.pooling - HHH10001005: Database info:
	Database JDBC URL [jdbc:h2:./data/coolDatabase]
	Database driver: H2 JDBC Driver
	Database dialect: H2Dialect
	Database version: 2.4.240
	Default catalog/schema: COOLDATABASE/PUBLIC
	Autocommit mode: undefined/unknown
	Isolation level: READ_COMMITTED [default READ_COMMITTED]
	JDBC fetch size: 100
	Pool: DatasourceConnectionProviderImpl
	Minimum pool size: undefined/unknown
	Maximum pool size: undefined/unknown
2025-12-16 21:16:56 [main] INFO  o.h.m.i.EntityInstantiatorPojoStandard - HHH000182: No default (no-argument) constructor for class [com.HLPTLab7.ExplorerApp.models.Resource] (class must be instantiated by Interceptor)
2025-12-16 21:16:56 [main] INFO  o.h.m.i.EntityInstantiatorPojoStandard - HHH000182: No default (no-argument) constructor for class [com.HLPTLab7.ExplorerApp.models.User] (class must be instantiated by Interceptor)
2025-12-16 21:16:56 [main] INFO  o.h.m.i.EntityInstantiatorPojoStandard - HHH000182: No default (no-argument) constructor for class [com.HLPTLab7.ExplorerApp.models.Permission] (class must be instantiated by Interceptor)
2025-12-16 21:16:57 [main] INFO  o.h.e.t.j.p.i.JtaPlatformInitiator - HHH000489: No JTA platform available (set 'hibernate.transaction.jta.platform' to enable JTA platform integration)
2025-12-16 21:16:57 [main] INFO  o.s.o.j.LocalContainerEntityManagerFactoryBean - Initialized JPA EntityManagerFactory for persistence unit 'default'
2025-12-16 21:16:57 [main] INFO  o.s.d.j.r.q.QueryEnhancerFactories - Hibernate is in classpath; If applicable, HQL parser will be used.
2025-12-16 21:17:02 [main] INFO  c.H.E.ExplorerAppApplication$Companion - Started ExplorerAppApplication.Companion in 13.23 seconds (process running for 14.715)
2025-12-16 21:17:02 [main] INFO  c.H.E.ExplorerAppApplication - A DEBUG Message
2025-12-16 21:17:02 [main] INFO  c.H.E.ExplorerAppApplication - Выполнение завершено с кодом: 3
2025-12-16 21:17:02 [SpringApplicationShutdownHook] INFO  o.s.o.j.LocalContainerEntityManagerFactoryBean - Closing JPA EntityManagerFactory for persistence unit 'default'
2025-12-16 21:17:02 [SpringApplicationShutdownHook] INFO  com.zaxxer.hikari.HikariDataSource - HikariPool-1 - Shutdown initiated...
2025-12-16 21:17:03 [SpringApplicationShutdownHook] INFO  com.zaxxer.hikari.HikariDataSource - HikariPool-1 - Shutdown completed.
2025-12-16 21:17:06 [main] INFO  c.H.E.ExplorerAppApplication$Companion - Starting ExplorerAppApplication.Companion v0.0.1-SNAPSHOT using Java 17.0.17 with PID 19332 (C:\Users\Stradalec\Documents\GitHub\HLPT-Lab2-\target\ExplorerApp-0.0.1-SNAPSHOT.jar started by Stradalec in C:\Users\Stradalec\Documents\GitHub\HLPT-Lab2-)
2025-12-16 21:17:06 [main] INFO  c.H.E.ExplorerAppApplication$Companion - No active profile set, falling back to 1 default profile: "default"
2025-12-16 21:17:07 [main] INFO  o.s.d.r.c.RepositoryConfigurationDelegate - Bootstrapping Spring Data JPA repositories in DEFAULT mode.
2025-12-16 21:17:07 [main] INFO  o.s.d.r.c.RepositoryConfigurationDelegate - Finished Spring Data repository scanning in 119 ms. Found 3 JPA repository interfaces.
2025-12-16 21:17:08 [main] INFO  o.h.jpa.internal.util.LogHelper - HHH000204: Processing PersistenceUnitInfo [name: default]
2025-12-16 21:17:09 [main] INFO  org.hibernate.Version - HHH000412: Hibernate ORM core version 7.1.8.Final
2025-12-16 21:17:10 [main] INFO  o.s.o.j.p.SpringPersistenceUnitInfo - No LoadTimeWeaver setup: ignoring JPA class transformer
2025-12-16 21:17:10 [main] INFO  com.zaxxer.hikari.HikariDataSource - HikariPool-1 - Starting...
2025-12-16 21:17:11 [main] INFO  com.zaxxer.hikari.pool.HikariPool - HikariPool-1 - Added connection conn0: url=jdbc:h2:./data/coolDatabase user=SA
2025-12-16 21:17:11 [main] INFO  com.zaxxer.hikari.HikariDataSource - HikariPool-1 - Start completed.
2025-12-16 21:17:11 [main] WARN  org.hibernate.orm.deprecation - HHH90000025: H2Dialect does not need to be specified explicitly using 'hibernate.dialect' (remove the property setting and it will be selected by default)
2025-12-16 21:17:11 [main] INFO  o.hibernate.orm.connections.pooling - HHH10001005: Database info:
	Database JDBC URL [jdbc:h2:./data/coolDatabase]
	Database driver: H2 JDBC Driver
	Database dialect: H2Dialect
	Database version: 2.4.240
	Default catalog/schema: COOLDATABASE/PUBLIC
	Autocommit mode: undefined/unknown
	Isolation level: READ_COMMITTED [default READ_COMMITTED]
	JDBC fetch size: 100
	Pool: DatasourceConnectionProviderImpl
	Minimum pool size: undefined/unknown
	Maximum pool size: undefined/unknown
2025-12-16 21:17:12 [main] INFO  o.h.m.i.EntityInstantiatorPojoStandard - HHH000182: No default (no-argument) constructor for class [com.HLPTLab7.ExplorerApp.models.Resource] (class must be instantiated by Interceptor)
2025-12-16 21:17:12 [main] INFO  o.h.m.i.EntityInstantiatorPojoStandard - HHH000182: No default (no-argument) constructor for class [com.HLPTLab7.ExplorerApp.models.User] (class must be instantiated by Interceptor)
2025-12-16 21:17:12 [main] INFO  o.h.m.i.EntityInstantiatorPojoStandard - HHH000182: No default (no-argument) constructor for class [com.HLPTLab7.ExplorerApp.models.Permission] (class must be instantiated by Interceptor)
2025-12-16 21:17:13 [main] INFO  o.h.e.t.j.p.i.JtaPlatformInitiator - HHH000489: No JTA platform available (set 'hibernate.transaction.jta.platform' to enable JTA platform integration)
2025-12-16 21:17:13 [main] INFO  o.s.o.j.LocalContainerEntityManagerFactoryBean - Initialized JPA EntityManagerFactory for persistence unit 'default'
2025-12-16 21:17:13 [main] INFO  o.s.d.j.r.q.QueryEnhancerFactories - Hibernate is in classpath; If applicable, HQL parser will be used.
2025-12-16 21:17:18 [main] INFO  c.H.E.ExplorerAppApplication$Companion - Started ExplorerAppApplication.Companion in 13.433 seconds (process running for 14.883)
2025-12-16 21:17:18 [main] INFO  c.H.E.ExplorerAppApplication - A DEBUG Message
2025-12-16 21:17:18 [main] INFO  c.H.E.ExplorerAppApplication - Выполнение завершено с кодом: 4
2025-12-16 21:17:18 [SpringApplicationShutdownHook] INFO  o.s.o.j.LocalContainerEntityManagerFactoryBean - Closing JPA EntityManagerFactory for persistence unit 'default'
2025-12-16 21:17:18 [SpringApplicationShutdownHook] INFO  com.zaxxer.hikari.HikariDataSource - HikariPool-1 - Shutdown initiated...
2025-12-16 21:17:18 [SpringApplicationShutdownHook] INFO  com.zaxxer.hikari.HikariDataSource - HikariPool-1 - Shutdown completed.
2025-12-16 21:17:21 [main] INFO  c.H.E.ExplorerAppApplication$Companion - Starting ExplorerAppApplication.Companion v0.0.1-SNAPSHOT using Java 17.0.17 with PID 5684 (C:\Users\Stradalec\Documents\GitHub\HLPT-Lab2-\target\ExplorerApp-0.0.1-SNAPSHOT.jar started by Stradalec in C:\Users\Stradalec\Documents\GitHub\HLPT-Lab2-)
2025-12-16 21:17:21 [main] INFO  c.H.E.ExplorerAppApplication$Companion - No active profile set, falling back to 1 default profile: "default"
2025-12-16 21:17:22 [main] INFO  o.s.d.r.c.RepositoryConfigurationDelegate - Bootstrapping Spring Data JPA repositories in DEFAULT mode.
2025-12-16 21:17:23 [main] INFO  o.s.d.r.c.RepositoryConfigurationDelegate - Finished Spring Data repository scanning in 108 ms. Found 3 JPA repository interfaces.
2025-12-16 21:17:24 [main] INFO  o.h.jpa.internal.util.LogHelper - HHH000204: Processing PersistenceUnitInfo [name: default]
2025-12-16 21:17:24 [main] INFO  org.hibernate.Version - HHH000412: Hibernate ORM core version 7.1.8.Final
2025-12-16 21:17:25 [main] INFO  o.s.o.j.p.SpringPersistenceUnitInfo - No LoadTimeWeaver setup: ignoring JPA class transformer
2025-12-16 21:17:25 [main] INFO  com.zaxxer.hikari.HikariDataSource - HikariPool-1 - Starting...
2025-12-16 21:17:26 [main] INFO  com.zaxxer.hikari.pool.HikariPool - HikariPool-1 - Added connection conn0: url=jdbc:h2:./data/coolDatabase user=SA
2025-12-16 21:17:26 [main] INFO  com.zaxxer.hikari.HikariDataSource - HikariPool-1 - Start completed.
2025-12-16 21:17:26 [main] WARN  org.hibernate.orm.deprecation - HHH90000025: H2Dialect does not need to be specified explicitly using 'hibernate.dialect' (remove the property setting and it will be selected by default)
2025-12-16 21:17:26 [main] INFO  o.hibernate.orm.connections.pooling - HHH10001005: Database info:
	Database JDBC URL [jdbc:h2:./data/coolDatabase]
	Database driver: H2 JDBC Driver
	Database dialect: H2Dialect
	Database version: 2.4.240
	Default catalog/schema: COOLDATABASE/PUBLIC
	Autocommit mode: undefined/unknown
	Isolation level: READ_COMMITTED [default READ_COMMITTED]
	JDBC fetch size: 100
	Pool: DatasourceConnectionProviderImpl
	Minimum pool size: undefined/unknown
	Maximum pool size: undefined/unknown
2025-12-16 21:17:28 [main] INFO  o.h.m.i.EntityInstantiatorPojoStandard - HHH000182: No default (no-argument) constructor for class [com.HLPTLab7.ExplorerApp.models.Resource] (class must be instantiated by Interceptor)
2025-12-16 21:17:28 [main] INFO  o.h.m.i.EntityInstantiatorPojoStandard - HHH000182: No default (no-argument) constructor for class [com.HLPTLab7.ExplorerApp.models.User] (class must be instantiated by Interceptor)
2025-12-16 21:17:28 [main] INFO  o.h.m.i.EntityInstantiatorPojoStandard - HHH000182: No default (no-argument) constructor for class [com.HLPTLab7.ExplorerApp.models.Permission] (class must be instantiated by Interceptor)
2025-12-16 21:17:28 [main] INFO  o.h.e.t.j.p.i.JtaPlatformInitiator - HHH000489: No JTA platform available (set 'hibernate.transaction.jta.platform' to enable JTA platform integration)
2025-12-16 21:17:28 [main] INFO  o.s.o.j.LocalContainerEntityManagerFactoryBean - Initialized JPA EntityManagerFactory for persistence unit 'default'
2025-12-16 21:17:29 [main] INFO  o.s.d.j.r.q.QueryEnhancerFactories - Hibernate is in classpath; If applicable, HQL parser will be used.
2025-12-16 21:17:33 [main] INFO  c.H.E.ExplorerAppApplication$Companion - Started ExplorerAppApplication.Companion in 13.214 seconds (process running for 14.586)
2025-12-16 21:17:33 [main] INFO  c.H.E.ExplorerAppApplication - A DEBUG Message
2025-12-16 21:17:34 [main] INFO  c.H.E.ExplorerAppApplication - Выполнение завершено с кодом: 3
2025-12-16 21:17:34 [SpringApplicationShutdownHook] INFO  o.s.o.j.LocalContainerEntityManagerFactoryBean - Closing JPA EntityManagerFactory for persistence unit 'default'
2025-12-16 21:17:34 [SpringApplicationShutdownHook] INFO  com.zaxxer.hikari.HikariDataSource - HikariPool-1 - Shutdown initiated...
2025-12-16 21:17:34 [SpringApplicationShutdownHook] INFO  com.zaxxer.hikari.HikariDataSource - HikariPool-1 - Shutdown completed.
2025-12-16 21:17:37 [main] INFO  c.H.E.ExplorerAppApplication$Companion - Starting ExplorerAppApplication.Companion v0.0.1-SNAPSHOT using Java 17.0.17 with PID 18272 (C:\Users\Stradalec\Documents\GitHub\HLPT-Lab2-\target\ExplorerApp-0.0.1-SNAPSHOT.jar started by Stradalec in C:\Users\Stradalec\Documents\GitHub\HLPT-Lab2-)
2025-12-16 21:17:37 [main] INFO  c.H.E.ExplorerAppApplication$Companion - No active profile set, falling back to 1 default profile: "default"
2025-12-16 21:17:38 [main] INFO  o.s.d.r.c.RepositoryConfigurationDelegate - Bootstrapping Spring Data JPA repositories in DEFAULT mode.
2025-12-16 21:17:39 [main] INFO  o.s.d.r.c.RepositoryConfigurationDelegate - Finished Spring Data repository scanning in 130 ms. Found 3 JPA repository interfaces.
2025-12-16 21:17:40 [main] INFO  o.h.jpa.internal.util.LogHelper - HHH000204: Processing PersistenceUnitInfo [name: default]
2025-12-16 21:17:40 [main] INFO  org.hibernate.Version - HHH000412: Hibernate ORM core version 7.1.8.Final
2025-12-16 21:17:42 [main] INFO  o.s.o.j.p.SpringPersistenceUnitInfo - No LoadTimeWeaver setup: ignoring JPA class transformer
2025-12-16 21:17:42 [main] INFO  com.zaxxer.hikari.HikariDataSource - HikariPool-1 - Starting...
2025-12-16 21:17:42 [main] INFO  com.zaxxer.hikari.pool.HikariPool - HikariPool-1 - Added connection conn0: url=jdbc:h2:./data/coolDatabase user=SA
2025-12-16 21:17:42 [main] INFO  com.zaxxer.hikari.HikariDataSource - HikariPool-1 - Start completed.
2025-12-16 21:17:42 [main] WARN  org.hibernate.orm.deprecation - HHH90000025: H2Dialect does not need to be specified explicitly using 'hibernate.dialect' (remove the property setting and it will be selected by default)
2025-12-16 21:17:42 [main] INFO  o.hibernate.orm.connections.pooling - HHH10001005: Database info:
	Database JDBC URL [jdbc:h2:./data/coolDatabase]
	Database driver: H2 JDBC Driver
	Database dialect: H2Dialect
	Database version: 2.4.240
	Default catalog/schema: COOLDATABASE/PUBLIC
	Autocommit mode: undefined/unknown
	Isolation level: READ_COMMITTED [default READ_COMMITTED]
	JDBC fetch size: 100
	Pool: DatasourceConnectionProviderImpl
	Minimum pool size: undefined/unknown
	Maximum pool size: undefined/unknown
2025-12-16 21:17:44 [main] INFO  o.h.m.i.EntityInstantiatorPojoStandard - HHH000182: No default (no-argument) constructor for class [com.HLPTLab7.ExplorerApp.models.Resource] (class must be instantiated by Interceptor)
2025-12-16 21:17:44 [main] INFO  o.h.m.i.EntityInstantiatorPojoStandard - HHH000182: No default (no-argument) constructor for class [com.HLPTLab7.ExplorerApp.models.User] (class must be instantiated by Interceptor)
2025-12-16 21:17:44 [main] INFO  o.h.m.i.EntityInstantiatorPojoStandard - HHH000182: No default (no-argument) constructor for class [com.HLPTLab7.ExplorerApp.models.Permission] (class must be instantiated by Interceptor)
2025-12-16 21:17:44 [main] INFO  o.h.e.t.j.p.i.JtaPlatformInitiator - HHH000489: No JTA platform available (set 'hibernate.transaction.jta.platform' to enable JTA platform integration)
2025-12-16 21:17:44 [main] INFO  o.s.o.j.LocalContainerEntityManagerFactoryBean - Initialized JPA EntityManagerFactory for persistence unit 'default'
2025-12-16 21:17:45 [main] INFO  o.s.d.j.r.q.QueryEnhancerFactories - Hibernate is in classpath; If applicable, HQL parser will be used.
2025-12-16 21:17:49 [main] INFO  c.H.E.ExplorerAppApplication$Companion - Started ExplorerAppApplication.Companion in 13.245 seconds (process running for 14.695)
2025-12-16 21:17:49 [main] INFO  c.H.E.ExplorerAppApplication - A DEBUG Message
2025-12-16 21:17:49 [main] INFO  c.H.E.ExplorerAppApplication - Выполнение завершено с кодом: 3
2025-12-16 21:17:49 [SpringApplicationShutdownHook] INFO  o.s.o.j.LocalContainerEntityManagerFactoryBean - Closing JPA EntityManagerFactory for persistence unit 'default'
2025-12-16 21:17:49 [SpringApplicationShutdownHook] INFO  com.zaxxer.hikari.HikariDataSource - HikariPool-1 - Shutdown initiated...
2025-12-16 21:17:49 [SpringApplicationShutdownHook] INFO  com.zaxxer.hikari.HikariDataSource - HikariPool-1 - Shutdown completed.
2025-12-16 21:17:53 [main] INFO  c.H.E.ExplorerAppApplication$Companion - Starting ExplorerAppApplication.Companion v0.0.1-SNAPSHOT using Java 17.0.17 with PID 14856 (C:\Users\Stradalec\Documents\GitHub\HLPT-Lab2-\target\ExplorerApp-0.0.1-SNAPSHOT.jar started by Stradalec in C:\Users\Stradalec\Documents\GitHub\HLPT-Lab2-)
2025-12-16 21:17:53 [main] INFO  c.H.E.ExplorerAppApplication$Companion - No active profile set, falling back to 1 default profile: "default"
2025-12-16 21:17:54 [main] INFO  o.s.d.r.c.RepositoryConfigurationDelegate - Bootstrapping Spring Data JPA repositories in DEFAULT mode.
2025-12-16 21:17:54 [main] INFO  o.s.d.r.c.RepositoryConfigurationDelegate - Finished Spring Data repository scanning in 130 ms. Found 3 JPA repository interfaces.
2025-12-16 21:17:55 [main] INFO  o.h.jpa.internal.util.LogHelper - HHH000204: Processing PersistenceUnitInfo [name: default]
2025-12-16 21:17:55 [main] INFO  org.hibernate.Version - HHH000412: Hibernate ORM core version 7.1.8.Final
2025-12-16 21:17:56 [main] INFO  o.s.o.j.p.SpringPersistenceUnitInfo - No LoadTimeWeaver setup: ignoring JPA class transformer
2025-12-16 21:17:56 [main] INFO  com.zaxxer.hikari.HikariDataSource - HikariPool-1 - Starting...
2025-12-16 21:17:57 [main] INFO  com.zaxxer.hikari.pool.HikariPool - HikariPool-1 - Added connection conn0: url=jdbc:h2:./data/coolDatabase user=SA
2025-12-16 21:17:57 [main] INFO  com.zaxxer.hikari.HikariDataSource - HikariPool-1 - Start completed.
2025-12-16 21:17:57 [main] WARN  org.hibernate.orm.deprecation - HHH90000025: H2Dialect does not need to be specified explicitly using 'hibernate.dialect' (remove the property setting and it will be selected by default)
2025-12-16 21:17:57 [main] INFO  o.hibernate.orm.connections.pooling - HHH10001005: Database info:
	Database JDBC URL [jdbc:h2:./data/coolDatabase]
	Database driver: H2 JDBC Driver
	Database dialect: H2Dialect
	Database version: 2.4.240
	Default catalog/schema: COOLDATABASE/PUBLIC
	Autocommit mode: undefined/unknown
	Isolation level: READ_COMMITTED [default READ_COMMITTED]
	JDBC fetch size: 100
	Pool: DatasourceConnectionProviderImpl
	Minimum pool size: undefined/unknown
	Maximum pool size: undefined/unknown
2025-12-16 21:17:58 [main] INFO  o.h.m.i.EntityInstantiatorPojoStandard - HHH000182: No default (no-argument) constructor for class [com.HLPTLab7.ExplorerApp.models.Resource] (class must be instantiated by Interceptor)
2025-12-16 21:17:58 [main] INFO  o.h.m.i.EntityInstantiatorPojoStandard - HHH000182: No default (no-argument) constructor for class [com.HLPTLab7.ExplorerApp.models.User] (class must be instantiated by Interceptor)
2025-12-16 21:17:58 [main] INFO  o.h.m.i.EntityInstantiatorPojoStandard - HHH000182: No default (no-argument) constructor for class [com.HLPTLab7.ExplorerApp.models.Permission] (class must be instantiated by Interceptor)
2025-12-16 21:17:58 [main] INFO  o.h.e.t.j.p.i.JtaPlatformInitiator - HHH000489: No JTA platform available (set 'hibernate.transaction.jta.platform' to enable JTA platform integration)
2025-12-16 21:17:59 [main] INFO  o.s.o.j.LocalContainerEntityManagerFactoryBean - Initialized JPA EntityManagerFactory for persistence unit 'default'
2025-12-16 21:17:59 [main] INFO  o.s.d.j.r.q.QueryEnhancerFactories - Hibernate is in classpath; If applicable, HQL parser will be used.
2025-12-16 21:18:02 [main] INFO  c.H.E.ExplorerAppApplication$Companion - Started ExplorerAppApplication.Companion in 11.352 seconds (process running for 12.865)
2025-12-16 21:18:02 [main] INFO  c.H.E.ExplorerAppApplication - A DEBUG Message
2025-12-16 21:18:02 [main] INFO  c.H.E.ExplorerAppApplication - Выполнение завершено с кодом: 7
2025-12-16 21:18:02 [SpringApplicationShutdownHook] INFO  o.s.o.j.LocalContainerEntityManagerFactoryBean - Closing JPA EntityManagerFactory for persistence unit 'default'
2025-12-16 21:18:02 [SpringApplicationShutdownHook] INFO  com.zaxxer.hikari.HikariDataSource - HikariPool-1 - Shutdown initiated...
2025-12-16 21:18:03 [SpringApplicationShutdownHook] INFO  com.zaxxer.hikari.HikariDataSource - HikariPool-1 - Shutdown completed.
2025-12-16 21:18:05 [main] INFO  c.H.E.ExplorerAppApplication$Companion - Starting ExplorerAppApplication.Companion v0.0.1-SNAPSHOT using Java 17.0.17 with PID 9868 (C:\Users\Stradalec\Documents\GitHub\HLPT-Lab2-\target\ExplorerApp-0.0.1-SNAPSHOT.jar started by Stradalec in C:\Users\Stradalec\Documents\GitHub\HLPT-Lab2-)
2025-12-16 21:18:05 [main] INFO  c.H.E.ExplorerAppApplication$Companion - No active profile set, falling back to 1 default profile: "default"
2025-12-16 21:18:06 [main] INFO  o.s.d.r.c.RepositoryConfigurationDelegate - Bootstrapping Spring Data JPA repositories in DEFAULT mode.
2025-12-16 21:18:06 [main] INFO  o.s.d.r.c.RepositoryConfigurationDelegate - Finished Spring Data repository scanning in 100 ms. Found 3 JPA repository interfaces.
2025-12-16 21:18:07 [main] INFO  o.h.jpa.internal.util.LogHelper - HHH000204: Processing PersistenceUnitInfo [name: default]
2025-12-16 21:18:08 [main] INFO  org.hibernate.Version - HHH000412: Hibernate ORM core version 7.1.8.Final
2025-12-16 21:18:09 [main] INFO  o.s.o.j.p.SpringPersistenceUnitInfo - No LoadTimeWeaver setup: ignoring JPA class transformer
2025-12-16 21:18:09 [main] INFO  com.zaxxer.hikari.HikariDataSource - HikariPool-1 - Starting...
2025-12-16 21:18:09 [main] INFO  com.zaxxer.hikari.pool.HikariPool - HikariPool-1 - Added connection conn0: url=jdbc:h2:./data/coolDatabase user=SA
2025-12-16 21:18:09 [main] INFO  com.zaxxer.hikari.HikariDataSource - HikariPool-1 - Start completed.
2025-12-16 21:18:09 [main] WARN  org.hibernate.orm.deprecation - HHH90000025: H2Dialect does not need to be specified explicitly using 'hibernate.dialect' (remove the property setting and it will be selected by default)
2025-12-16 21:18:09 [main] INFO  o.hibernate.orm.connections.pooling - HHH10001005: Database info:
	Database JDBC URL [jdbc:h2:./data/coolDatabase]
	Database driver: H2 JDBC Driver
	Database dialect: H2Dialect
	Database version: 2.4.240
	Default catalog/schema: COOLDATABASE/PUBLIC
	Autocommit mode: undefined/unknown
	Isolation level: READ_COMMITTED [default READ_COMMITTED]
	JDBC fetch size: 100
	Pool: DatasourceConnectionProviderImpl
	Minimum pool size: undefined/unknown
	Maximum pool size: undefined/unknown
2025-12-16 21:18:11 [main] INFO  o.h.m.i.EntityInstantiatorPojoStandard - HHH000182: No default (no-argument) constructor for class [com.HLPTLab7.ExplorerApp.models.Resource] (class must be instantiated by Interceptor)
2025-12-16 21:18:11 [main] INFO  o.h.m.i.EntityInstantiatorPojoStandard - HHH000182: No default (no-argument) constructor for class [com.HLPTLab7.ExplorerApp.models.User] (class must be instantiated by Interceptor)
2025-12-16 21:18:11 [main] INFO  o.h.m.i.EntityInstantiatorPojoStandard - HHH000182: No default (no-argument) constructor for class [com.HLPTLab7.ExplorerApp.models.Permission] (class must be instantiated by Interceptor)
2025-12-16 21:18:11 [main] INFO  o.h.e.t.j.p.i.JtaPlatformInitiator - HHH000489: No JTA platform available (set 'hibernate.transaction.jta.platform' to enable JTA platform integration)
2025-12-16 21:18:11 [main] INFO  o.s.o.j.LocalContainerEntityManagerFactoryBean - Initialized JPA EntityManagerFactory for persistence unit 'default'
2025-12-16 21:18:12 [main] INFO  o.s.d.j.r.q.QueryEnhancerFactories - Hibernate is in classpath; If applicable, HQL parser will be used.
2025-12-16 21:18:15 [main] INFO  c.H.E.ExplorerAppApplication$Companion - Started ExplorerAppApplication.Companion in 10.762 seconds (process running for 11.9)
2025-12-16 21:18:15 [main] INFO  c.H.E.ExplorerAppApplication - A DEBUG Message
2025-12-16 21:18:15 [main] INFO  c.H.E.ExplorerAppApplication - Выполнение завершено с кодом: 3
2025-12-16 21:18:15 [SpringApplicationShutdownHook] INFO  o.s.o.j.LocalContainerEntityManagerFactoryBean - Closing JPA EntityManagerFactory for persistence unit 'default'
2025-12-16 21:18:15 [SpringApplicationShutdownHook] INFO  com.zaxxer.hikari.HikariDataSource - HikariPool-1 - Shutdown initiated...
2025-12-16 21:18:15 [SpringApplicationShutdownHook] INFO  com.zaxxer.hikari.HikariDataSource - HikariPool-1 - Shutdown completed.
2025-12-16 21:31:32 [main] INFO  c.H.E.ExplorerAppApplication$Companion - Starting ExplorerAppApplication.Companion v0.0.1-SNAPSHOT using Java 17.0.17 with PID 7652 (C:\Users\Stradalec\Documents\GitHub\HLPT-Lab2-\target\ExplorerApp-0.0.1-SNAPSHOT.jar started by Stradalec in C:\Users\Stradalec\Documents\GitHub\HLPT-Lab2-)
2025-12-16 21:31:32 [main] INFO  c.H.E.ExplorerAppApplication$Companion - No active profile set, falling back to 1 default profile: "default"
2025-12-16 21:31:33 [main] INFO  o.s.d.r.c.RepositoryConfigurationDelegate - Bootstrapping Spring Data JPA repositories in DEFAULT mode.
2025-12-16 21:31:33 [main] INFO  o.s.d.r.c.RepositoryConfigurationDelegate - Finished Spring Data repository scanning in 97 ms. Found 3 JPA repository interfaces.
2025-12-16 21:31:34 [main] INFO  o.h.jpa.internal.util.LogHelper - HHH000204: Processing PersistenceUnitInfo [name: default]
2025-12-16 21:31:34 [main] INFO  org.hibernate.Version - HHH000412: Hibernate ORM core version 7.1.8.Final
2025-12-16 21:31:36 [main] INFO  o.s.o.j.p.SpringPersistenceUnitInfo - No LoadTimeWeaver setup: ignoring JPA class transformer
2025-12-16 21:31:36 [main] INFO  com.zaxxer.hikari.HikariDataSource - HikariPool-1 - Starting...
2025-12-16 21:31:36 [main] INFO  com.zaxxer.hikari.pool.HikariPool - HikariPool-1 - Added connection conn0: url=jdbc:h2:./data/coolDatabase user=SA
2025-12-16 21:31:36 [main] INFO  com.zaxxer.hikari.HikariDataSource - HikariPool-1 - Start completed.
2025-12-16 21:31:36 [main] WARN  org.hibernate.orm.deprecation - HHH90000025: H2Dialect does not need to be specified explicitly using 'hibernate.dialect' (remove the property setting and it will be selected by default)
2025-12-16 21:31:36 [main] INFO  o.hibernate.orm.connections.pooling - HHH10001005: Database info:
	Database JDBC URL [jdbc:h2:./data/coolDatabase]
	Database driver: H2 JDBC Driver
	Database dialect: H2Dialect
	Database version: 2.4.240
	Default catalog/schema: COOLDATABASE/PUBLIC
	Autocommit mode: undefined/unknown
	Isolation level: READ_COMMITTED [default READ_COMMITTED]
	JDBC fetch size: 100
	Pool: DatasourceConnectionProviderImpl
	Minimum pool size: undefined/unknown
	Maximum pool size: undefined/unknown
2025-12-16 21:31:37 [main] INFO  o.h.m.i.EntityInstantiatorPojoStandard - HHH000182: No default (no-argument) constructor for class [com.HLPTLab7.ExplorerApp.models.Resource] (class must be instantiated by Interceptor)
2025-12-16 21:31:37 [main] INFO  o.h.m.i.EntityInstantiatorPojoStandard - HHH000182: No default (no-argument) constructor for class [com.HLPTLab7.ExplorerApp.models.User] (class must be instantiated by Interceptor)
2025-12-16 21:31:37 [main] INFO  o.h.m.i.EntityInstantiatorPojoStandard - HHH000182: No default (no-argument) constructor for class [com.HLPTLab7.ExplorerApp.models.Permission] (class must be instantiated by Interceptor)
2025-12-16 21:31:38 [main] INFO  o.h.e.t.j.p.i.JtaPlatformInitiator - HHH000489: No JTA platform available (set 'hibernate.transaction.jta.platform' to enable JTA platform integration)
2025-12-16 21:31:38 [main] INFO  o.s.o.j.LocalContainerEntityManagerFactoryBean - Initialized JPA EntityManagerFactory for persistence unit 'default'
2025-12-16 21:31:38 [main] INFO  o.s.d.j.r.q.QueryEnhancerFactories - Hibernate is in classpath; If applicable, HQL parser will be used.
2025-12-16 21:31:42 [main] INFO  c.H.E.ExplorerAppApplication$Companion - Started ExplorerAppApplication.Companion in 11.169 seconds (process running for 12.272)
2025-12-16 21:31:42 [main] INFO  c.H.E.ExplorerAppApplication - A DEBUG Message
2025-12-16 21:31:43 [main] INFO  c.H.E.ExplorerAppApplication - Выполнение завершено с кодом: 3
2025-12-16 21:31:43 [SpringApplicationShutdownHook] INFO  o.s.o.j.LocalContainerEntityManagerFactoryBean - Closing JPA EntityManagerFactory for persistence unit 'default'
2025-12-16 21:31:43 [SpringApplicationShutdownHook] INFO  com.zaxxer.hikari.HikariDataSource - HikariPool-1 - Shutdown initiated...
2025-12-16 21:31:43 [SpringApplicationShutdownHook] INFO  com.zaxxer.hikari.HikariDataSource - HikariPool-1 - Shutdown completed.
2025-12-16 21:31:45 [main] INFO  c.H.E.ExplorerAppApplication$Companion - Starting ExplorerAppApplication.Companion v0.0.1-SNAPSHOT using Java 17.0.17 with PID 18420 (C:\Users\Stradalec\Documents\GitHub\HLPT-Lab2-\target\ExplorerApp-0.0.1-SNAPSHOT.jar started by Stradalec in C:\Users\Stradalec\Documents\GitHub\HLPT-Lab2-)
2025-12-16 21:31:45 [main] INFO  c.H.E.ExplorerAppApplication$Companion - No active profile set, falling back to 1 default profile: "default"
2025-12-16 21:31:47 [main] INFO  o.s.d.r.c.RepositoryConfigurationDelegate - Bootstrapping Spring Data JPA repositories in DEFAULT mode.
2025-12-16 21:31:47 [main] INFO  o.s.d.r.c.RepositoryConfigurationDelegate - Finished Spring Data repository scanning in 104 ms. Found 3 JPA repository interfaces.
2025-12-16 21:31:48 [main] INFO  o.h.jpa.internal.util.LogHelper - HHH000204: Processing PersistenceUnitInfo [name: default]
2025-12-16 21:31:48 [main] INFO  org.hibernate.Version - HHH000412: Hibernate ORM core version 7.1.8.Final
2025-12-16 21:31:49 [main] INFO  o.s.o.j.p.SpringPersistenceUnitInfo - No LoadTimeWeaver setup: ignoring JPA class transformer
2025-12-16 21:31:49 [main] INFO  com.zaxxer.hikari.HikariDataSource - HikariPool-1 - Starting...
2025-12-16 21:31:50 [main] INFO  com.zaxxer.hikari.pool.HikariPool - HikariPool-1 - Added connection conn0: url=jdbc:h2:./data/coolDatabase user=SA
2025-12-16 21:31:50 [main] INFO  com.zaxxer.hikari.HikariDataSource - HikariPool-1 - Start completed.
2025-12-16 21:31:50 [main] WARN  org.hibernate.orm.deprecation - HHH90000025: H2Dialect does not need to be specified explicitly using 'hibernate.dialect' (remove the property setting and it will be selected by default)
2025-12-16 21:31:50 [main] INFO  o.hibernate.orm.connections.pooling - HHH10001005: Database info:
	Database JDBC URL [jdbc:h2:./data/coolDatabase]
	Database driver: H2 JDBC Driver
	Database dialect: H2Dialect
	Database version: 2.4.240
	Default catalog/schema: COOLDATABASE/PUBLIC
	Autocommit mode: undefined/unknown
	Isolation level: READ_COMMITTED [default READ_COMMITTED]
	JDBC fetch size: 100
	Pool: DatasourceConnectionProviderImpl
	Minimum pool size: undefined/unknown
	Maximum pool size: undefined/unknown
2025-12-16 21:31:51 [main] INFO  o.h.m.i.EntityInstantiatorPojoStandard - HHH000182: No default (no-argument) constructor for class [com.HLPTLab7.ExplorerApp.models.Resource] (class must be instantiated by Interceptor)
2025-12-16 21:31:51 [main] INFO  o.h.m.i.EntityInstantiatorPojoStandard - HHH000182: No default (no-argument) constructor for class [com.HLPTLab7.ExplorerApp.models.User] (class must be instantiated by Interceptor)
2025-12-16 21:31:51 [main] INFO  o.h.m.i.EntityInstantiatorPojoStandard - HHH000182: No default (no-argument) constructor for class [com.HLPTLab7.ExplorerApp.models.Permission] (class must be instantiated by Interceptor)
2025-12-16 21:31:51 [main] INFO  o.h.e.t.j.p.i.JtaPlatformInitiator - HHH000489: No JTA platform available (set 'hibernate.transaction.jta.platform' to enable JTA platform integration)
2025-12-16 21:31:51 [main] INFO  o.s.o.j.LocalContainerEntityManagerFactoryBean - Initialized JPA EntityManagerFactory for persistence unit 'default'
2025-12-16 21:31:52 [main] INFO  o.s.d.j.r.q.QueryEnhancerFactories - Hibernate is in classpath; If applicable, HQL parser will be used.
2025-12-16 21:31:55 [main] INFO  c.H.E.ExplorerAppApplication$Companion - Started ExplorerAppApplication.Companion in 10.784 seconds (process running for 11.963)
2025-12-16 21:31:55 [main] INFO  c.H.E.ExplorerAppApplication - A DEBUG Message
2025-12-16 21:31:55 [SpringApplicationShutdownHook] INFO  o.s.o.j.LocalContainerEntityManagerFactoryBean - Closing JPA EntityManagerFactory for persistence unit 'default'
2025-12-16 21:31:55 [SpringApplicationShutdownHook] INFO  com.zaxxer.hikari.HikariDataSource - HikariPool-1 - Shutdown initiated...
2025-12-16 21:31:55 [SpringApplicationShutdownHook] INFO  com.zaxxer.hikari.HikariDataSource - HikariPool-1 - Shutdown completed.
2025-12-16 21:31:58 [main] INFO  c.H.E.ExplorerAppApplication$Companion - Starting ExplorerAppApplication.Companion v0.0.1-SNAPSHOT using Java 17.0.17 with PID 17964 (C:\Users\Stradalec\Documents\GitHub\HLPT-Lab2-\target\ExplorerApp-0.0.1-SNAPSHOT.jar started by Stradalec in C:\Users\Stradalec\Documents\GitHub\HLPT-Lab2-)
2025-12-16 21:31:58 [main] INFO  c.H.E.ExplorerAppApplication$Companion - No active profile set, falling back to 1 default profile: "default"
2025-12-16 21:31:59 [main] INFO  o.s.d.r.c.RepositoryConfigurationDelegate - Bootstrapping Spring Data JPA repositories in DEFAULT mode.
2025-12-16 21:31:59 [main] INFO  o.s.d.r.c.RepositoryConfigurationDelegate - Finished Spring Data repository scanning in 89 ms. Found 3 JPA repository interfaces.
2025-12-16 21:32:00 [main] INFO  o.h.jpa.internal.util.LogHelper - HHH000204: Processing PersistenceUnitInfo [name: default]
2025-12-16 21:32:00 [main] INFO  org.hibernate.Version - HHH000412: Hibernate ORM core version 7.1.8.Final
2025-12-16 21:32:01 [main] INFO  o.s.o.j.p.SpringPersistenceUnitInfo - No LoadTimeWeaver setup: ignoring JPA class transformer
2025-12-16 21:32:01 [main] INFO  com.zaxxer.hikari.HikariDataSource - HikariPool-1 - Starting...
2025-12-16 21:32:02 [main] INFO  com.zaxxer.hikari.pool.HikariPool - HikariPool-1 - Added connection conn0: url=jdbc:h2:./data/coolDatabase user=SA
2025-12-16 21:32:02 [main] INFO  com.zaxxer.hikari.HikariDataSource - HikariPool-1 - Start completed.
2025-12-16 21:32:02 [main] WARN  org.hibernate.orm.deprecation - HHH90000025: H2Dialect does not need to be specified explicitly using 'hibernate.dialect' (remove the property setting and it will be selected by default)
2025-12-16 21:32:02 [main] INFO  o.hibernate.orm.connections.pooling - HHH10001005: Database info:
	Database JDBC URL [jdbc:h2:./data/coolDatabase]
	Database driver: H2 JDBC Driver
	Database dialect: H2Dialect
	Database version: 2.4.240
	Default catalog/schema: COOLDATABASE/PUBLIC
	Autocommit mode: undefined/unknown
	Isolation level: READ_COMMITTED [default READ_COMMITTED]
	JDBC fetch size: 100
	Pool: DatasourceConnectionProviderImpl
	Minimum pool size: undefined/unknown
	Maximum pool size: undefined/unknown
2025-12-16 21:32:03 [main] INFO  o.h.m.i.EntityInstantiatorPojoStandard - HHH000182: No default (no-argument) constructor for class [com.HLPTLab7.ExplorerApp.models.Resource] (class must be instantiated by Interceptor)
2025-12-16 21:32:03 [main] INFO  o.h.m.i.EntityInstantiatorPojoStandard - HHH000182: No default (no-argument) constructor for class [com.HLPTLab7.ExplorerApp.models.User] (class must be instantiated by Interceptor)
2025-12-16 21:32:03 [main] INFO  o.h.m.i.EntityInstantiatorPojoStandard - HHH000182: No default (no-argument) constructor for class [com.HLPTLab7.ExplorerApp.models.Permission] (class must be instantiated by Interceptor)
2025-12-16 21:32:03 [main] INFO  o.h.e.t.j.p.i.JtaPlatformInitiator - HHH000489: No JTA platform available (set 'hibernate.transaction.jta.platform' to enable JTA platform integration)
2025-12-16 21:32:03 [main] INFO  o.s.o.j.LocalContainerEntityManagerFactoryBean - Initialized JPA EntityManagerFactory for persistence unit 'default'
2025-12-16 21:32:04 [main] INFO  o.s.d.j.r.q.QueryEnhancerFactories - Hibernate is in classpath; If applicable, HQL parser will be used.
2025-12-16 21:32:08 [main] INFO  c.H.E.ExplorerAppApplication$Companion - Started ExplorerAppApplication.Companion in 11.426 seconds (process running for 12.606)
2025-12-16 21:32:08 [main] INFO  c.H.E.ExplorerAppApplication - A DEBUG Message
2025-12-16 21:32:08 [SpringApplicationShutdownHook] INFO  o.s.o.j.LocalContainerEntityManagerFactoryBean - Closing JPA EntityManagerFactory for persistence unit 'default'
2025-12-16 21:32:08 [SpringApplicationShutdownHook] INFO  com.zaxxer.hikari.HikariDataSource - HikariPool-1 - Shutdown initiated...
2025-12-16 21:32:08 [SpringApplicationShutdownHook] INFO  com.zaxxer.hikari.HikariDataSource - HikariPool-1 - Shutdown completed.
2025-12-16 21:32:11 [main] INFO  c.H.E.ExplorerAppApplication$Companion - Starting ExplorerAppApplication.Companion v0.0.1-SNAPSHOT using Java 17.0.17 with PID 17300 (C:\Users\Stradalec\Documents\GitHub\HLPT-Lab2-\target\ExplorerApp-0.0.1-SNAPSHOT.jar started by Stradalec in C:\Users\Stradalec\Documents\GitHub\HLPT-Lab2-)
2025-12-16 21:32:11 [main] INFO  c.H.E.ExplorerAppApplication$Companion - No active profile set, falling back to 1 default profile: "default"
2025-12-16 21:32:13 [main] INFO  o.s.d.r.c.RepositoryConfigurationDelegate - Bootstrapping Spring Data JPA repositories in DEFAULT mode.
2025-12-16 21:32:13 [main] INFO  o.s.d.r.c.RepositoryConfigurationDelegate - Finished Spring Data repository scanning in 137 ms. Found 3 JPA repository interfaces.
2025-12-16 21:32:14 [main] INFO  o.h.jpa.internal.util.LogHelper - HHH000204: Processing PersistenceUnitInfo [name: default]
2025-12-16 21:32:14 [main] INFO  org.hibernate.Version - HHH000412: Hibernate ORM core version 7.1.8.Final
2025-12-16 21:32:16 [main] INFO  o.s.o.j.p.SpringPersistenceUnitInfo - No LoadTimeWeaver setup: ignoring JPA class transformer
2025-12-16 21:32:16 [main] INFO  com.zaxxer.hikari.HikariDataSource - HikariPool-1 - Starting...
2025-12-16 21:32:16 [main] INFO  com.zaxxer.hikari.pool.HikariPool - HikariPool-1 - Added connection conn0: url=jdbc:h2:./data/coolDatabase user=SA
2025-12-16 21:32:16 [main] INFO  com.zaxxer.hikari.HikariDataSource - HikariPool-1 - Start completed.
2025-12-16 21:32:16 [main] WARN  org.hibernate.orm.deprecation - HHH90000025: H2Dialect does not need to be specified explicitly using 'hibernate.dialect' (remove the property setting and it will be selected by default)
2025-12-16 21:32:16 [main] INFO  o.hibernate.orm.connections.pooling - HHH10001005: Database info:
	Database JDBC URL [jdbc:h2:./data/coolDatabase]
	Database driver: H2 JDBC Driver
	Database dialect: H2Dialect
	Database version: 2.4.240
	Default catalog/schema: COOLDATABASE/PUBLIC
	Autocommit mode: undefined/unknown
	Isolation level: READ_COMMITTED [default READ_COMMITTED]
	JDBC fetch size: 100
	Pool: DatasourceConnectionProviderImpl
	Minimum pool size: undefined/unknown
	Maximum pool size: undefined/unknown
2025-12-16 21:32:18 [main] INFO  o.h.m.i.EntityInstantiatorPojoStandard - HHH000182: No default (no-argument) constructor for class [com.HLPTLab7.ExplorerApp.models.Resource] (class must be instantiated by Interceptor)
2025-12-16 21:32:18 [main] INFO  o.h.m.i.EntityInstantiatorPojoStandard - HHH000182: No default (no-argument) constructor for class [com.HLPTLab7.ExplorerApp.models.User] (class must be instantiated by Interceptor)
2025-12-16 21:32:18 [main] INFO  o.h.m.i.EntityInstantiatorPojoStandard - HHH000182: No default (no-argument) constructor for class [com.HLPTLab7.ExplorerApp.models.Permission] (class must be instantiated by Interceptor)
2025-12-16 21:32:18 [main] INFO  o.h.e.t.j.p.i.JtaPlatformInitiator - HHH000489: No JTA platform available (set 'hibernate.transaction.jta.platform' to enable JTA platform integration)
2025-12-16 21:32:18 [main] INFO  o.s.o.j.LocalContainerEntityManagerFactoryBean - Initialized JPA EntityManagerFactory for persistence unit 'default'
2025-12-16 21:32:19 [main] INFO  o.s.d.j.r.q.QueryEnhancerFactories - Hibernate is in classpath; If applicable, HQL parser will be used.
2025-12-16 21:32:23 [main] INFO  c.H.E.ExplorerAppApplication$Companion - Started ExplorerAppApplication.Companion in 13.5 seconds (process running for 14.933)
2025-12-16 21:32:23 [main] INFO  c.H.E.ExplorerAppApplication - A DEBUG Message
2025-12-16 21:32:24 [main] INFO  c.H.E.ExplorerAppApplication - Выполнение завершено с кодом: 3
2025-12-16 21:32:24 [SpringApplicationShutdownHook] INFO  o.s.o.j.LocalContainerEntityManagerFactoryBean - Closing JPA EntityManagerFactory for persistence unit 'default'
2025-12-16 21:32:24 [SpringApplicationShutdownHook] INFO  com.zaxxer.hikari.HikariDataSource - HikariPool-1 - Shutdown initiated...
2025-12-16 21:32:24 [SpringApplicationShutdownHook] INFO  com.zaxxer.hikari.HikariDataSource - HikariPool-1 - Shutdown completed.
2025-12-16 21:32:27 [main] INFO  c.H.E.ExplorerAppApplication$Companion - Starting ExplorerAppApplication.Companion v0.0.1-SNAPSHOT using Java 17.0.17 with PID 15484 (C:\Users\Stradalec\Documents\GitHub\HLPT-Lab2-\target\ExplorerApp-0.0.1-SNAPSHOT.jar started by Stradalec in C:\Users\Stradalec\Documents\GitHub\HLPT-Lab2-)
2025-12-16 21:32:27 [main] INFO  c.H.E.ExplorerAppApplication$Companion - No active profile set, falling back to 1 default profile: "default"
2025-12-16 21:32:29 [main] INFO  o.s.d.r.c.RepositoryConfigurationDelegate - Bootstrapping Spring Data JPA repositories in DEFAULT mode.
2025-12-16 21:32:29 [main] INFO  o.s.d.r.c.RepositoryConfigurationDelegate - Finished Spring Data repository scanning in 113 ms. Found 3 JPA repository interfaces.
2025-12-16 21:32:30 [main] INFO  o.h.jpa.internal.util.LogHelper - HHH000204: Processing PersistenceUnitInfo [name: default]
2025-12-16 21:32:30 [main] INFO  org.hibernate.Version - HHH000412: Hibernate ORM core version 7.1.8.Final
2025-12-16 21:32:31 [main] INFO  o.s.o.j.p.SpringPersistenceUnitInfo - No LoadTimeWeaver setup: ignoring JPA class transformer
2025-12-16 21:32:32 [main] INFO  com.zaxxer.hikari.HikariDataSource - HikariPool-1 - Starting...
2025-12-16 21:32:32 [main] INFO  com.zaxxer.hikari.pool.HikariPool - HikariPool-1 - Added connection conn0: url=jdbc:h2:./data/coolDatabase user=SA
2025-12-16 21:32:32 [main] INFO  com.zaxxer.hikari.HikariDataSource - HikariPool-1 - Start completed.
2025-12-16 21:32:32 [main] WARN  org.hibernate.orm.deprecation - HHH90000025: H2Dialect does not need to be specified explicitly using 'hibernate.dialect' (remove the property setting and it will be selected by default)
2025-12-16 21:32:32 [main] INFO  o.hibernate.orm.connections.pooling - HHH10001005: Database info:
	Database JDBC URL [jdbc:h2:./data/coolDatabase]
	Database driver: H2 JDBC Driver
	Database dialect: H2Dialect
	Database version: 2.4.240
	Default catalog/schema: COOLDATABASE/PUBLIC
	Autocommit mode: undefined/unknown
	Isolation level: READ_COMMITTED [default READ_COMMITTED]
	JDBC fetch size: 100
	Pool: DatasourceConnectionProviderImpl
	Minimum pool size: undefined/unknown
	Maximum pool size: undefined/unknown
2025-12-16 21:32:34 [main] INFO  o.h.m.i.EntityInstantiatorPojoStandard - HHH000182: No default (no-argument) constructor for class [com.HLPTLab7.ExplorerApp.models.Resource] (class must be instantiated by Interceptor)
2025-12-16 21:32:34 [main] INFO  o.h.m.i.EntityInstantiatorPojoStandard - HHH000182: No default (no-argument) constructor for class [com.HLPTLab7.ExplorerApp.models.User] (class must be instantiated by Interceptor)
2025-12-16 21:32:34 [main] INFO  o.h.m.i.EntityInstantiatorPojoStandard - HHH000182: No default (no-argument) constructor for class [com.HLPTLab7.ExplorerApp.models.Permission] (class must be instantiated by Interceptor)
2025-12-16 21:32:34 [main] INFO  o.h.e.t.j.p.i.JtaPlatformInitiator - HHH000489: No JTA platform available (set 'hibernate.transaction.jta.platform' to enable JTA platform integration)
2025-12-16 21:32:34 [main] INFO  o.s.o.j.LocalContainerEntityManagerFactoryBean - Initialized JPA EntityManagerFactory for persistence unit 'default'
2025-12-16 21:32:35 [main] INFO  o.s.d.j.r.q.QueryEnhancerFactories - Hibernate is in classpath; If applicable, HQL parser will be used.
2025-12-16 21:32:39 [main] INFO  c.H.E.ExplorerAppApplication$Companion - Started ExplorerAppApplication.Companion in 13.29 seconds (process running for 14.775)
2025-12-16 21:32:39 [main] INFO  c.H.E.ExplorerAppApplication - A DEBUG Message
2025-12-16 21:32:39 [main] INFO  c.H.E.ExplorerAppApplication - Выполнение завершено с кодом: 3
2025-12-16 21:32:39 [SpringApplicationShutdownHook] INFO  o.s.o.j.LocalContainerEntityManagerFactoryBean - Closing JPA EntityManagerFactory for persistence unit 'default'
2025-12-16 21:32:39 [SpringApplicationShutdownHook] INFO  com.zaxxer.hikari.HikariDataSource - HikariPool-1 - Shutdown initiated...
2025-12-16 21:32:39 [SpringApplicationShutdownHook] INFO  com.zaxxer.hikari.HikariDataSource - HikariPool-1 - Shutdown completed.
2025-12-16 21:32:43 [main] INFO  c.H.E.ExplorerAppApplication$Companion - Starting ExplorerAppApplication.Companion v0.0.1-SNAPSHOT using Java 17.0.17 with PID 6436 (C:\Users\Stradalec\Documents\GitHub\HLPT-Lab2-\target\ExplorerApp-0.0.1-SNAPSHOT.jar started by Stradalec in C:\Users\Stradalec\Documents\GitHub\HLPT-Lab2-)
2025-12-16 21:32:43 [main] INFO  c.H.E.ExplorerAppApplication$Companion - No active profile set, falling back to 1 default profile: "default"
2025-12-16 21:32:44 [main] INFO  o.s.d.r.c.RepositoryConfigurationDelegate - Bootstrapping Spring Data JPA repositories in DEFAULT mode.
2025-12-16 21:32:44 [main] INFO  o.s.d.r.c.RepositoryConfigurationDelegate - Finished Spring Data repository scanning in 131 ms. Found 3 JPA repository interfaces.
2025-12-16 21:32:45 [main] INFO  o.h.jpa.internal.util.LogHelper - HHH000204: Processing PersistenceUnitInfo [name: default]
2025-12-16 21:32:46 [main] INFO  org.hibernate.Version - HHH000412: Hibernate ORM core version 7.1.8.Final
2025-12-16 21:32:47 [main] INFO  o.s.o.j.p.SpringPersistenceUnitInfo - No LoadTimeWeaver setup: ignoring JPA class transformer
2025-12-16 21:32:47 [main] INFO  com.zaxxer.hikari.HikariDataSource - HikariPool-1 - Starting...
2025-12-16 21:32:48 [main] INFO  com.zaxxer.hikari.pool.HikariPool - HikariPool-1 - Added connection conn0: url=jdbc:h2:./data/coolDatabase user=SA
2025-12-16 21:32:48 [main] INFO  com.zaxxer.hikari.HikariDataSource - HikariPool-1 - Start completed.
2025-12-16 21:32:48 [main] WARN  org.hibernate.orm.deprecation - HHH90000025: H2Dialect does not need to be specified explicitly using 'hibernate.dialect' (remove the property setting and it will be selected by default)
2025-12-16 21:32:48 [main] INFO  o.hibernate.orm.connections.pooling - HHH10001005: Database info:
	Database JDBC URL [jdbc:h2:./data/coolDatabase]
	Database driver: H2 JDBC Driver
	Database dialect: H2Dialect
	Database version: 2.4.240
	Default catalog/schema: COOLDATABASE/PUBLIC
	Autocommit mode: undefined/unknown
	Isolation level: READ_COMMITTED [default READ_COMMITTED]
	JDBC fetch size: 100
	Pool: DatasourceConnectionProviderImpl
	Minimum pool size: undefined/unknown
	Maximum pool size: undefined/unknown
2025-12-16 21:32:49 [main] INFO  o.h.m.i.EntityInstantiatorPojoStandard - HHH000182: No default (no-argument) constructor for class [com.HLPTLab7.ExplorerApp.models.Resource] (class must be instantiated by Interceptor)
2025-12-16 21:32:49 [main] INFO  o.h.m.i.EntityInstantiatorPojoStandard - HHH000182: No default (no-argument) constructor for class [com.HLPTLab7.ExplorerApp.models.User] (class must be instantiated by Interceptor)
2025-12-16 21:32:49 [main] INFO  o.h.m.i.EntityInstantiatorPojoStandard - HHH000182: No default (no-argument) constructor for class [com.HLPTLab7.ExplorerApp.models.Permission] (class must be instantiated by Interceptor)
2025-12-16 21:32:50 [main] INFO  o.h.e.t.j.p.i.JtaPlatformInitiator - HHH000489: No JTA platform available (set 'hibernate.transaction.jta.platform' to enable JTA platform integration)
2025-12-16 21:32:50 [main] INFO  o.s.o.j.LocalContainerEntityManagerFactoryBean - Initialized JPA EntityManagerFactory for persistence unit 'default'
2025-12-16 21:32:51 [main] INFO  o.s.d.j.r.q.QueryEnhancerFactories - Hibernate is in classpath; If applicable, HQL parser will be used.
2025-12-16 21:32:55 [main] INFO  c.H.E.ExplorerAppApplication$Companion - Started ExplorerAppApplication.Companion in 13.979 seconds (process running for 15.503)
2025-12-16 21:32:55 [main] INFO  c.H.E.ExplorerAppApplication - A DEBUG Message
2025-12-16 21:32:55 [main] INFO  c.H.E.ExplorerAppApplication - Выполнение завершено с кодом: 4
2025-12-16 21:32:55 [SpringApplicationShutdownHook] INFO  o.s.o.j.LocalContainerEntityManagerFactoryBean - Closing JPA EntityManagerFactory for persistence unit 'default'
2025-12-16 21:32:55 [SpringApplicationShutdownHook] INFO  com.zaxxer.hikari.HikariDataSource - HikariPool-1 - Shutdown initiated...
2025-12-16 21:32:55 [SpringApplicationShutdownHook] INFO  com.zaxxer.hikari.HikariDataSource - HikariPool-1 - Shutdown completed.
2025-12-16 21:32:58 [main] INFO  c.H.E.ExplorerAppApplication$Companion - Starting ExplorerAppApplication.Companion v0.0.1-SNAPSHOT using Java 17.0.17 with PID 18632 (C:\Users\Stradalec\Documents\GitHub\HLPT-Lab2-\target\ExplorerApp-0.0.1-SNAPSHOT.jar started by Stradalec in C:\Users\Stradalec\Documents\GitHub\HLPT-Lab2-)
2025-12-16 21:32:58 [main] INFO  c.H.E.ExplorerAppApplication$Companion - No active profile set, falling back to 1 default profile: "default"
2025-12-16 21:33:00 [main] INFO  o.s.d.r.c.RepositoryConfigurationDelegate - Bootstrapping Spring Data JPA repositories in DEFAULT mode.
2025-12-16 21:33:00 [main] INFO  o.s.d.r.c.RepositoryConfigurationDelegate - Finished Spring Data repository scanning in 103 ms. Found 3 JPA repository interfaces.
2025-12-16 21:33:01 [main] INFO  o.h.jpa.internal.util.LogHelper - HHH000204: Processing PersistenceUnitInfo [name: default]
2025-12-16 21:33:02 [main] INFO  org.hibernate.Version - HHH000412: Hibernate ORM core version 7.1.8.Final
2025-12-16 21:33:03 [main] INFO  o.s.o.j.p.SpringPersistenceUnitInfo - No LoadTimeWeaver setup: ignoring JPA class transformer
2025-12-16 21:33:03 [main] INFO  com.zaxxer.hikari.HikariDataSource - HikariPool-1 - Starting...
2025-12-16 21:33:04 [main] INFO  com.zaxxer.hikari.pool.HikariPool - HikariPool-1 - Added connection conn0: url=jdbc:h2:./data/coolDatabase user=SA
2025-12-16 21:33:04 [main] INFO  com.zaxxer.hikari.HikariDataSource - HikariPool-1 - Start completed.
2025-12-16 21:33:04 [main] WARN  org.hibernate.orm.deprecation - HHH90000025: H2Dialect does not need to be specified explicitly using 'hibernate.dialect' (remove the property setting and it will be selected by default)
2025-12-16 21:33:04 [main] INFO  o.hibernate.orm.connections.pooling - HHH10001005: Database info:
	Database JDBC URL [jdbc:h2:./data/coolDatabase]
	Database driver: H2 JDBC Driver
	Database dialect: H2Dialect
	Database version: 2.4.240
	Default catalog/schema: COOLDATABASE/PUBLIC
	Autocommit mode: undefined/unknown
	Isolation level: READ_COMMITTED [default READ_COMMITTED]
	JDBC fetch size: 100
	Pool: DatasourceConnectionProviderImpl
	Minimum pool size: undefined/unknown
	Maximum pool size: undefined/unknown
2025-12-16 21:33:05 [main] INFO  o.h.m.i.EntityInstantiatorPojoStandard - HHH000182: No default (no-argument) constructor for class [com.HLPTLab7.ExplorerApp.models.Resource] (class must be instantiated by Interceptor)
2025-12-16 21:33:05 [main] INFO  o.h.m.i.EntityInstantiatorPojoStandard - HHH000182: No default (no-argument) constructor for class [com.HLPTLab7.ExplorerApp.models.User] (class must be instantiated by Interceptor)
2025-12-16 21:33:05 [main] INFO  o.h.m.i.EntityInstantiatorPojoStandard - HHH000182: No default (no-argument) constructor for class [com.HLPTLab7.ExplorerApp.models.Permission] (class must be instantiated by Interceptor)
2025-12-16 21:33:05 [main] INFO  o.h.e.t.j.p.i.JtaPlatformInitiator - HHH000489: No JTA platform available (set 'hibernate.transaction.jta.platform' to enable JTA platform integration)
2025-12-16 21:33:05 [main] INFO  o.s.o.j.LocalContainerEntityManagerFactoryBean - Initialized JPA EntityManagerFactory for persistence unit 'default'
2025-12-16 21:33:06 [main] INFO  o.s.d.j.r.q.QueryEnhancerFactories - Hibernate is in classpath; If applicable, HQL parser will be used.
2025-12-16 21:33:10 [main] INFO  c.H.E.ExplorerAppApplication$Companion - Started ExplorerAppApplication.Companion in 13.148 seconds (process running for 14.508)
2025-12-16 21:33:10 [main] INFO  c.H.E.ExplorerAppApplication - A DEBUG Message
2025-12-16 21:33:10 [main] INFO  c.H.E.ExplorerAppApplication - Выполнение завершено с кодом: 3
2025-12-16 21:33:10 [SpringApplicationShutdownHook] INFO  o.s.o.j.LocalContainerEntityManagerFactoryBean - Closing JPA EntityManagerFactory for persistence unit 'default'
2025-12-16 21:33:10 [SpringApplicationShutdownHook] INFO  com.zaxxer.hikari.HikariDataSource - HikariPool-1 - Shutdown initiated...
2025-12-16 21:33:11 [SpringApplicationShutdownHook] INFO  com.zaxxer.hikari.HikariDataSource - HikariPool-1 - Shutdown completed.
2025-12-16 21:33:14 [main] INFO  c.H.E.ExplorerAppApplication$Companion - Starting ExplorerAppApplication.Companion v0.0.1-SNAPSHOT using Java 17.0.17 with PID 12772 (C:\Users\Stradalec\Documents\GitHub\HLPT-Lab2-\target\ExplorerApp-0.0.1-SNAPSHOT.jar started by Stradalec in C:\Users\Stradalec\Documents\GitHub\HLPT-Lab2-)
2025-12-16 21:33:14 [main] INFO  c.H.E.ExplorerAppApplication$Companion - No active profile set, falling back to 1 default profile: "default"
2025-12-16 21:33:16 [main] INFO  o.s.d.r.c.RepositoryConfigurationDelegate - Bootstrapping Spring Data JPA repositories in DEFAULT mode.
2025-12-16 21:33:16 [main] INFO  o.s.d.r.c.RepositoryConfigurationDelegate - Finished Spring Data repository scanning in 119 ms. Found 3 JPA repository interfaces.
2025-12-16 21:33:17 [main] INFO  o.h.jpa.internal.util.LogHelper - HHH000204: Processing PersistenceUnitInfo [name: default]
2025-12-16 21:33:17 [main] INFO  org.hibernate.Version - HHH000412: Hibernate ORM core version 7.1.8.Final
2025-12-16 21:33:18 [main] INFO  o.s.o.j.p.SpringPersistenceUnitInfo - No LoadTimeWeaver setup: ignoring JPA class transformer
2025-12-16 21:33:19 [main] INFO  com.zaxxer.hikari.HikariDataSource - HikariPool-1 - Starting...
2025-12-16 21:33:19 [main] INFO  com.zaxxer.hikari.pool.HikariPool - HikariPool-1 - Added connection conn0: url=jdbc:h2:./data/coolDatabase user=SA
2025-12-16 21:33:19 [main] INFO  com.zaxxer.hikari.HikariDataSource - HikariPool-1 - Start completed.
2025-12-16 21:33:19 [main] WARN  org.hibernate.orm.deprecation - HHH90000025: H2Dialect does not need to be specified explicitly using 'hibernate.dialect' (remove the property setting and it will be selected by default)
2025-12-16 21:33:19 [main] INFO  o.hibernate.orm.connections.pooling - HHH10001005: Database info:
	Database JDBC URL [jdbc:h2:./data/coolDatabase]
	Database driver: H2 JDBC Driver
	Database dialect: H2Dialect
	Database version: 2.4.240
	Default catalog/schema: COOLDATABASE/PUBLIC
	Autocommit mode: undefined/unknown
	Isolation level: READ_COMMITTED [default READ_COMMITTED]
	JDBC fetch size: 100
	Pool: DatasourceConnectionProviderImpl
	Minimum pool size: undefined/unknown
	Maximum pool size: undefined/unknown
2025-12-16 21:33:21 [main] INFO  o.h.m.i.EntityInstantiatorPojoStandard - HHH000182: No default (no-argument) constructor for class [com.HLPTLab7.ExplorerApp.models.Resource] (class must be instantiated by Interceptor)
2025-12-16 21:33:21 [main] INFO  o.h.m.i.EntityInstantiatorPojoStandard - HHH000182: No default (no-argument) constructor for class [com.HLPTLab7.ExplorerApp.models.User] (class must be instantiated by Interceptor)
2025-12-16 21:33:21 [main] INFO  o.h.m.i.EntityInstantiatorPojoStandard - HHH000182: No default (no-argument) constructor for class [com.HLPTLab7.ExplorerApp.models.Permission] (class must be instantiated by Interceptor)
2025-12-16 21:33:21 [main] INFO  o.h.e.t.j.p.i.JtaPlatformInitiator - HHH000489: No JTA platform available (set 'hibernate.transaction.jta.platform' to enable JTA platform integration)
2025-12-16 21:33:21 [main] INFO  o.s.o.j.LocalContainerEntityManagerFactoryBean - Initialized JPA EntityManagerFactory for persistence unit 'default'
2025-12-16 21:33:22 [main] INFO  o.s.d.j.r.q.QueryEnhancerFactories - Hibernate is in classpath; If applicable, HQL parser will be used.
2025-12-16 21:33:26 [main] INFO  c.H.E.ExplorerAppApplication$Companion - Started ExplorerAppApplication.Companion in 13.351 seconds (process running for 14.982)
2025-12-16 21:33:26 [main] INFO  c.H.E.ExplorerAppApplication - A DEBUG Message
2025-12-16 21:33:27 [main] INFO  c.H.E.ExplorerAppApplication - Выполнение завершено с кодом: 3
2025-12-16 21:33:27 [SpringApplicationShutdownHook] INFO  o.s.o.j.LocalContainerEntityManagerFactoryBean - Closing JPA EntityManagerFactory for persistence unit 'default'
2025-12-16 21:33:27 [SpringApplicationShutdownHook] INFO  com.zaxxer.hikari.HikariDataSource - HikariPool-1 - Shutdown initiated...
2025-12-16 21:33:27 [SpringApplicationShutdownHook] INFO  com.zaxxer.hikari.HikariDataSource - HikariPool-1 - Shutdown completed.
2025-12-16 21:33:30 [main] INFO  c.H.E.ExplorerAppApplication$Companion - Starting ExplorerAppApplication.Companion v0.0.1-SNAPSHOT using Java 17.0.17 with PID 17484 (C:\Users\Stradalec\Documents\GitHub\HLPT-Lab2-\target\ExplorerApp-0.0.1-SNAPSHOT.jar started by Stradalec in C:\Users\Stradalec\Documents\GitHub\HLPT-Lab2-)
2025-12-16 21:33:30 [main] INFO  c.H.E.ExplorerAppApplication$Companion - No active profile set, falling back to 1 default profile: "default"
2025-12-16 21:33:31 [main] INFO  o.s.d.r.c.RepositoryConfigurationDelegate - Bootstrapping Spring Data JPA repositories in DEFAULT mode.
2025-12-16 21:33:32 [main] INFO  o.s.d.r.c.RepositoryConfigurationDelegate - Finished Spring Data repository scanning in 152 ms. Found 3 JPA repository interfaces.
2025-12-16 21:33:33 [main] INFO  o.h.jpa.internal.util.LogHelper - HHH000204: Processing PersistenceUnitInfo [name: default]
2025-12-16 21:33:33 [main] INFO  org.hibernate.Version - HHH000412: Hibernate ORM core version 7.1.8.Final
2025-12-16 21:33:34 [main] INFO  o.s.o.j.p.SpringPersistenceUnitInfo - No LoadTimeWeaver setup: ignoring JPA class transformer
2025-12-16 21:33:35 [main] INFO  com.zaxxer.hikari.HikariDataSource - HikariPool-1 - Starting...
2025-12-16 21:33:35 [main] INFO  com.zaxxer.hikari.pool.HikariPool - HikariPool-1 - Added connection conn0: url=jdbc:h2:./data/coolDatabase user=SA
2025-12-16 21:33:35 [main] INFO  com.zaxxer.hikari.HikariDataSource - HikariPool-1 - Start completed.
2025-12-16 21:33:35 [main] WARN  org.hibernate.orm.deprecation - HHH90000025: H2Dialect does not need to be specified explicitly using 'hibernate.dialect' (remove the property setting and it will be selected by default)
2025-12-16 21:33:35 [main] INFO  o.hibernate.orm.connections.pooling - HHH10001005: Database info:
	Database JDBC URL [jdbc:h2:./data/coolDatabase]
	Database driver: H2 JDBC Driver
	Database dialect: H2Dialect
	Database version: 2.4.240
	Default catalog/schema: COOLDATABASE/PUBLIC
	Autocommit mode: undefined/unknown
	Isolation level: READ_COMMITTED [default READ_COMMITTED]
	JDBC fetch size: 100
	Pool: DatasourceConnectionProviderImpl
	Minimum pool size: undefined/unknown
	Maximum pool size: undefined/unknown
2025-12-16 21:33:37 [main] INFO  o.h.m.i.EntityInstantiatorPojoStandard - HHH000182: No default (no-argument) constructor for class [com.HLPTLab7.ExplorerApp.models.Resource] (class must be instantiated by Interceptor)
2025-12-16 21:33:37 [main] INFO  o.h.m.i.EntityInstantiatorPojoStandard - HHH000182: No default (no-argument) constructor for class [com.HLPTLab7.ExplorerApp.models.User] (class must be instantiated by Interceptor)
2025-12-16 21:33:37 [main] INFO  o.h.m.i.EntityInstantiatorPojoStandard - HHH000182: No default (no-argument) constructor for class [com.HLPTLab7.ExplorerApp.models.Permission] (class must be instantiated by Interceptor)
2025-12-16 21:33:37 [main] INFO  o.h.e.t.j.p.i.JtaPlatformInitiator - HHH000489: No JTA platform available (set 'hibernate.transaction.jta.platform' to enable JTA platform integration)
2025-12-16 21:33:37 [main] INFO  o.s.o.j.LocalContainerEntityManagerFactoryBean - Initialized JPA EntityManagerFactory for persistence unit 'default'
2025-12-16 21:33:38 [main] INFO  o.s.d.j.r.q.QueryEnhancerFactories - Hibernate is in classpath; If applicable, HQL parser will be used.
2025-12-16 21:33:42 [main] INFO  c.H.E.ExplorerAppApplication$Companion - Started ExplorerAppApplication.Companion in 14.106 seconds (process running for 15.457)
2025-12-16 21:33:42 [main] INFO  c.H.E.ExplorerAppApplication - A DEBUG Message
2025-12-16 21:33:42 [main] INFO  c.H.E.ExplorerAppApplication - Выполнение завершено с кодом: 7
2025-12-16 21:33:42 [SpringApplicationShutdownHook] INFO  o.s.o.j.LocalContainerEntityManagerFactoryBean - Closing JPA EntityManagerFactory for persistence unit 'default'
2025-12-16 21:33:42 [SpringApplicationShutdownHook] INFO  com.zaxxer.hikari.HikariDataSource - HikariPool-1 - Shutdown initiated...
2025-12-16 21:33:43 [SpringApplicationShutdownHook] INFO  com.zaxxer.hikari.HikariDataSource - HikariPool-1 - Shutdown completed.
2025-12-16 21:33:46 [main] INFO  c.H.E.ExplorerAppApplication$Companion - Starting ExplorerAppApplication.Companion v0.0.1-SNAPSHOT using Java 17.0.17 with PID 2284 (C:\Users\Stradalec\Documents\GitHub\HLPT-Lab2-\target\ExplorerApp-0.0.1-SNAPSHOT.jar started by Stradalec in C:\Users\Stradalec\Documents\GitHub\HLPT-Lab2-)
2025-12-16 21:33:46 [main] INFO  c.H.E.ExplorerAppApplication$Companion - No active profile set, falling back to 1 default profile: "default"
2025-12-16 21:33:47 [main] INFO  o.s.d.r.c.RepositoryConfigurationDelegate - Bootstrapping Spring Data JPA repositories in DEFAULT mode.
2025-12-16 21:33:48 [main] INFO  o.s.d.r.c.RepositoryConfigurationDelegate - Finished Spring Data repository scanning in 159 ms. Found 3 JPA repository interfaces.
2025-12-16 21:33:49 [main] INFO  o.h.jpa.internal.util.LogHelper - HHH000204: Processing PersistenceUnitInfo [name: default]
2025-12-16 21:33:49 [main] INFO  org.hibernate.Version - HHH000412: Hibernate ORM core version 7.1.8.Final
2025-12-16 21:33:51 [main] INFO  o.s.o.j.p.SpringPersistenceUnitInfo - No LoadTimeWeaver setup: ignoring JPA class transformer
2025-12-16 21:33:51 [main] INFO  com.zaxxer.hikari.HikariDataSource - HikariPool-1 - Starting...
2025-12-16 21:33:51 [main] INFO  com.zaxxer.hikari.pool.HikariPool - HikariPool-1 - Added connection conn0: url=jdbc:h2:./data/coolDatabase user=SA
2025-12-16 21:33:51 [main] INFO  com.zaxxer.hikari.HikariDataSource - HikariPool-1 - Start completed.
2025-12-16 21:33:51 [main] WARN  org.hibernate.orm.deprecation - HHH90000025: H2Dialect does not need to be specified explicitly using 'hibernate.dialect' (remove the property setting and it will be selected by default)
2025-12-16 21:33:51 [main] INFO  o.hibernate.orm.connections.pooling - HHH10001005: Database info:
	Database JDBC URL [jdbc:h2:./data/coolDatabase]
	Database driver: H2 JDBC Driver
	Database dialect: H2Dialect
	Database version: 2.4.240
	Default catalog/schema: COOLDATABASE/PUBLIC
	Autocommit mode: undefined/unknown
	Isolation level: READ_COMMITTED [default READ_COMMITTED]
	JDBC fetch size: 100
	Pool: DatasourceConnectionProviderImpl
	Minimum pool size: undefined/unknown
	Maximum pool size: undefined/unknown
2025-12-16 21:33:53 [main] INFO  o.h.m.i.EntityInstantiatorPojoStandard - HHH000182: No default (no-argument) constructor for class [com.HLPTLab7.ExplorerApp.models.Resource] (class must be instantiated by Interceptor)
2025-12-16 21:33:53 [main] INFO  o.h.m.i.EntityInstantiatorPojoStandard - HHH000182: No default (no-argument) constructor for class [com.HLPTLab7.ExplorerApp.models.User] (class must be instantiated by Interceptor)
2025-12-16 21:33:53 [main] INFO  o.h.m.i.EntityInstantiatorPojoStandard - HHH000182: No default (no-argument) constructor for class [com.HLPTLab7.ExplorerApp.models.Permission] (class must be instantiated by Interceptor)
2025-12-16 21:33:53 [main] INFO  o.h.e.t.j.p.i.JtaPlatformInitiator - HHH000489: No JTA platform available (set 'hibernate.transaction.jta.platform' to enable JTA platform integration)
2025-12-16 21:33:53 [main] INFO  o.s.o.j.LocalContainerEntityManagerFactoryBean - Initialized JPA EntityManagerFactory for persistence unit 'default'
2025-12-16 21:33:54 [main] INFO  o.s.d.j.r.q.QueryEnhancerFactories - Hibernate is in classpath; If applicable, HQL parser will be used.
2025-12-16 21:33:58 [main] INFO  c.H.E.ExplorerAppApplication$Companion - Started ExplorerAppApplication.Companion in 14.095 seconds (process running for 15.448)
2025-12-16 21:33:58 [main] INFO  c.H.E.ExplorerAppApplication - A DEBUG Message
2025-12-16 21:33:59 [main] INFO  c.H.E.ExplorerAppApplication - Выполнение завершено с кодом: 3
2025-12-16 21:33:59 [SpringApplicationShutdownHook] INFO  o.s.o.j.LocalContainerEntityManagerFactoryBean - Closing JPA EntityManagerFactory for persistence unit 'default'
2025-12-16 21:33:59 [SpringApplicationShutdownHook] INFO  com.zaxxer.hikari.HikariDataSource - HikariPool-1 - Shutdown initiated...
2025-12-16 21:33:59 [SpringApplicationShutdownHook] INFO  com.zaxxer.hikari.HikariDataSource - HikariPool-1 - Shutdown completed.
2025-12-16 21:37:52 [main] INFO  c.H.E.ExplorerAppApplication$Companion - Starting ExplorerAppApplication.Companion v0.0.1-SNAPSHOT using Java 17.0.17 with PID 17020 (C:\Users\Stradalec\Documents\GitHub\HLPT-Lab2-\target\ExplorerApp-0.0.1-SNAPSHOT.jar started by Stradalec in C:\Users\Stradalec\Documents\GitHub\HLPT-Lab2-)
2025-12-16 21:37:52 [main] INFO  c.H.E.ExplorerAppApplication$Companion - No active profile set, falling back to 1 default profile: "default"
2025-12-16 21:37:53 [main] INFO  o.s.d.r.c.RepositoryConfigurationDelegate - Bootstrapping Spring Data JPA repositories in DEFAULT mode.
2025-12-16 21:37:53 [main] INFO  o.s.d.r.c.RepositoryConfigurationDelegate - Finished Spring Data repository scanning in 114 ms. Found 3 JPA repository interfaces.
2025-12-16 21:37:54 [main] INFO  o.h.jpa.internal.util.LogHelper - HHH000204: Processing PersistenceUnitInfo [name: default]
2025-12-16 21:37:54 [main] INFO  org.hibernate.Version - HHH000412: Hibernate ORM core version 7.1.8.Final
2025-12-16 21:37:56 [main] INFO  o.s.o.j.p.SpringPersistenceUnitInfo - No LoadTimeWeaver setup: ignoring JPA class transformer
2025-12-16 21:37:56 [main] INFO  com.zaxxer.hikari.HikariDataSource - HikariPool-1 - Starting...
2025-12-16 21:37:56 [main] INFO  com.zaxxer.hikari.pool.HikariPool - HikariPool-1 - Added connection conn0: url=jdbc:h2:./data/coolDatabase user=SA
2025-12-16 21:37:56 [main] INFO  com.zaxxer.hikari.HikariDataSource - HikariPool-1 - Start completed.
2025-12-16 21:37:56 [main] WARN  org.hibernate.orm.deprecation - HHH90000025: H2Dialect does not need to be specified explicitly using 'hibernate.dialect' (remove the property setting and it will be selected by default)
2025-12-16 21:37:56 [main] INFO  o.hibernate.orm.connections.pooling - HHH10001005: Database info:
	Database JDBC URL [jdbc:h2:./data/coolDatabase]
	Database driver: H2 JDBC Driver
	Database dialect: H2Dialect
	Database version: 2.4.240
	Default catalog/schema: COOLDATABASE/PUBLIC
	Autocommit mode: undefined/unknown
	Isolation level: READ_COMMITTED [default READ_COMMITTED]
	JDBC fetch size: 100
	Pool: DatasourceConnectionProviderImpl
	Minimum pool size: undefined/unknown
	Maximum pool size: undefined/unknown
2025-12-16 21:37:58 [main] INFO  o.h.m.i.EntityInstantiatorPojoStandard - HHH000182: No default (no-argument) constructor for class [com.HLPTLab7.ExplorerApp.models.Resource] (class must be instantiated by Interceptor)
2025-12-16 21:37:58 [main] INFO  o.h.m.i.EntityInstantiatorPojoStandard - HHH000182: No default (no-argument) constructor for class [com.HLPTLab7.ExplorerApp.models.User] (class must be instantiated by Interceptor)
2025-12-16 21:37:58 [main] INFO  o.h.m.i.EntityInstantiatorPojoStandard - HHH000182: No default (no-argument) constructor for class [com.HLPTLab7.ExplorerApp.models.Permission] (class must be instantiated by Interceptor)
2025-12-16 21:37:58 [main] INFO  o.h.e.t.j.p.i.JtaPlatformInitiator - HHH000489: No JTA platform available (set 'hibernate.transaction.jta.platform' to enable JTA platform integration)
2025-12-16 21:37:58 [main] INFO  o.s.o.j.LocalContainerEntityManagerFactoryBean - Initialized JPA EntityManagerFactory for persistence unit 'default'
2025-12-16 21:37:58 [main] INFO  o.s.d.j.r.q.QueryEnhancerFactories - Hibernate is in classpath; If applicable, HQL parser will be used.
2025-12-16 21:38:02 [main] INFO  c.H.E.ExplorerAppApplication$Companion - Started ExplorerAppApplication.Companion in 10.778 seconds (process running for 12.008)
2025-12-16 21:38:02 [main] INFO  c.H.E.ExplorerAppApplication - A DEBUG Message
2025-12-16 21:38:02 [main] WARN  org.hibernate.orm.jdbc.error - HHH000247: ErrorCode: 42104, SQLState: 42S04
2025-12-16 21:38:02 [main] WARN  org.hibernate.orm.jdbc.error - Table "USERS" not found (this database is empty); SQL statement:
select u1_0.id,u1_0.hash,u1_0.login,u1_0.salt from users u1_0 where u1_0.login=? [42104-240]
2025-12-16 21:38:02 [main] ERROR c.H.E.ExplorerAppApplication - Неизвестная ошибка
org.springframework.dao.InvalidDataAccessResourceUsageException: Could not prepare statement [Table "USERS" not found (this database is empty); SQL statement:
select u1_0.id,u1_0.hash,u1_0.login,u1_0.salt from users u1_0 where u1_0.login=? [42104-240]] [select u1_0.id,u1_0.hash,u1_0.login,u1_0.salt from users u1_0 where u1_0.login=?]; SQL [select u1_0.id,u1_0.hash,u1_0.login,u1_0.salt from users u1_0 where u1_0.login=?]
	at org.springframework.orm.jpa.hibernate.HibernateExceptionTranslator.convertHibernateAccessException(HibernateExceptionTranslator.java:156)
	at org.springframework.orm.jpa.hibernate.HibernateExceptionTranslator.convertHibernateAccessException(HibernateExceptionTranslator.java:131)
	at org.springframework.orm.jpa.hibernate.HibernateExceptionTranslator.translateExceptionIfPossible(HibernateExceptionTranslator.java:105)
	at org.springframework.orm.jpa.vendor.HibernateJpaDialect.translateExceptionIfPossible(HibernateJpaDialect.java:199)
	at org.springframework.orm.jpa.AbstractEntityManagerFactoryBean.translateExceptionIfPossible(AbstractEntityManagerFactoryBean.java:556)
	at org.springframework.dao.support.ChainedPersistenceExceptionTranslator.translateExceptionIfPossible(ChainedPersistenceExceptionTranslator.java:61)
	at org.springframework.dao.support.DataAccessUtils.translateIfNecessary(DataAccessUtils.java:346)
	at org.springframework.dao.support.PersistenceExceptionTranslationInterceptor.invoke(PersistenceExceptionTranslationInterceptor.java:157)
	at org.springframework.aop.framework.ReflectiveMethodInvocation.proceed(ReflectiveMethodInvocation.java:179)
	at org.springframework.data.jpa.repository.support.CrudMethodMetadataPostProcessor$CrudMethodMetadataPopulatingMethodInterceptor.invoke(CrudMethodMetadataPostProcessor.java:137)
	at org.springframework.aop.framework.ReflectiveMethodInvocation.proceed(ReflectiveMethodInvocation.java:179)
	at org.springframework.data.util.NullnessMethodInvocationValidator.invoke(NullnessMethodInvocationValidator.java:99)
	at org.springframework.aop.framework.ReflectiveMethodInvocation.proceed(ReflectiveMethodInvocation.java:179)
	at org.springframework.aop.framework.JdkDynamicAopProxy.invoke(JdkDynamicAopProxy.java:222)
	at jdk.proxy2/jdk.proxy2.$Proxy113.findByLogin(Unknown Source)
	at com.HLPTLab7.ExplorerApp.repositories.UserJpaRepositoryAdapter.findByLogin(UserJpaRepositoryAdapter.kt:13)
	at java.base/jdk.internal.reflect.NativeMethodAccessorImpl.invoke0(Native Method)
	at java.base/jdk.internal.reflect.NativeMethodAccessorImpl.invoke(NativeMethodAccessorImpl.java:77)
	at java.base/jdk.internal.reflect.DelegatingMethodAccessorImpl.invoke(DelegatingMethodAccessorImpl.java:43)
	at java.base/java.lang.reflect.Method.invoke(Method.java:569)
	at org.springframework.aop.support.AopUtils.invokeJoinpointUsingReflection(AopUtils.java:359)
	at org.springframework.aop.framework.ReflectiveMethodInvocation.invokeJoinpoint(ReflectiveMethodInvocation.java:190)
	at org.springframework.aop.framework.ReflectiveMethodInvocation.proceed(ReflectiveMethodInvocation.java:158)
	at org.springframework.dao.support.PersistenceExceptionTranslationInterceptor.invoke(PersistenceExceptionTranslationInterceptor.java:135)
	at org.springframework.aop.framework.ReflectiveMethodInvocation.proceed(ReflectiveMethodInvocation.java:179)
	at org.springframework.aop.framework.CglibAopProxy$DynamicAdvisedInterceptor.intercept(CglibAopProxy.java:719)
	at com.HLPTLab7.ExplorerApp.repositories.UserJpaRepositoryAdapter$$SpringCGLIB$$0.findByLogin(<generated>)
	at com.HLPTLab7.ExplorerApp.handlers.ResourceActionUseCase.execute(ResourceActionUseCase.kt:15)
	at com.HLPTLab7.ExplorerApp.handlers.CommandHandler.execute(CommandHandler.kt:19)
	at com.HLPTLab7.ExplorerApp.ExplorerAppApplication.run(ExplorerAppApplication.kt:29)
	at org.springframework.boot.SpringApplication.lambda$callRunner$1(SpringApplication.java:801)
	at org.springframework.util.function.ThrowingConsumer$1.acceptWithException(ThrowingConsumer.java:82)
	at org.springframework.util.function.ThrowingConsumer.accept(ThrowingConsumer.java:60)
	at org.springframework.util.function.ThrowingConsumer$1.accept(ThrowingConsumer.java:86)
	at org.springframework.boot.SpringApplication.callRunner(SpringApplication.java:809)
	at org.springframework.boot.SpringApplication.callRunner(SpringApplication.java:800)
	at org.springframework.boot.SpringApplication.lambda$callRunners$0(SpringApplication.java:785)
	at java.base/java.util.stream.ForEachOps$ForEachOp$OfRef.accept(ForEachOps.java:183)
	at java.base/java.util.stream.SortedOps$SizedRefSortingSink.end(SortedOps.java:357)
	at java.base/java.util.stream.AbstractPipeline.copyInto(AbstractPipeline.java:510)
	at java.base/java.util.stream.AbstractPipeline.wrapAndCopyInto(AbstractPipeline.java:499)
	at java.base/java.util.stream.ForEachOps$ForEachOp.evaluateSequential(ForEachOps.java:150)
	at java.base/java.util.stream.ForEachOps$ForEachOp$OfRef.evaluateSequential(ForEachOps.java:173)
	at java.base/java.util.stream.AbstractPipeline.evaluate(AbstractPipeline.java:234)
	at java.base/java.util.stream.ReferencePipeline.forEach(ReferencePipeline.java:596)
	at org.springframework.boot.SpringApplication.callRunners(SpringApplication.java:785)
	at org.springframework.boot.SpringApplication.run(SpringApplication.java:328)
	at org.springframework.boot.SpringApplication.run(SpringApplication.java:1374)
	at org.springframework.boot.SpringApplication.run(SpringApplication.java:1363)
	at com.HLPTLab7.ExplorerApp.ExplorerAppApplication$Companion.main(ExplorerAppApplication.kt:46)
	at com.HLPTLab7.ExplorerApp.ExplorerAppApplication.main(ExplorerAppApplication.kt)
	at java.base/jdk.internal.reflect.NativeMethodAccessorImpl.invoke0(Native Method)
	at java.base/jdk.internal.reflect.NativeMethodAccessorImpl.invoke(NativeMethodAccessorImpl.java:77)
	at java.base/jdk.internal.reflect.DelegatingMethodAccessorImpl.invoke(DelegatingMethodAccessorImpl.java:43)
	at java.base/java.lang.reflect.Method.invoke(Method.java:569)
	at org.springframework.boot.loader.launch.Launcher.launch(Launcher.java:106)
	at org.springframework.boot.loader.launch.Launcher.launch(Launcher.java:64)
	at org.springframework.boot.loader.launch.JarLauncher.main(JarLauncher.java:40)
Caused by: org.hibernate.exception.SQLGrammarException: Could not prepare statement [Table "USERS" not found (this database is empty); SQL statement:
select u1_0.id,u1_0.hash,u1_0.login,u1_0.salt from users u1_0 where u1_0.login=? [42104-240]] [select u1_0.id,u1_0.hash,u1_0.login,u1_0.salt from users u1_0 where u1_0.login=?]
	at org.hibernate.exception.internal.SQLExceptionTypeDelegate.convert(SQLExceptionTypeDelegate.java:64)
	at org.hibernate.exception.internal.StandardSQLExceptionConverter.convert(StandardSQLExceptionConverter.java:34)
	at org.hibernate.engine.jdbc.spi.SqlExceptionHelper.convert(SqlExceptionHelper.java:115)
	at org.hibernate.engine.jdbc.internal.StatementPreparerImpl$StatementPreparationTemplate.prepareStatement(StatementPreparerImpl.java:198)
	at org.hibernate.engine.jdbc.internal.StatementPreparerImpl.prepareQueryStatement(StatementPreparerImpl.java:160)
	at org.hibernate.sql.exec.internal.StandardStatementCreator.createStatement(StandardStatementCreator.java:47)
	at org.hibernate.sql.results.jdbc.internal.DeferredResultSetAccess.executeQuery(DeferredResultSetAccess.java:271)
	at org.hibernate.sql.results.jdbc.internal.DeferredResultSetAccess.getResultSet(DeferredResultSetAccess.java:200)
	at org.hibernate.sql.results.jdbc.internal.JdbcValuesResultSetImpl.<init>(JdbcValuesResultSetImpl.java:72)
	at org.hibernate.sql.exec.internal.JdbcSelectExecutorStandardImpl.resolveJdbcValues(JdbcSelectExecutorStandardImpl.java:372)
	at org.hibernate.sql.exec.internal.JdbcSelectExecutorStandardImpl.resolveJdbcValuesSource(JdbcSelectExecutorStandardImpl.java:332)
	at org.hibernate.sql.exec.internal.JdbcSelectExecutorStandardImpl.doExecuteQuery(JdbcSelectExecutorStandardImpl.java:135)
	at org.hibernate.sql.exec.internal.JdbcSelectExecutorStandardImpl.executeQuery(JdbcSelectExecutorStandardImpl.java:100)
	at org.hibernate.sql.exec.spi.JdbcSelectExecutor.executeQuery(JdbcSelectExecutor.java:64)
	at org.hibernate.sql.exec.spi.JdbcSelectExecutor.list(JdbcSelectExecutor.java:138)
	at org.hibernate.query.sqm.internal.ConcreteSqmSelectQueryPlan.lambda$new$1(ConcreteSqmSelectQueryPlan.java:146)
	at org.hibernate.query.sqm.internal.ConcreteSqmSelectQueryPlan.withCacheableSqmInterpretation(ConcreteSqmSelectQueryPlan.java:455)
	at org.hibernate.query.sqm.internal.ConcreteSqmSelectQueryPlan.performList(ConcreteSqmSelectQueryPlan.java:388)
	at org.hibernate.query.sqm.internal.SqmQueryImpl.doList(SqmQueryImpl.java:386)
	at org.hibernate.query.spi.AbstractSelectionQuery.list(AbstractSelectionQuery.java:154)
	at org.hibernate.query.spi.AbstractSelectionQuery.getSingleResultOrNull(AbstractSelectionQuery.java:320)
	at java.base/jdk.internal.reflect.NativeMethodAccessorImpl.invoke0(Native Method)
	at java.base/jdk.internal.reflect.NativeMethodAccessorImpl.invoke(NativeMethodAccessorImpl.java:77)
	at java.base/jdk.internal.reflect.DelegatingMethodAccessorImpl.invoke(DelegatingMethodAccessorImpl.java:43)
	at java.base/java.lang.reflect.Method.invoke(Method.java:569)
	at org.springframework.orm.jpa.SharedEntityManagerCreator$DeferredQueryInvocationHandler.invoke(SharedEntityManagerCreator.java:414)
	at jdk.proxy2/jdk.proxy2.$Proxy116.getSingleResultOrNull(Unknown Source)
	at org.springframework.data.jpa.repository.query.JpaQueryExecution$SingleEntityExecution.doExecute(JpaQueryExecution.java:328)
	at org.springframework.data.jpa.repository.query.JpaQueryExecution.execute(JpaQueryExecution.java:99)
	at org.springframework.data.jpa.repository.query.AbstractJpaQuery.doExecute(AbstractJpaQuery.java:164)
	at org.springframework.data.jpa.repository.query.AbstractJpaQuery.execute(AbstractJpaQuery.java:154)
	at org.springframework.data.repository.core.support.RepositoryMethodInvoker.doInvoke(RepositoryMethodInvoker.java:169)
	at org.springframework.data.repository.core.support.RepositoryMethodInvoker.invoke(RepositoryMethodInvoker.java:158)
	at org.springframework.data.repository.core.support.QueryExecutorMethodInterceptor.doInvoke(QueryExecutorMethodInterceptor.java:167)
	at org.springframework.data.repository.core.support.QueryExecutorMethodInterceptor.invoke(QueryExecutorMethodInterceptor.java:146)
	at org.springframework.aop.framework.ReflectiveMethodInvocation.proceed(ReflectiveMethodInvocation.java:179)
	at org.springframework.data.projection.DefaultMethodInvokingMethodInterceptor.invoke(DefaultMethodInvokingMethodInterceptor.java:69)
	at org.springframework.aop.framework.ReflectiveMethodInvocation.proceed(ReflectiveMethodInvocation.java:179)
	at org.springframework.transaction.interceptor.TransactionAspectSupport.invokeWithinTransaction(TransactionAspectSupport.java:370)
	at org.springframework.transaction.interceptor.TransactionInterceptor.invoke(TransactionInterceptor.java:118)
	at org.springframework.aop.framework.ReflectiveMethodInvocation.proceed(ReflectiveMethodInvocation.java:179)
	at org.springframework.dao.support.PersistenceExceptionTranslationInterceptor.invoke(PersistenceExceptionTranslationInterceptor.java:135)
	... 50 common frames omitted
Caused by: org.h2.jdbc.JdbcSQLSyntaxErrorException: Table "USERS" not found (this database is empty); SQL statement:
select u1_0.id,u1_0.hash,u1_0.login,u1_0.salt from users u1_0 where u1_0.login=? [42104-240]
	at org.h2.message.DbException.getJdbcSQLException(DbException.java:514)
	at org.h2.message.DbException.getJdbcSQLException(DbException.java:489)
	at org.h2.message.DbException.get(DbException.java:223)
	at org.h2.message.DbException.get(DbException.java:199)
	at org.h2.command.Parser.getTableOrViewNotFoundDbException(Parser.java:8036)
	at org.h2.command.Parser.getTableOrViewNotFoundDbException(Parser.java:8020)
	at org.h2.command.Parser.readTableOrView(Parser.java:7999)
	at org.h2.command.Parser.readTablePrimary(Parser.java:1772)
	at org.h2.command.Parser.readTableReference(Parser.java:2252)
	at org.h2.command.Parser.parseSelectFromPart(Parser.java:2705)
	at org.h2.command.Parser.parseSelect(Parser.java:2813)
	at org.h2.command.Parser.parseQueryPrimary(Parser.java:2695)
	at org.h2.command.Parser.parseQueryTerm(Parser.java:2550)
	at org.h2.command.Parser.parseQueryExpressionBody(Parser.java:2529)
	at org.h2.command.Parser.parseQueryExpressionBodyAndEndOfQuery(Parser.java:2522)
	at org.h2.command.Parser.parseQueryExpression(Parser.java:2515)
	at org.h2.command.Parser.parseQuery(Parser.java:2482)
	at org.h2.command.Parser.parsePrepared(Parser.java:613)
	at org.h2.command.Parser.parse(Parser.java:584)
	at org.h2.command.Parser.parse(Parser.java:559)
	at org.h2.command.Parser.prepareCommand(Parser.java:487)
	at org.h2.engine.SessionLocal.prepareLocal(SessionLocal.java:647)
	at org.h2.engine.SessionLocal.prepareCommand(SessionLocal.java:563)
	at org.h2.jdbc.JdbcConnection.prepareCommand(JdbcConnection.java:1160)
	at org.h2.jdbc.JdbcPreparedStatement.<init>(JdbcPreparedStatement.java:93)
	at org.h2.jdbc.JdbcConnection.prepareStatement(JdbcConnection.java:686)
	at com.zaxxer.hikari.pool.ProxyConnection.prepareStatement(ProxyConnection.java:342)
	at com.zaxxer.hikari.pool.HikariProxyConnection.prepareStatement(HikariProxyConnection.java)
	at org.hibernate.engine.jdbc.internal.StatementPreparerImpl$4.doPrepare(StatementPreparerImpl.java:158)
	at org.hibernate.engine.jdbc.internal.StatementPreparerImpl$StatementPreparationTemplate.prepareStatement(StatementPreparerImpl.java:187)
	... 88 common frames omitted
2025-12-16 21:38:02 [SpringApplicationShutdownHook] INFO  o.s.o.j.LocalContainerEntityManagerFactoryBean - Closing JPA EntityManagerFactory for persistence unit 'default'
2025-12-16 21:38:02 [SpringApplicationShutdownHook] INFO  com.zaxxer.hikari.HikariDataSource - HikariPool-1 - Shutdown initiated...
2025-12-16 21:38:02 [SpringApplicationShutdownHook] INFO  com.zaxxer.hikari.HikariDataSource - HikariPool-1 - Shutdown completed.
2025-12-16 21:43:14 [main] INFO  c.H.E.ExplorerAppApplication$Companion - Starting ExplorerAppApplication.Companion v0.0.1-SNAPSHOT using Java 17.0.17 with PID 19772 (C:\Users\Stradalec\Documents\GitHub\HLPT-Lab2-\target\ExplorerApp-0.0.1-SNAPSHOT.jar started by Stradalec in C:\Users\Stradalec\Documents\GitHub\HLPT-Lab2-)
2025-12-16 21:43:14 [main] INFO  c.H.E.ExplorerAppApplication$Companion - No active profile set, falling back to 1 default profile: "default"
2025-12-16 21:43:15 [main] INFO  o.s.d.r.c.RepositoryConfigurationDelegate - Bootstrapping Spring Data JPA repositories in DEFAULT mode.
2025-12-16 21:43:15 [main] INFO  o.s.d.r.c.RepositoryConfigurationDelegate - Finished Spring Data repository scanning in 89 ms. Found 3 JPA repository interfaces.
2025-12-16 21:43:16 [main] INFO  o.h.jpa.internal.util.LogHelper - HHH000204: Processing PersistenceUnitInfo [name: default]
2025-12-16 21:43:16 [main] INFO  org.hibernate.Version - HHH000412: Hibernate ORM core version 7.1.8.Final
2025-12-16 21:43:18 [main] INFO  o.s.o.j.p.SpringPersistenceUnitInfo - No LoadTimeWeaver setup: ignoring JPA class transformer
2025-12-16 21:43:18 [main] INFO  com.zaxxer.hikari.HikariDataSource - HikariPool-1 - Starting...
2025-12-16 21:43:18 [main] INFO  com.zaxxer.hikari.pool.HikariPool - HikariPool-1 - Added connection conn0: url=jdbc:h2:./data/coolDatabase user=SA
2025-12-16 21:43:18 [main] INFO  com.zaxxer.hikari.HikariDataSource - HikariPool-1 - Start completed.
2025-12-16 21:43:18 [main] WARN  org.hibernate.orm.deprecation - HHH90000025: H2Dialect does not need to be specified explicitly using 'hibernate.dialect' (remove the property setting and it will be selected by default)
2025-12-16 21:43:18 [main] INFO  o.hibernate.orm.connections.pooling - HHH10001005: Database info:
	Database JDBC URL [jdbc:h2:./data/coolDatabase]
	Database driver: H2 JDBC Driver
	Database dialect: H2Dialect
	Database version: 2.4.240
	Default catalog/schema: COOLDATABASE/PUBLIC
	Autocommit mode: undefined/unknown
	Isolation level: READ_COMMITTED [default READ_COMMITTED]
	JDBC fetch size: 100
	Pool: DatasourceConnectionProviderImpl
	Minimum pool size: undefined/unknown
	Maximum pool size: undefined/unknown
2025-12-16 21:43:19 [main] INFO  o.h.m.i.EntityInstantiatorPojoStandard - HHH000182: No default (no-argument) constructor for class [com.HLPTLab7.ExplorerApp.models.Resource] (class must be instantiated by Interceptor)
2025-12-16 21:43:19 [main] INFO  o.h.m.i.EntityInstantiatorPojoStandard - HHH000182: No default (no-argument) constructor for class [com.HLPTLab7.ExplorerApp.models.User] (class must be instantiated by Interceptor)
2025-12-16 21:43:19 [main] INFO  o.h.m.i.EntityInstantiatorPojoStandard - HHH000182: No default (no-argument) constructor for class [com.HLPTLab7.ExplorerApp.models.Permission] (class must be instantiated by Interceptor)
2025-12-16 21:43:20 [main] INFO  o.h.e.t.j.p.i.JtaPlatformInitiator - HHH000489: No JTA platform available (set 'hibernate.transaction.jta.platform' to enable JTA platform integration)
2025-12-16 21:43:20 [main] INFO  o.s.o.j.LocalContainerEntityManagerFactoryBean - Initialized JPA EntityManagerFactory for persistence unit 'default'
2025-12-16 21:43:20 [main] INFO  o.s.d.j.r.q.QueryEnhancerFactories - Hibernate is in classpath; If applicable, HQL parser will be used.
2025-12-16 21:43:24 [main] INFO  c.H.E.ExplorerAppApplication$Companion - Started ExplorerAppApplication.Companion in 11.012 seconds (process running for 12.174)
2025-12-16 21:43:24 [main] INFO  c.H.E.ExplorerAppApplication - A DEBUG Message
2025-12-16 21:43:24 [main] WARN  org.hibernate.orm.jdbc.error - HHH000247: ErrorCode: 42104, SQLState: 42S04
2025-12-16 21:43:24 [main] WARN  org.hibernate.orm.jdbc.error - Table "USERS" not found (this database is empty); SQL statement:
select u1_0.id,u1_0.hash,u1_0.login,u1_0.salt from users u1_0 where u1_0.login=? [42104-240]
2025-12-16 21:43:24 [main] ERROR c.H.E.ExplorerAppApplication - Неизвестная ошибка
org.springframework.dao.InvalidDataAccessResourceUsageException: Could not prepare statement [Table "USERS" not found (this database is empty); SQL statement:
select u1_0.id,u1_0.hash,u1_0.login,u1_0.salt from users u1_0 where u1_0.login=? [42104-240]] [select u1_0.id,u1_0.hash,u1_0.login,u1_0.salt from users u1_0 where u1_0.login=?]; SQL [select u1_0.id,u1_0.hash,u1_0.login,u1_0.salt from users u1_0 where u1_0.login=?]
	at org.springframework.orm.jpa.hibernate.HibernateExceptionTranslator.convertHibernateAccessException(HibernateExceptionTranslator.java:156)
	at org.springframework.orm.jpa.hibernate.HibernateExceptionTranslator.convertHibernateAccessException(HibernateExceptionTranslator.java:131)
	at org.springframework.orm.jpa.hibernate.HibernateExceptionTranslator.translateExceptionIfPossible(HibernateExceptionTranslator.java:105)
	at org.springframework.orm.jpa.vendor.HibernateJpaDialect.translateExceptionIfPossible(HibernateJpaDialect.java:199)
	at org.springframework.orm.jpa.AbstractEntityManagerFactoryBean.translateExceptionIfPossible(AbstractEntityManagerFactoryBean.java:556)
	at org.springframework.dao.support.ChainedPersistenceExceptionTranslator.translateExceptionIfPossible(ChainedPersistenceExceptionTranslator.java:61)
	at org.springframework.dao.support.DataAccessUtils.translateIfNecessary(DataAccessUtils.java:346)
	at org.springframework.dao.support.PersistenceExceptionTranslationInterceptor.invoke(PersistenceExceptionTranslationInterceptor.java:157)
	at org.springframework.aop.framework.ReflectiveMethodInvocation.proceed(ReflectiveMethodInvocation.java:179)
	at org.springframework.data.jpa.repository.support.CrudMethodMetadataPostProcessor$CrudMethodMetadataPopulatingMethodInterceptor.invoke(CrudMethodMetadataPostProcessor.java:137)
	at org.springframework.aop.framework.ReflectiveMethodInvocation.proceed(ReflectiveMethodInvocation.java:179)
	at org.springframework.data.util.NullnessMethodInvocationValidator.invoke(NullnessMethodInvocationValidator.java:99)
	at org.springframework.aop.framework.ReflectiveMethodInvocation.proceed(ReflectiveMethodInvocation.java:179)
	at org.springframework.aop.framework.JdkDynamicAopProxy.invoke(JdkDynamicAopProxy.java:222)
	at jdk.proxy2/jdk.proxy2.$Proxy113.findByLogin(Unknown Source)
	at com.HLPTLab7.ExplorerApp.repositories.UserJpaRepositoryAdapter.findByLogin(UserJpaRepositoryAdapter.kt:13)
	at java.base/jdk.internal.reflect.NativeMethodAccessorImpl.invoke0(Native Method)
	at java.base/jdk.internal.reflect.NativeMethodAccessorImpl.invoke(NativeMethodAccessorImpl.java:77)
	at java.base/jdk.internal.reflect.DelegatingMethodAccessorImpl.invoke(DelegatingMethodAccessorImpl.java:43)
	at java.base/java.lang.reflect.Method.invoke(Method.java:569)
	at org.springframework.aop.support.AopUtils.invokeJoinpointUsingReflection(AopUtils.java:359)
	at org.springframework.aop.framework.ReflectiveMethodInvocation.invokeJoinpoint(ReflectiveMethodInvocation.java:190)
	at org.springframework.aop.framework.ReflectiveMethodInvocation.proceed(ReflectiveMethodInvocation.java:158)
	at org.springframework.dao.support.PersistenceExceptionTranslationInterceptor.invoke(PersistenceExceptionTranslationInterceptor.java:135)
	at org.springframework.aop.framework.ReflectiveMethodInvocation.proceed(ReflectiveMethodInvocation.java:179)
	at org.springframework.aop.framework.CglibAopProxy$DynamicAdvisedInterceptor.intercept(CglibAopProxy.java:719)
	at com.HLPTLab7.ExplorerApp.repositories.UserJpaRepositoryAdapter$$SpringCGLIB$$0.findByLogin(<generated>)
	at com.HLPTLab7.ExplorerApp.handlers.ResourceActionUseCase.execute(ResourceActionUseCase.kt:15)
	at com.HLPTLab7.ExplorerApp.handlers.CommandHandler.execute(CommandHandler.kt:19)
	at com.HLPTLab7.ExplorerApp.ExplorerAppApplication.run(ExplorerAppApplication.kt:29)
	at org.springframework.boot.SpringApplication.lambda$callRunner$1(SpringApplication.java:801)
	at org.springframework.util.function.ThrowingConsumer$1.acceptWithException(ThrowingConsumer.java:82)
	at org.springframework.util.function.ThrowingConsumer.accept(ThrowingConsumer.java:60)
	at org.springframework.util.function.ThrowingConsumer$1.accept(ThrowingConsumer.java:86)
	at org.springframework.boot.SpringApplication.callRunner(SpringApplication.java:809)
	at org.springframework.boot.SpringApplication.callRunner(SpringApplication.java:800)
	at org.springframework.boot.SpringApplication.lambda$callRunners$0(SpringApplication.java:785)
	at java.base/java.util.stream.ForEachOps$ForEachOp$OfRef.accept(ForEachOps.java:183)
	at java.base/java.util.stream.SortedOps$SizedRefSortingSink.end(SortedOps.java:357)
	at java.base/java.util.stream.AbstractPipeline.copyInto(AbstractPipeline.java:510)
	at java.base/java.util.stream.AbstractPipeline.wrapAndCopyInto(AbstractPipeline.java:499)
	at java.base/java.util.stream.ForEachOps$ForEachOp.evaluateSequential(ForEachOps.java:150)
	at java.base/java.util.stream.ForEachOps$ForEachOp$OfRef.evaluateSequential(ForEachOps.java:173)
	at java.base/java.util.stream.AbstractPipeline.evaluate(AbstractPipeline.java:234)
	at java.base/java.util.stream.ReferencePipeline.forEach(ReferencePipeline.java:596)
	at org.springframework.boot.SpringApplication.callRunners(SpringApplication.java:785)
	at org.springframework.boot.SpringApplication.run(SpringApplication.java:328)
	at org.springframework.boot.SpringApplication.run(SpringApplication.java:1374)
	at org.springframework.boot.SpringApplication.run(SpringApplication.java:1363)
	at com.HLPTLab7.ExplorerApp.ExplorerAppApplication$Companion.main(ExplorerAppApplication.kt:46)
	at com.HLPTLab7.ExplorerApp.ExplorerAppApplication.main(ExplorerAppApplication.kt)
	at java.base/jdk.internal.reflect.NativeMethodAccessorImpl.invoke0(Native Method)
	at java.base/jdk.internal.reflect.NativeMethodAccessorImpl.invoke(NativeMethodAccessorImpl.java:77)
	at java.base/jdk.internal.reflect.DelegatingMethodAccessorImpl.invoke(DelegatingMethodAccessorImpl.java:43)
	at java.base/java.lang.reflect.Method.invoke(Method.java:569)
	at org.springframework.boot.loader.launch.Launcher.launch(Launcher.java:106)
	at org.springframework.boot.loader.launch.Launcher.launch(Launcher.java:64)
	at org.springframework.boot.loader.launch.JarLauncher.main(JarLauncher.java:40)
Caused by: org.hibernate.exception.SQLGrammarException: Could not prepare statement [Table "USERS" not found (this database is empty); SQL statement:
select u1_0.id,u1_0.hash,u1_0.login,u1_0.salt from users u1_0 where u1_0.login=? [42104-240]] [select u1_0.id,u1_0.hash,u1_0.login,u1_0.salt from users u1_0 where u1_0.login=?]
	at org.hibernate.exception.internal.SQLExceptionTypeDelegate.convert(SQLExceptionTypeDelegate.java:64)
	at org.hibernate.exception.internal.StandardSQLExceptionConverter.convert(StandardSQLExceptionConverter.java:34)
	at org.hibernate.engine.jdbc.spi.SqlExceptionHelper.convert(SqlExceptionHelper.java:115)
	at org.hibernate.engine.jdbc.internal.StatementPreparerImpl$StatementPreparationTemplate.prepareStatement(StatementPreparerImpl.java:198)
	at org.hibernate.engine.jdbc.internal.StatementPreparerImpl.prepareQueryStatement(StatementPreparerImpl.java:160)
	at org.hibernate.sql.exec.internal.StandardStatementCreator.createStatement(StandardStatementCreator.java:47)
	at org.hibernate.sql.results.jdbc.internal.DeferredResultSetAccess.executeQuery(DeferredResultSetAccess.java:271)
	at org.hibernate.sql.results.jdbc.internal.DeferredResultSetAccess.getResultSet(DeferredResultSetAccess.java:200)
	at org.hibernate.sql.results.jdbc.internal.JdbcValuesResultSetImpl.<init>(JdbcValuesResultSetImpl.java:72)
	at org.hibernate.sql.exec.internal.JdbcSelectExecutorStandardImpl.resolveJdbcValues(JdbcSelectExecutorStandardImpl.java:372)
	at org.hibernate.sql.exec.internal.JdbcSelectExecutorStandardImpl.resolveJdbcValuesSource(JdbcSelectExecutorStandardImpl.java:332)
	at org.hibernate.sql.exec.internal.JdbcSelectExecutorStandardImpl.doExecuteQuery(JdbcSelectExecutorStandardImpl.java:135)
	at org.hibernate.sql.exec.internal.JdbcSelectExecutorStandardImpl.executeQuery(JdbcSelectExecutorStandardImpl.java:100)
	at org.hibernate.sql.exec.spi.JdbcSelectExecutor.executeQuery(JdbcSelectExecutor.java:64)
	at org.hibernate.sql.exec.spi.JdbcSelectExecutor.list(JdbcSelectExecutor.java:138)
	at org.hibernate.query.sqm.internal.ConcreteSqmSelectQueryPlan.lambda$new$1(ConcreteSqmSelectQueryPlan.java:146)
	at org.hibernate.query.sqm.internal.ConcreteSqmSelectQueryPlan.withCacheableSqmInterpretation(ConcreteSqmSelectQueryPlan.java:455)
	at org.hibernate.query.sqm.internal.ConcreteSqmSelectQueryPlan.performList(ConcreteSqmSelectQueryPlan.java:388)
	at org.hibernate.query.sqm.internal.SqmQueryImpl.doList(SqmQueryImpl.java:386)
	at org.hibernate.query.spi.AbstractSelectionQuery.list(AbstractSelectionQuery.java:154)
	at org.hibernate.query.spi.AbstractSelectionQuery.getSingleResultOrNull(AbstractSelectionQuery.java:320)
	at java.base/jdk.internal.reflect.NativeMethodAccessorImpl.invoke0(Native Method)
	at java.base/jdk.internal.reflect.NativeMethodAccessorImpl.invoke(NativeMethodAccessorImpl.java:77)
	at java.base/jdk.internal.reflect.DelegatingMethodAccessorImpl.invoke(DelegatingMethodAccessorImpl.java:43)
	at java.base/java.lang.reflect.Method.invoke(Method.java:569)
	at org.springframework.orm.jpa.SharedEntityManagerCreator$DeferredQueryInvocationHandler.invoke(SharedEntityManagerCreator.java:414)
	at jdk.proxy2/jdk.proxy2.$Proxy116.getSingleResultOrNull(Unknown Source)
	at org.springframework.data.jpa.repository.query.JpaQueryExecution$SingleEntityExecution.doExecute(JpaQueryExecution.java:328)
	at org.springframework.data.jpa.repository.query.JpaQueryExecution.execute(JpaQueryExecution.java:99)
	at org.springframework.data.jpa.repository.query.AbstractJpaQuery.doExecute(AbstractJpaQuery.java:164)
	at org.springframework.data.jpa.repository.query.AbstractJpaQuery.execute(AbstractJpaQuery.java:154)
	at org.springframework.data.repository.core.support.RepositoryMethodInvoker.doInvoke(RepositoryMethodInvoker.java:169)
	at org.springframework.data.repository.core.support.RepositoryMethodInvoker.invoke(RepositoryMethodInvoker.java:158)
	at org.springframework.data.repository.core.support.QueryExecutorMethodInterceptor.doInvoke(QueryExecutorMethodInterceptor.java:167)
	at org.springframework.data.repository.core.support.QueryExecutorMethodInterceptor.invoke(QueryExecutorMethodInterceptor.java:146)
	at org.springframework.aop.framework.ReflectiveMethodInvocation.proceed(ReflectiveMethodInvocation.java:179)
	at org.springframework.data.projection.DefaultMethodInvokingMethodInterceptor.invoke(DefaultMethodInvokingMethodInterceptor.java:69)
	at org.springframework.aop.framework.ReflectiveMethodInvocation.proceed(ReflectiveMethodInvocation.java:179)
	at org.springframework.transaction.interceptor.TransactionAspectSupport.invokeWithinTransaction(TransactionAspectSupport.java:370)
	at org.springframework.transaction.interceptor.TransactionInterceptor.invoke(TransactionInterceptor.java:118)
	at org.springframework.aop.framework.ReflectiveMethodInvocation.proceed(ReflectiveMethodInvocation.java:179)
	at org.springframework.dao.support.PersistenceExceptionTranslationInterceptor.invoke(PersistenceExceptionTranslationInterceptor.java:135)
	... 50 common frames omitted
Caused by: org.h2.jdbc.JdbcSQLSyntaxErrorException: Table "USERS" not found (this database is empty); SQL statement:
select u1_0.id,u1_0.hash,u1_0.login,u1_0.salt from users u1_0 where u1_0.login=? [42104-240]
	at org.h2.message.DbException.getJdbcSQLException(DbException.java:514)
	at org.h2.message.DbException.getJdbcSQLException(DbException.java:489)
	at org.h2.message.DbException.get(DbException.java:223)
	at org.h2.message.DbException.get(DbException.java:199)
	at org.h2.command.Parser.getTableOrViewNotFoundDbException(Parser.java:8036)
	at org.h2.command.Parser.getTableOrViewNotFoundDbException(Parser.java:8020)
	at org.h2.command.Parser.readTableOrView(Parser.java:7999)
	at org.h2.command.Parser.readTablePrimary(Parser.java:1772)
	at org.h2.command.Parser.readTableReference(Parser.java:2252)
	at org.h2.command.Parser.parseSelectFromPart(Parser.java:2705)
	at org.h2.command.Parser.parseSelect(Parser.java:2813)
	at org.h2.command.Parser.parseQueryPrimary(Parser.java:2695)
	at org.h2.command.Parser.parseQueryTerm(Parser.java:2550)
	at org.h2.command.Parser.parseQueryExpressionBody(Parser.java:2529)
	at org.h2.command.Parser.parseQueryExpressionBodyAndEndOfQuery(Parser.java:2522)
	at org.h2.command.Parser.parseQueryExpression(Parser.java:2515)
	at org.h2.command.Parser.parseQuery(Parser.java:2482)
	at org.h2.command.Parser.parsePrepared(Parser.java:613)
	at org.h2.command.Parser.parse(Parser.java:584)
	at org.h2.command.Parser.parse(Parser.java:559)
	at org.h2.command.Parser.prepareCommand(Parser.java:487)
	at org.h2.engine.SessionLocal.prepareLocal(SessionLocal.java:647)
	at org.h2.engine.SessionLocal.prepareCommand(SessionLocal.java:563)
	at org.h2.jdbc.JdbcConnection.prepareCommand(JdbcConnection.java:1160)
	at org.h2.jdbc.JdbcPreparedStatement.<init>(JdbcPreparedStatement.java:93)
	at org.h2.jdbc.JdbcConnection.prepareStatement(JdbcConnection.java:686)
	at com.zaxxer.hikari.pool.ProxyConnection.prepareStatement(ProxyConnection.java:342)
	at com.zaxxer.hikari.pool.HikariProxyConnection.prepareStatement(HikariProxyConnection.java)
	at org.hibernate.engine.jdbc.internal.StatementPreparerImpl$4.doPrepare(StatementPreparerImpl.java:158)
	at org.hibernate.engine.jdbc.internal.StatementPreparerImpl$StatementPreparationTemplate.prepareStatement(StatementPreparerImpl.java:187)
	... 88 common frames omitted
2025-12-16 21:43:24 [SpringApplicationShutdownHook] INFO  o.s.o.j.LocalContainerEntityManagerFactoryBean - Closing JPA EntityManagerFactory for persistence unit 'default'
2025-12-16 21:43:24 [SpringApplicationShutdownHook] INFO  com.zaxxer.hikari.HikariDataSource - HikariPool-1 - Shutdown initiated...
2025-12-16 21:43:24 [SpringApplicationShutdownHook] INFO  com.zaxxer.hikari.HikariDataSource - HikariPool-1 - Shutdown completed.
2025-12-16 21:43:27 [main] INFO  c.H.E.ExplorerAppApplication$Companion - Starting ExplorerAppApplication.Companion v0.0.1-SNAPSHOT using Java 17.0.17 with PID 18756 (C:\Users\Stradalec\Documents\GitHub\HLPT-Lab2-\target\ExplorerApp-0.0.1-SNAPSHOT.jar started by Stradalec in C:\Users\Stradalec\Documents\GitHub\HLPT-Lab2-)
2025-12-16 21:43:27 [main] INFO  c.H.E.ExplorerAppApplication$Companion - No active profile set, falling back to 1 default profile: "default"
2025-12-16 21:43:28 [main] INFO  o.s.d.r.c.RepositoryConfigurationDelegate - Bootstrapping Spring Data JPA repositories in DEFAULT mode.
2025-12-16 21:43:28 [main] INFO  o.s.d.r.c.RepositoryConfigurationDelegate - Finished Spring Data repository scanning in 94 ms. Found 3 JPA repository interfaces.
2025-12-16 21:43:29 [main] INFO  o.h.jpa.internal.util.LogHelper - HHH000204: Processing PersistenceUnitInfo [name: default]
2025-12-16 21:43:29 [main] INFO  org.hibernate.Version - HHH000412: Hibernate ORM core version 7.1.8.Final
2025-12-16 21:43:31 [main] INFO  o.s.o.j.p.SpringPersistenceUnitInfo - No LoadTimeWeaver setup: ignoring JPA class transformer
2025-12-16 21:43:31 [main] INFO  com.zaxxer.hikari.HikariDataSource - HikariPool-1 - Starting...
2025-12-16 21:43:31 [main] INFO  com.zaxxer.hikari.pool.HikariPool - HikariPool-1 - Added connection conn0: url=jdbc:h2:./data/coolDatabase user=SA
2025-12-16 21:43:31 [main] INFO  com.zaxxer.hikari.HikariDataSource - HikariPool-1 - Start completed.
2025-12-16 21:43:31 [main] WARN  org.hibernate.orm.deprecation - HHH90000025: H2Dialect does not need to be specified explicitly using 'hibernate.dialect' (remove the property setting and it will be selected by default)
2025-12-16 21:43:31 [main] INFO  o.hibernate.orm.connections.pooling - HHH10001005: Database info:
	Database JDBC URL [jdbc:h2:./data/coolDatabase]
	Database driver: H2 JDBC Driver
	Database dialect: H2Dialect
	Database version: 2.4.240
	Default catalog/schema: COOLDATABASE/PUBLIC
	Autocommit mode: undefined/unknown
	Isolation level: READ_COMMITTED [default READ_COMMITTED]
	JDBC fetch size: 100
	Pool: DatasourceConnectionProviderImpl
	Minimum pool size: undefined/unknown
	Maximum pool size: undefined/unknown
2025-12-16 21:43:32 [main] INFO  o.h.m.i.EntityInstantiatorPojoStandard - HHH000182: No default (no-argument) constructor for class [com.HLPTLab7.ExplorerApp.models.Resource] (class must be instantiated by Interceptor)
2025-12-16 21:43:32 [main] INFO  o.h.m.i.EntityInstantiatorPojoStandard - HHH000182: No default (no-argument) constructor for class [com.HLPTLab7.ExplorerApp.models.User] (class must be instantiated by Interceptor)
2025-12-16 21:43:32 [main] INFO  o.h.m.i.EntityInstantiatorPojoStandard - HHH000182: No default (no-argument) constructor for class [com.HLPTLab7.ExplorerApp.models.Permission] (class must be instantiated by Interceptor)
2025-12-16 21:43:33 [main] INFO  o.h.e.t.j.p.i.JtaPlatformInitiator - HHH000489: No JTA platform available (set 'hibernate.transaction.jta.platform' to enable JTA platform integration)
2025-12-16 21:43:33 [main] INFO  o.s.o.j.LocalContainerEntityManagerFactoryBean - Initialized JPA EntityManagerFactory for persistence unit 'default'
2025-12-16 21:43:33 [main] INFO  o.s.d.j.r.q.QueryEnhancerFactories - Hibernate is in classpath; If applicable, HQL parser will be used.
2025-12-16 21:43:37 [main] INFO  c.H.E.ExplorerAppApplication$Companion - Started ExplorerAppApplication.Companion in 11.28 seconds (process running for 12.445)
2025-12-16 21:43:37 [main] INFO  c.H.E.ExplorerAppApplication - A DEBUG Message
2025-12-16 21:43:37 [SpringApplicationShutdownHook] INFO  o.s.o.j.LocalContainerEntityManagerFactoryBean - Closing JPA EntityManagerFactory for persistence unit 'default'
2025-12-16 21:43:37 [SpringApplicationShutdownHook] INFO  com.zaxxer.hikari.HikariDataSource - HikariPool-1 - Shutdown initiated...
2025-12-16 21:43:37 [SpringApplicationShutdownHook] INFO  com.zaxxer.hikari.HikariDataSource - HikariPool-1 - Shutdown completed.
2025-12-16 21:43:40 [main] INFO  c.H.E.ExplorerAppApplication$Companion - Starting ExplorerAppApplication.Companion v0.0.1-SNAPSHOT using Java 17.0.17 with PID 15788 (C:\Users\Stradalec\Documents\GitHub\HLPT-Lab2-\target\ExplorerApp-0.0.1-SNAPSHOT.jar started by Stradalec in C:\Users\Stradalec\Documents\GitHub\HLPT-Lab2-)
2025-12-16 21:43:40 [main] INFO  c.H.E.ExplorerAppApplication$Companion - No active profile set, falling back to 1 default profile: "default"
2025-12-16 21:43:42 [main] INFO  o.s.d.r.c.RepositoryConfigurationDelegate - Bootstrapping Spring Data JPA repositories in DEFAULT mode.
2025-12-16 21:43:42 [main] INFO  o.s.d.r.c.RepositoryConfigurationDelegate - Finished Spring Data repository scanning in 146 ms. Found 3 JPA repository interfaces.
2025-12-16 21:43:43 [main] INFO  o.h.jpa.internal.util.LogHelper - HHH000204: Processing PersistenceUnitInfo [name: default]
2025-12-16 21:43:43 [main] INFO  org.hibernate.Version - HHH000412: Hibernate ORM core version 7.1.8.Final
2025-12-16 21:43:45 [main] INFO  o.s.o.j.p.SpringPersistenceUnitInfo - No LoadTimeWeaver setup: ignoring JPA class transformer
2025-12-16 21:43:45 [main] INFO  com.zaxxer.hikari.HikariDataSource - HikariPool-1 - Starting...
2025-12-16 21:43:45 [main] INFO  com.zaxxer.hikari.pool.HikariPool - HikariPool-1 - Added connection conn0: url=jdbc:h2:./data/coolDatabase user=SA
2025-12-16 21:43:45 [main] INFO  com.zaxxer.hikari.HikariDataSource - HikariPool-1 - Start completed.
2025-12-16 21:43:45 [main] WARN  org.hibernate.orm.deprecation - HHH90000025: H2Dialect does not need to be specified explicitly using 'hibernate.dialect' (remove the property setting and it will be selected by default)
2025-12-16 21:43:46 [main] INFO  o.hibernate.orm.connections.pooling - HHH10001005: Database info:
	Database JDBC URL [jdbc:h2:./data/coolDatabase]
	Database driver: H2 JDBC Driver
	Database dialect: H2Dialect
	Database version: 2.4.240
	Default catalog/schema: COOLDATABASE/PUBLIC
	Autocommit mode: undefined/unknown
	Isolation level: READ_COMMITTED [default READ_COMMITTED]
	JDBC fetch size: 100
	Pool: DatasourceConnectionProviderImpl
	Minimum pool size: undefined/unknown
	Maximum pool size: undefined/unknown
2025-12-16 21:43:47 [main] INFO  o.h.m.i.EntityInstantiatorPojoStandard - HHH000182: No default (no-argument) constructor for class [com.HLPTLab7.ExplorerApp.models.Resource] (class must be instantiated by Interceptor)
2025-12-16 21:43:47 [main] INFO  o.h.m.i.EntityInstantiatorPojoStandard - HHH000182: No default (no-argument) constructor for class [com.HLPTLab7.ExplorerApp.models.User] (class must be instantiated by Interceptor)
2025-12-16 21:43:47 [main] INFO  o.h.m.i.EntityInstantiatorPojoStandard - HHH000182: No default (no-argument) constructor for class [com.HLPTLab7.ExplorerApp.models.Permission] (class must be instantiated by Interceptor)
2025-12-16 21:43:47 [main] INFO  o.h.e.t.j.p.i.JtaPlatformInitiator - HHH000489: No JTA platform available (set 'hibernate.transaction.jta.platform' to enable JTA platform integration)
2025-12-16 21:43:47 [main] INFO  o.s.o.j.LocalContainerEntityManagerFactoryBean - Initialized JPA EntityManagerFactory for persistence unit 'default'
2025-12-16 21:43:48 [main] INFO  o.s.d.j.r.q.QueryEnhancerFactories - Hibernate is in classpath; If applicable, HQL parser will be used.
2025-12-16 21:43:53 [main] INFO  c.H.E.ExplorerAppApplication$Companion - Started ExplorerAppApplication.Companion in 13.759 seconds (process running for 15.242)
2025-12-16 21:43:53 [main] INFO  c.H.E.ExplorerAppApplication - A DEBUG Message
2025-12-16 21:43:53 [SpringApplicationShutdownHook] INFO  o.s.o.j.LocalContainerEntityManagerFactoryBean - Closing JPA EntityManagerFactory for persistence unit 'default'
2025-12-16 21:43:53 [SpringApplicationShutdownHook] INFO  com.zaxxer.hikari.HikariDataSource - HikariPool-1 - Shutdown initiated...
2025-12-16 21:43:53 [SpringApplicationShutdownHook] INFO  com.zaxxer.hikari.HikariDataSource - HikariPool-1 - Shutdown completed.
2025-12-16 21:43:56 [main] INFO  c.H.E.ExplorerAppApplication$Companion - Starting ExplorerAppApplication.Companion v0.0.1-SNAPSHOT using Java 17.0.17 with PID 10528 (C:\Users\Stradalec\Documents\GitHub\HLPT-Lab2-\target\ExplorerApp-0.0.1-SNAPSHOT.jar started by Stradalec in C:\Users\Stradalec\Documents\GitHub\HLPT-Lab2-)
2025-12-16 21:43:56 [main] INFO  c.H.E.ExplorerAppApplication$Companion - No active profile set, falling back to 1 default profile: "default"
2025-12-16 21:43:57 [main] INFO  o.s.d.r.c.RepositoryConfigurationDelegate - Bootstrapping Spring Data JPA repositories in DEFAULT mode.
2025-12-16 21:43:58 [main] INFO  o.s.d.r.c.RepositoryConfigurationDelegate - Finished Spring Data repository scanning in 118 ms. Found 3 JPA repository interfaces.
2025-12-16 21:43:59 [main] INFO  o.h.jpa.internal.util.LogHelper - HHH000204: Processing PersistenceUnitInfo [name: default]
2025-12-16 21:43:59 [main] INFO  org.hibernate.Version - HHH000412: Hibernate ORM core version 7.1.8.Final
2025-12-16 21:44:00 [main] INFO  o.s.o.j.p.SpringPersistenceUnitInfo - No LoadTimeWeaver setup: ignoring JPA class transformer
2025-12-16 21:44:01 [main] INFO  com.zaxxer.hikari.HikariDataSource - HikariPool-1 - Starting...
2025-12-16 21:44:01 [main] INFO  com.zaxxer.hikari.pool.HikariPool - HikariPool-1 - Added connection conn0: url=jdbc:h2:./data/coolDatabase user=SA
2025-12-16 21:44:01 [main] INFO  com.zaxxer.hikari.HikariDataSource - HikariPool-1 - Start completed.
2025-12-16 21:44:01 [main] WARN  org.hibernate.orm.deprecation - HHH90000025: H2Dialect does not need to be specified explicitly using 'hibernate.dialect' (remove the property setting and it will be selected by default)
2025-12-16 21:44:01 [main] INFO  o.hibernate.orm.connections.pooling - HHH10001005: Database info:
	Database JDBC URL [jdbc:h2:./data/coolDatabase]
	Database driver: H2 JDBC Driver
	Database dialect: H2Dialect
	Database version: 2.4.240
	Default catalog/schema: COOLDATABASE/PUBLIC
	Autocommit mode: undefined/unknown
	Isolation level: READ_COMMITTED [default READ_COMMITTED]
	JDBC fetch size: 100
	Pool: DatasourceConnectionProviderImpl
	Minimum pool size: undefined/unknown
	Maximum pool size: undefined/unknown
2025-12-16 21:44:03 [main] INFO  o.h.m.i.EntityInstantiatorPojoStandard - HHH000182: No default (no-argument) constructor for class [com.HLPTLab7.ExplorerApp.models.Resource] (class must be instantiated by Interceptor)
2025-12-16 21:44:03 [main] INFO  o.h.m.i.EntityInstantiatorPojoStandard - HHH000182: No default (no-argument) constructor for class [com.HLPTLab7.ExplorerApp.models.User] (class must be instantiated by Interceptor)
2025-12-16 21:44:03 [main] INFO  o.h.m.i.EntityInstantiatorPojoStandard - HHH000182: No default (no-argument) constructor for class [com.HLPTLab7.ExplorerApp.models.Permission] (class must be instantiated by Interceptor)
2025-12-16 21:44:03 [main] INFO  o.h.e.t.j.p.i.JtaPlatformInitiator - HHH000489: No JTA platform available (set 'hibernate.transaction.jta.platform' to enable JTA platform integration)
2025-12-16 21:44:03 [main] INFO  o.s.o.j.LocalContainerEntityManagerFactoryBean - Initialized JPA EntityManagerFactory for persistence unit 'default'
2025-12-16 21:44:04 [main] INFO  o.s.d.j.r.q.QueryEnhancerFactories - Hibernate is in classpath; If applicable, HQL parser will be used.
2025-12-16 21:44:08 [main] INFO  c.H.E.ExplorerAppApplication$Companion - Started ExplorerAppApplication.Companion in 13.357 seconds (process running for 14.868)
2025-12-16 21:44:08 [main] INFO  c.H.E.ExplorerAppApplication - A DEBUG Message
2025-12-16 21:44:09 [main] WARN  org.hibernate.orm.jdbc.error - HHH000247: ErrorCode: 42104, SQLState: 42S04
2025-12-16 21:44:09 [main] WARN  org.hibernate.orm.jdbc.error - Table "USERS" not found (this database is empty); SQL statement:
select u1_0.id,u1_0.hash,u1_0.login,u1_0.salt from users u1_0 where u1_0.login=? [42104-240]
2025-12-16 21:44:09 [main] ERROR c.H.E.ExplorerAppApplication - Неизвестная ошибка
org.springframework.dao.InvalidDataAccessResourceUsageException: Could not prepare statement [Table "USERS" not found (this database is empty); SQL statement:
select u1_0.id,u1_0.hash,u1_0.login,u1_0.salt from users u1_0 where u1_0.login=? [42104-240]] [select u1_0.id,u1_0.hash,u1_0.login,u1_0.salt from users u1_0 where u1_0.login=?]; SQL [select u1_0.id,u1_0.hash,u1_0.login,u1_0.salt from users u1_0 where u1_0.login=?]
	at org.springframework.orm.jpa.hibernate.HibernateExceptionTranslator.convertHibernateAccessException(HibernateExceptionTranslator.java:156)
	at org.springframework.orm.jpa.hibernate.HibernateExceptionTranslator.convertHibernateAccessException(HibernateExceptionTranslator.java:131)
	at org.springframework.orm.jpa.hibernate.HibernateExceptionTranslator.translateExceptionIfPossible(HibernateExceptionTranslator.java:105)
	at org.springframework.orm.jpa.vendor.HibernateJpaDialect.translateExceptionIfPossible(HibernateJpaDialect.java:199)
	at org.springframework.orm.jpa.AbstractEntityManagerFactoryBean.translateExceptionIfPossible(AbstractEntityManagerFactoryBean.java:556)
	at org.springframework.dao.support.ChainedPersistenceExceptionTranslator.translateExceptionIfPossible(ChainedPersistenceExceptionTranslator.java:61)
	at org.springframework.dao.support.DataAccessUtils.translateIfNecessary(DataAccessUtils.java:346)
	at org.springframework.dao.support.PersistenceExceptionTranslationInterceptor.invoke(PersistenceExceptionTranslationInterceptor.java:157)
	at org.springframework.aop.framework.ReflectiveMethodInvocation.proceed(ReflectiveMethodInvocation.java:179)
	at org.springframework.data.jpa.repository.support.CrudMethodMetadataPostProcessor$CrudMethodMetadataPopulatingMethodInterceptor.invoke(CrudMethodMetadataPostProcessor.java:137)
	at org.springframework.aop.framework.ReflectiveMethodInvocation.proceed(ReflectiveMethodInvocation.java:179)
	at org.springframework.data.util.NullnessMethodInvocationValidator.invoke(NullnessMethodInvocationValidator.java:99)
	at org.springframework.aop.framework.ReflectiveMethodInvocation.proceed(ReflectiveMethodInvocation.java:179)
	at org.springframework.aop.framework.JdkDynamicAopProxy.invoke(JdkDynamicAopProxy.java:222)
	at jdk.proxy2/jdk.proxy2.$Proxy113.findByLogin(Unknown Source)
	at com.HLPTLab7.ExplorerApp.repositories.UserJpaRepositoryAdapter.findByLogin(UserJpaRepositoryAdapter.kt:13)
	at java.base/jdk.internal.reflect.NativeMethodAccessorImpl.invoke0(Native Method)
	at java.base/jdk.internal.reflect.NativeMethodAccessorImpl.invoke(NativeMethodAccessorImpl.java:77)
	at java.base/jdk.internal.reflect.DelegatingMethodAccessorImpl.invoke(DelegatingMethodAccessorImpl.java:43)
	at java.base/java.lang.reflect.Method.invoke(Method.java:569)
	at org.springframework.aop.support.AopUtils.invokeJoinpointUsingReflection(AopUtils.java:359)
	at org.springframework.aop.framework.ReflectiveMethodInvocation.invokeJoinpoint(ReflectiveMethodInvocation.java:190)
	at org.springframework.aop.framework.ReflectiveMethodInvocation.proceed(ReflectiveMethodInvocation.java:158)
	at org.springframework.dao.support.PersistenceExceptionTranslationInterceptor.invoke(PersistenceExceptionTranslationInterceptor.java:135)
	at org.springframework.aop.framework.ReflectiveMethodInvocation.proceed(ReflectiveMethodInvocation.java:179)
	at org.springframework.aop.framework.CglibAopProxy$DynamicAdvisedInterceptor.intercept(CglibAopProxy.java:719)
	at com.HLPTLab7.ExplorerApp.repositories.UserJpaRepositoryAdapter$$SpringCGLIB$$0.findByLogin(<generated>)
	at com.HLPTLab7.ExplorerApp.handlers.ResourceActionUseCase.execute(ResourceActionUseCase.kt:15)
	at com.HLPTLab7.ExplorerApp.handlers.CommandHandler.execute(CommandHandler.kt:19)
	at com.HLPTLab7.ExplorerApp.ExplorerAppApplication.run(ExplorerAppApplication.kt:29)
	at org.springframework.boot.SpringApplication.lambda$callRunner$1(SpringApplication.java:801)
	at org.springframework.util.function.ThrowingConsumer$1.acceptWithException(ThrowingConsumer.java:82)
	at org.springframework.util.function.ThrowingConsumer.accept(ThrowingConsumer.java:60)
	at org.springframework.util.function.ThrowingConsumer$1.accept(ThrowingConsumer.java:86)
	at org.springframework.boot.SpringApplication.callRunner(SpringApplication.java:809)
	at org.springframework.boot.SpringApplication.callRunner(SpringApplication.java:800)
	at org.springframework.boot.SpringApplication.lambda$callRunners$0(SpringApplication.java:785)
	at java.base/java.util.stream.ForEachOps$ForEachOp$OfRef.accept(ForEachOps.java:183)
	at java.base/java.util.stream.SortedOps$SizedRefSortingSink.end(SortedOps.java:357)
	at java.base/java.util.stream.AbstractPipeline.copyInto(AbstractPipeline.java:510)
	at java.base/java.util.stream.AbstractPipeline.wrapAndCopyInto(AbstractPipeline.java:499)
	at java.base/java.util.stream.ForEachOps$ForEachOp.evaluateSequential(ForEachOps.java:150)
	at java.base/java.util.stream.ForEachOps$ForEachOp$OfRef.evaluateSequential(ForEachOps.java:173)
	at java.base/java.util.stream.AbstractPipeline.evaluate(AbstractPipeline.java:234)
	at java.base/java.util.stream.ReferencePipeline.forEach(ReferencePipeline.java:596)
	at org.springframework.boot.SpringApplication.callRunners(SpringApplication.java:785)
	at org.springframework.boot.SpringApplication.run(SpringApplication.java:328)
	at org.springframework.boot.SpringApplication.run(SpringApplication.java:1374)
	at org.springframework.boot.SpringApplication.run(SpringApplication.java:1363)
	at com.HLPTLab7.ExplorerApp.ExplorerAppApplication$Companion.main(ExplorerAppApplication.kt:46)
	at com.HLPTLab7.ExplorerApp.ExplorerAppApplication.main(ExplorerAppApplication.kt)
	at java.base/jdk.internal.reflect.NativeMethodAccessorImpl.invoke0(Native Method)
	at java.base/jdk.internal.reflect.NativeMethodAccessorImpl.invoke(NativeMethodAccessorImpl.java:77)
	at java.base/jdk.internal.reflect.DelegatingMethodAccessorImpl.invoke(DelegatingMethodAccessorImpl.java:43)
	at java.base/java.lang.reflect.Method.invoke(Method.java:569)
	at org.springframework.boot.loader.launch.Launcher.launch(Launcher.java:106)
	at org.springframework.boot.loader.launch.Launcher.launch(Launcher.java:64)
	at org.springframework.boot.loader.launch.JarLauncher.main(JarLauncher.java:40)
Caused by: org.hibernate.exception.SQLGrammarException: Could not prepare statement [Table "USERS" not found (this database is empty); SQL statement:
select u1_0.id,u1_0.hash,u1_0.login,u1_0.salt from users u1_0 where u1_0.login=? [42104-240]] [select u1_0.id,u1_0.hash,u1_0.login,u1_0.salt from users u1_0 where u1_0.login=?]
	at org.hibernate.exception.internal.SQLExceptionTypeDelegate.convert(SQLExceptionTypeDelegate.java:64)
	at org.hibernate.exception.internal.StandardSQLExceptionConverter.convert(StandardSQLExceptionConverter.java:34)
	at org.hibernate.engine.jdbc.spi.SqlExceptionHelper.convert(SqlExceptionHelper.java:115)
	at org.hibernate.engine.jdbc.internal.StatementPreparerImpl$StatementPreparationTemplate.prepareStatement(StatementPreparerImpl.java:198)
	at org.hibernate.engine.jdbc.internal.StatementPreparerImpl.prepareQueryStatement(StatementPreparerImpl.java:160)
	at org.hibernate.sql.exec.internal.StandardStatementCreator.createStatement(StandardStatementCreator.java:47)
	at org.hibernate.sql.results.jdbc.internal.DeferredResultSetAccess.executeQuery(DeferredResultSetAccess.java:271)
	at org.hibernate.sql.results.jdbc.internal.DeferredResultSetAccess.getResultSet(DeferredResultSetAccess.java:200)
	at org.hibernate.sql.results.jdbc.internal.JdbcValuesResultSetImpl.<init>(JdbcValuesResultSetImpl.java:72)
	at org.hibernate.sql.exec.internal.JdbcSelectExecutorStandardImpl.resolveJdbcValues(JdbcSelectExecutorStandardImpl.java:372)
	at org.hibernate.sql.exec.internal.JdbcSelectExecutorStandardImpl.resolveJdbcValuesSource(JdbcSelectExecutorStandardImpl.java:332)
	at org.hibernate.sql.exec.internal.JdbcSelectExecutorStandardImpl.doExecuteQuery(JdbcSelectExecutorStandardImpl.java:135)
	at org.hibernate.sql.exec.internal.JdbcSelectExecutorStandardImpl.executeQuery(JdbcSelectExecutorStandardImpl.java:100)
	at org.hibernate.sql.exec.spi.JdbcSelectExecutor.executeQuery(JdbcSelectExecutor.java:64)
	at org.hibernate.sql.exec.spi.JdbcSelectExecutor.list(JdbcSelectExecutor.java:138)
	at org.hibernate.query.sqm.internal.ConcreteSqmSelectQueryPlan.lambda$new$1(ConcreteSqmSelectQueryPlan.java:146)
	at org.hibernate.query.sqm.internal.ConcreteSqmSelectQueryPlan.withCacheableSqmInterpretation(ConcreteSqmSelectQueryPlan.java:455)
	at org.hibernate.query.sqm.internal.ConcreteSqmSelectQueryPlan.performList(ConcreteSqmSelectQueryPlan.java:388)
	at org.hibernate.query.sqm.internal.SqmQueryImpl.doList(SqmQueryImpl.java:386)
	at org.hibernate.query.spi.AbstractSelectionQuery.list(AbstractSelectionQuery.java:154)
	at org.hibernate.query.spi.AbstractSelectionQuery.getSingleResultOrNull(AbstractSelectionQuery.java:320)
	at java.base/jdk.internal.reflect.NativeMethodAccessorImpl.invoke0(Native Method)
	at java.base/jdk.internal.reflect.NativeMethodAccessorImpl.invoke(NativeMethodAccessorImpl.java:77)
	at java.base/jdk.internal.reflect.DelegatingMethodAccessorImpl.invoke(DelegatingMethodAccessorImpl.java:43)
	at java.base/java.lang.reflect.Method.invoke(Method.java:569)
	at org.springframework.orm.jpa.SharedEntityManagerCreator$DeferredQueryInvocationHandler.invoke(SharedEntityManagerCreator.java:414)
	at jdk.proxy2/jdk.proxy2.$Proxy116.getSingleResultOrNull(Unknown Source)
	at org.springframework.data.jpa.repository.query.JpaQueryExecution$SingleEntityExecution.doExecute(JpaQueryExecution.java:328)
	at org.springframework.data.jpa.repository.query.JpaQueryExecution.execute(JpaQueryExecution.java:99)
	at org.springframework.data.jpa.repository.query.AbstractJpaQuery.doExecute(AbstractJpaQuery.java:164)
	at org.springframework.data.jpa.repository.query.AbstractJpaQuery.execute(AbstractJpaQuery.java:154)
	at org.springframework.data.repository.core.support.RepositoryMethodInvoker.doInvoke(RepositoryMethodInvoker.java:169)
	at org.springframework.data.repository.core.support.RepositoryMethodInvoker.invoke(RepositoryMethodInvoker.java:158)
	at org.springframework.data.repository.core.support.QueryExecutorMethodInterceptor.doInvoke(QueryExecutorMethodInterceptor.java:167)
	at org.springframework.data.repository.core.support.QueryExecutorMethodInterceptor.invoke(QueryExecutorMethodInterceptor.java:146)
	at org.springframework.aop.framework.ReflectiveMethodInvocation.proceed(ReflectiveMethodInvocation.java:179)
	at org.springframework.data.projection.DefaultMethodInvokingMethodInterceptor.invoke(DefaultMethodInvokingMethodInterceptor.java:69)
	at org.springframework.aop.framework.ReflectiveMethodInvocation.proceed(ReflectiveMethodInvocation.java:179)
	at org.springframework.transaction.interceptor.TransactionAspectSupport.invokeWithinTransaction(TransactionAspectSupport.java:370)
	at org.springframework.transaction.interceptor.TransactionInterceptor.invoke(TransactionInterceptor.java:118)
	at org.springframework.aop.framework.ReflectiveMethodInvocation.proceed(ReflectiveMethodInvocation.java:179)
	at org.springframework.dao.support.PersistenceExceptionTranslationInterceptor.invoke(PersistenceExceptionTranslationInterceptor.java:135)
	... 50 common frames omitted
Caused by: org.h2.jdbc.JdbcSQLSyntaxErrorException: Table "USERS" not found (this database is empty); SQL statement:
select u1_0.id,u1_0.hash,u1_0.login,u1_0.salt from users u1_0 where u1_0.login=? [42104-240]
	at org.h2.message.DbException.getJdbcSQLException(DbException.java:514)
	at org.h2.message.DbException.getJdbcSQLException(DbException.java:489)
	at org.h2.message.DbException.get(DbException.java:223)
	at org.h2.message.DbException.get(DbException.java:199)
	at org.h2.command.Parser.getTableOrViewNotFoundDbException(Parser.java:8036)
	at org.h2.command.Parser.getTableOrViewNotFoundDbException(Parser.java:8020)
	at org.h2.command.Parser.readTableOrView(Parser.java:7999)
	at org.h2.command.Parser.readTablePrimary(Parser.java:1772)
	at org.h2.command.Parser.readTableReference(Parser.java:2252)
	at org.h2.command.Parser.parseSelectFromPart(Parser.java:2705)
	at org.h2.command.Parser.parseSelect(Parser.java:2813)
	at org.h2.command.Parser.parseQueryPrimary(Parser.java:2695)
	at org.h2.command.Parser.parseQueryTerm(Parser.java:2550)
	at org.h2.command.Parser.parseQueryExpressionBody(Parser.java:2529)
	at org.h2.command.Parser.parseQueryExpressionBodyAndEndOfQuery(Parser.java:2522)
	at org.h2.command.Parser.parseQueryExpression(Parser.java:2515)
	at org.h2.command.Parser.parseQuery(Parser.java:2482)
	at org.h2.command.Parser.parsePrepared(Parser.java:613)
	at org.h2.command.Parser.parse(Parser.java:584)
	at org.h2.command.Parser.parse(Parser.java:559)
	at org.h2.command.Parser.prepareCommand(Parser.java:487)
	at org.h2.engine.SessionLocal.prepareLocal(SessionLocal.java:647)
	at org.h2.engine.SessionLocal.prepareCommand(SessionLocal.java:563)
	at org.h2.jdbc.JdbcConnection.prepareCommand(JdbcConnection.java:1160)
	at org.h2.jdbc.JdbcPreparedStatement.<init>(JdbcPreparedStatement.java:93)
	at org.h2.jdbc.JdbcConnection.prepareStatement(JdbcConnection.java:686)
	at com.zaxxer.hikari.pool.ProxyConnection.prepareStatement(ProxyConnection.java:342)
	at com.zaxxer.hikari.pool.HikariProxyConnection.prepareStatement(HikariProxyConnection.java)
	at org.hibernate.engine.jdbc.internal.StatementPreparerImpl$4.doPrepare(StatementPreparerImpl.java:158)
	at org.hibernate.engine.jdbc.internal.StatementPreparerImpl$StatementPreparationTemplate.prepareStatement(StatementPreparerImpl.java:187)
	... 88 common frames omitted
2025-12-16 21:44:09 [SpringApplicationShutdownHook] INFO  o.s.o.j.LocalContainerEntityManagerFactoryBean - Closing JPA EntityManagerFactory for persistence unit 'default'
2025-12-16 21:44:09 [SpringApplicationShutdownHook] INFO  com.zaxxer.hikari.HikariDataSource - HikariPool-1 - Shutdown initiated...
2025-12-16 21:44:09 [SpringApplicationShutdownHook] INFO  com.zaxxer.hikari.HikariDataSource - HikariPool-1 - Shutdown completed.
2025-12-16 21:44:12 [main] INFO  c.H.E.ExplorerAppApplication$Companion - Starting ExplorerAppApplication.Companion v0.0.1-SNAPSHOT using Java 17.0.17 with PID 20196 (C:\Users\Stradalec\Documents\GitHub\HLPT-Lab2-\target\ExplorerApp-0.0.1-SNAPSHOT.jar started by Stradalec in C:\Users\Stradalec\Documents\GitHub\HLPT-Lab2-)
2025-12-16 21:44:12 [main] INFO  c.H.E.ExplorerAppApplication$Companion - No active profile set, falling back to 1 default profile: "default"
2025-12-16 21:44:13 [main] INFO  o.s.d.r.c.RepositoryConfigurationDelegate - Bootstrapping Spring Data JPA repositories in DEFAULT mode.
2025-12-16 21:44:14 [main] INFO  o.s.d.r.c.RepositoryConfigurationDelegate - Finished Spring Data repository scanning in 127 ms. Found 3 JPA repository interfaces.
2025-12-16 21:44:15 [main] INFO  o.h.jpa.internal.util.LogHelper - HHH000204: Processing PersistenceUnitInfo [name: default]
2025-12-16 21:44:15 [main] INFO  org.hibernate.Version - HHH000412: Hibernate ORM core version 7.1.8.Final
2025-12-16 21:44:16 [main] INFO  o.s.o.j.p.SpringPersistenceUnitInfo - No LoadTimeWeaver setup: ignoring JPA class transformer
2025-12-16 21:44:16 [main] INFO  com.zaxxer.hikari.HikariDataSource - HikariPool-1 - Starting...
2025-12-16 21:44:17 [main] INFO  com.zaxxer.hikari.pool.HikariPool - HikariPool-1 - Added connection conn0: url=jdbc:h2:./data/coolDatabase user=SA
2025-12-16 21:44:17 [main] INFO  com.zaxxer.hikari.HikariDataSource - HikariPool-1 - Start completed.
2025-12-16 21:44:17 [main] WARN  org.hibernate.orm.deprecation - HHH90000025: H2Dialect does not need to be specified explicitly using 'hibernate.dialect' (remove the property setting and it will be selected by default)
2025-12-16 21:44:17 [main] INFO  o.hibernate.orm.connections.pooling - HHH10001005: Database info:
	Database JDBC URL [jdbc:h2:./data/coolDatabase]
	Database driver: H2 JDBC Driver
	Database dialect: H2Dialect
	Database version: 2.4.240
	Default catalog/schema: COOLDATABASE/PUBLIC
	Autocommit mode: undefined/unknown
	Isolation level: READ_COMMITTED [default READ_COMMITTED]
	JDBC fetch size: 100
	Pool: DatasourceConnectionProviderImpl
	Minimum pool size: undefined/unknown
	Maximum pool size: undefined/unknown
2025-12-16 21:44:19 [main] INFO  o.h.m.i.EntityInstantiatorPojoStandard - HHH000182: No default (no-argument) constructor for class [com.HLPTLab7.ExplorerApp.models.Resource] (class must be instantiated by Interceptor)
2025-12-16 21:44:19 [main] INFO  o.h.m.i.EntityInstantiatorPojoStandard - HHH000182: No default (no-argument) constructor for class [com.HLPTLab7.ExplorerApp.models.User] (class must be instantiated by Interceptor)
2025-12-16 21:44:19 [main] INFO  o.h.m.i.EntityInstantiatorPojoStandard - HHH000182: No default (no-argument) constructor for class [com.HLPTLab7.ExplorerApp.models.Permission] (class must be instantiated by Interceptor)
2025-12-16 21:44:19 [main] INFO  o.h.e.t.j.p.i.JtaPlatformInitiator - HHH000489: No JTA platform available (set 'hibernate.transaction.jta.platform' to enable JTA platform integration)
2025-12-16 21:44:19 [main] INFO  o.s.o.j.LocalContainerEntityManagerFactoryBean - Initialized JPA EntityManagerFactory for persistence unit 'default'
2025-12-16 21:44:20 [main] INFO  o.s.d.j.r.q.QueryEnhancerFactories - Hibernate is in classpath; If applicable, HQL parser will be used.
2025-12-16 21:44:24 [main] INFO  c.H.E.ExplorerAppApplication$Companion - Started ExplorerAppApplication.Companion in 13.644 seconds (process running for 15.12)
2025-12-16 21:44:24 [main] INFO  c.H.E.ExplorerAppApplication - A DEBUG Message
2025-12-16 21:44:25 [main] WARN  org.hibernate.orm.jdbc.error - HHH000247: ErrorCode: 42104, SQLState: 42S04
2025-12-16 21:44:25 [main] WARN  org.hibernate.orm.jdbc.error - Table "USERS" not found (this database is empty); SQL statement:
select u1_0.id,u1_0.hash,u1_0.login,u1_0.salt from users u1_0 where u1_0.login=? [42104-240]
2025-12-16 21:44:25 [main] ERROR c.H.E.ExplorerAppApplication - Неизвестная ошибка
org.springframework.dao.InvalidDataAccessResourceUsageException: Could not prepare statement [Table "USERS" not found (this database is empty); SQL statement:
select u1_0.id,u1_0.hash,u1_0.login,u1_0.salt from users u1_0 where u1_0.login=? [42104-240]] [select u1_0.id,u1_0.hash,u1_0.login,u1_0.salt from users u1_0 where u1_0.login=?]; SQL [select u1_0.id,u1_0.hash,u1_0.login,u1_0.salt from users u1_0 where u1_0.login=?]
	at org.springframework.orm.jpa.hibernate.HibernateExceptionTranslator.convertHibernateAccessException(HibernateExceptionTranslator.java:156)
	at org.springframework.orm.jpa.hibernate.HibernateExceptionTranslator.convertHibernateAccessException(HibernateExceptionTranslator.java:131)
	at org.springframework.orm.jpa.hibernate.HibernateExceptionTranslator.translateExceptionIfPossible(HibernateExceptionTranslator.java:105)
	at org.springframework.orm.jpa.vendor.HibernateJpaDialect.translateExceptionIfPossible(HibernateJpaDialect.java:199)
	at org.springframework.orm.jpa.AbstractEntityManagerFactoryBean.translateExceptionIfPossible(AbstractEntityManagerFactoryBean.java:556)
	at org.springframework.dao.support.ChainedPersistenceExceptionTranslator.translateExceptionIfPossible(ChainedPersistenceExceptionTranslator.java:61)
	at org.springframework.dao.support.DataAccessUtils.translateIfNecessary(DataAccessUtils.java:346)
	at org.springframework.dao.support.PersistenceExceptionTranslationInterceptor.invoke(PersistenceExceptionTranslationInterceptor.java:157)
	at org.springframework.aop.framework.ReflectiveMethodInvocation.proceed(ReflectiveMethodInvocation.java:179)
	at org.springframework.data.jpa.repository.support.CrudMethodMetadataPostProcessor$CrudMethodMetadataPopulatingMethodInterceptor.invoke(CrudMethodMetadataPostProcessor.java:137)
	at org.springframework.aop.framework.ReflectiveMethodInvocation.proceed(ReflectiveMethodInvocation.java:179)
	at org.springframework.data.util.NullnessMethodInvocationValidator.invoke(NullnessMethodInvocationValidator.java:99)
	at org.springframework.aop.framework.ReflectiveMethodInvocation.proceed(ReflectiveMethodInvocation.java:179)
	at org.springframework.aop.framework.JdkDynamicAopProxy.invoke(JdkDynamicAopProxy.java:222)
	at jdk.proxy2/jdk.proxy2.$Proxy113.findByLogin(Unknown Source)
	at com.HLPTLab7.ExplorerApp.repositories.UserJpaRepositoryAdapter.findByLogin(UserJpaRepositoryAdapter.kt:13)
	at java.base/jdk.internal.reflect.NativeMethodAccessorImpl.invoke0(Native Method)
	at java.base/jdk.internal.reflect.NativeMethodAccessorImpl.invoke(NativeMethodAccessorImpl.java:77)
	at java.base/jdk.internal.reflect.DelegatingMethodAccessorImpl.invoke(DelegatingMethodAccessorImpl.java:43)
	at java.base/java.lang.reflect.Method.invoke(Method.java:569)
	at org.springframework.aop.support.AopUtils.invokeJoinpointUsingReflection(AopUtils.java:359)
	at org.springframework.aop.framework.ReflectiveMethodInvocation.invokeJoinpoint(ReflectiveMethodInvocation.java:190)
	at org.springframework.aop.framework.ReflectiveMethodInvocation.proceed(ReflectiveMethodInvocation.java:158)
	at org.springframework.dao.support.PersistenceExceptionTranslationInterceptor.invoke(PersistenceExceptionTranslationInterceptor.java:135)
	at org.springframework.aop.framework.ReflectiveMethodInvocation.proceed(ReflectiveMethodInvocation.java:179)
	at org.springframework.aop.framework.CglibAopProxy$DynamicAdvisedInterceptor.intercept(CglibAopProxy.java:719)
	at com.HLPTLab7.ExplorerApp.repositories.UserJpaRepositoryAdapter$$SpringCGLIB$$0.findByLogin(<generated>)
	at com.HLPTLab7.ExplorerApp.handlers.ResourceActionUseCase.execute(ResourceActionUseCase.kt:15)
	at com.HLPTLab7.ExplorerApp.handlers.CommandHandler.execute(CommandHandler.kt:19)
	at com.HLPTLab7.ExplorerApp.ExplorerAppApplication.run(ExplorerAppApplication.kt:29)
	at org.springframework.boot.SpringApplication.lambda$callRunner$1(SpringApplication.java:801)
	at org.springframework.util.function.ThrowingConsumer$1.acceptWithException(ThrowingConsumer.java:82)
	at org.springframework.util.function.ThrowingConsumer.accept(ThrowingConsumer.java:60)
	at org.springframework.util.function.ThrowingConsumer$1.accept(ThrowingConsumer.java:86)
	at org.springframework.boot.SpringApplication.callRunner(SpringApplication.java:809)
	at org.springframework.boot.SpringApplication.callRunner(SpringApplication.java:800)
	at org.springframework.boot.SpringApplication.lambda$callRunners$0(SpringApplication.java:785)
	at java.base/java.util.stream.ForEachOps$ForEachOp$OfRef.accept(ForEachOps.java:183)
	at java.base/java.util.stream.SortedOps$SizedRefSortingSink.end(SortedOps.java:357)
	at java.base/java.util.stream.AbstractPipeline.copyInto(AbstractPipeline.java:510)
	at java.base/java.util.stream.AbstractPipeline.wrapAndCopyInto(AbstractPipeline.java:499)
	at java.base/java.util.stream.ForEachOps$ForEachOp.evaluateSequential(ForEachOps.java:150)
	at java.base/java.util.stream.ForEachOps$ForEachOp$OfRef.evaluateSequential(ForEachOps.java:173)
	at java.base/java.util.stream.AbstractPipeline.evaluate(AbstractPipeline.java:234)
	at java.base/java.util.stream.ReferencePipeline.forEach(ReferencePipeline.java:596)
	at org.springframework.boot.SpringApplication.callRunners(SpringApplication.java:785)
	at org.springframework.boot.SpringApplication.run(SpringApplication.java:328)
	at org.springframework.boot.SpringApplication.run(SpringApplication.java:1374)
	at org.springframework.boot.SpringApplication.run(SpringApplication.java:1363)
	at com.HLPTLab7.ExplorerApp.ExplorerAppApplication$Companion.main(ExplorerAppApplication.kt:46)
	at com.HLPTLab7.ExplorerApp.ExplorerAppApplication.main(ExplorerAppApplication.kt)
	at java.base/jdk.internal.reflect.NativeMethodAccessorImpl.invoke0(Native Method)
	at java.base/jdk.internal.reflect.NativeMethodAccessorImpl.invoke(NativeMethodAccessorImpl.java:77)
	at java.base/jdk.internal.reflect.DelegatingMethodAccessorImpl.invoke(DelegatingMethodAccessorImpl.java:43)
	at java.base/java.lang.reflect.Method.invoke(Method.java:569)
	at org.springframework.boot.loader.launch.Launcher.launch(Launcher.java:106)
	at org.springframework.boot.loader.launch.Launcher.launch(Launcher.java:64)
	at org.springframework.boot.loader.launch.JarLauncher.main(JarLauncher.java:40)
Caused by: org.hibernate.exception.SQLGrammarException: Could not prepare statement [Table "USERS" not found (this database is empty); SQL statement:
select u1_0.id,u1_0.hash,u1_0.login,u1_0.salt from users u1_0 where u1_0.login=? [42104-240]] [select u1_0.id,u1_0.hash,u1_0.login,u1_0.salt from users u1_0 where u1_0.login=?]
	at org.hibernate.exception.internal.SQLExceptionTypeDelegate.convert(SQLExceptionTypeDelegate.java:64)
	at org.hibernate.exception.internal.StandardSQLExceptionConverter.convert(StandardSQLExceptionConverter.java:34)
	at org.hibernate.engine.jdbc.spi.SqlExceptionHelper.convert(SqlExceptionHelper.java:115)
	at org.hibernate.engine.jdbc.internal.StatementPreparerImpl$StatementPreparationTemplate.prepareStatement(StatementPreparerImpl.java:198)
	at org.hibernate.engine.jdbc.internal.StatementPreparerImpl.prepareQueryStatement(StatementPreparerImpl.java:160)
	at org.hibernate.sql.exec.internal.StandardStatementCreator.createStatement(StandardStatementCreator.java:47)
	at org.hibernate.sql.results.jdbc.internal.DeferredResultSetAccess.executeQuery(DeferredResultSetAccess.java:271)
	at org.hibernate.sql.results.jdbc.internal.DeferredResultSetAccess.getResultSet(DeferredResultSetAccess.java:200)
	at org.hibernate.sql.results.jdbc.internal.JdbcValuesResultSetImpl.<init>(JdbcValuesResultSetImpl.java:72)
	at org.hibernate.sql.exec.internal.JdbcSelectExecutorStandardImpl.resolveJdbcValues(JdbcSelectExecutorStandardImpl.java:372)
	at org.hibernate.sql.exec.internal.JdbcSelectExecutorStandardImpl.resolveJdbcValuesSource(JdbcSelectExecutorStandardImpl.java:332)
	at org.hibernate.sql.exec.internal.JdbcSelectExecutorStandardImpl.doExecuteQuery(JdbcSelectExecutorStandardImpl.java:135)
	at org.hibernate.sql.exec.internal.JdbcSelectExecutorStandardImpl.executeQuery(JdbcSelectExecutorStandardImpl.java:100)
	at org.hibernate.sql.exec.spi.JdbcSelectExecutor.executeQuery(JdbcSelectExecutor.java:64)
	at org.hibernate.sql.exec.spi.JdbcSelectExecutor.list(JdbcSelectExecutor.java:138)
	at org.hibernate.query.sqm.internal.ConcreteSqmSelectQueryPlan.lambda$new$1(ConcreteSqmSelectQueryPlan.java:146)
	at org.hibernate.query.sqm.internal.ConcreteSqmSelectQueryPlan.withCacheableSqmInterpretation(ConcreteSqmSelectQueryPlan.java:455)
	at org.hibernate.query.sqm.internal.ConcreteSqmSelectQueryPlan.performList(ConcreteSqmSelectQueryPlan.java:388)
	at org.hibernate.query.sqm.internal.SqmQueryImpl.doList(SqmQueryImpl.java:386)
	at org.hibernate.query.spi.AbstractSelectionQuery.list(AbstractSelectionQuery.java:154)
	at org.hibernate.query.spi.AbstractSelectionQuery.getSingleResultOrNull(AbstractSelectionQuery.java:320)
	at java.base/jdk.internal.reflect.NativeMethodAccessorImpl.invoke0(Native Method)
	at java.base/jdk.internal.reflect.NativeMethodAccessorImpl.invoke(NativeMethodAccessorImpl.java:77)
	at java.base/jdk.internal.reflect.DelegatingMethodAccessorImpl.invoke(DelegatingMethodAccessorImpl.java:43)
	at java.base/java.lang.reflect.Method.invoke(Method.java:569)
	at org.springframework.orm.jpa.SharedEntityManagerCreator$DeferredQueryInvocationHandler.invoke(SharedEntityManagerCreator.java:414)
	at jdk.proxy2/jdk.proxy2.$Proxy116.getSingleResultOrNull(Unknown Source)
	at org.springframework.data.jpa.repository.query.JpaQueryExecution$SingleEntityExecution.doExecute(JpaQueryExecution.java:328)
	at org.springframework.data.jpa.repository.query.JpaQueryExecution.execute(JpaQueryExecution.java:99)
	at org.springframework.data.jpa.repository.query.AbstractJpaQuery.doExecute(AbstractJpaQuery.java:164)
	at org.springframework.data.jpa.repository.query.AbstractJpaQuery.execute(AbstractJpaQuery.java:154)
	at org.springframework.data.repository.core.support.RepositoryMethodInvoker.doInvoke(RepositoryMethodInvoker.java:169)
	at org.springframework.data.repository.core.support.RepositoryMethodInvoker.invoke(RepositoryMethodInvoker.java:158)
	at org.springframework.data.repository.core.support.QueryExecutorMethodInterceptor.doInvoke(QueryExecutorMethodInterceptor.java:167)
	at org.springframework.data.repository.core.support.QueryExecutorMethodInterceptor.invoke(QueryExecutorMethodInterceptor.java:146)
	at org.springframework.aop.framework.ReflectiveMethodInvocation.proceed(ReflectiveMethodInvocation.java:179)
	at org.springframework.data.projection.DefaultMethodInvokingMethodInterceptor.invoke(DefaultMethodInvokingMethodInterceptor.java:69)
	at org.springframework.aop.framework.ReflectiveMethodInvocation.proceed(ReflectiveMethodInvocation.java:179)
	at org.springframework.transaction.interceptor.TransactionAspectSupport.invokeWithinTransaction(TransactionAspectSupport.java:370)
	at org.springframework.transaction.interceptor.TransactionInterceptor.invoke(TransactionInterceptor.java:118)
	at org.springframework.aop.framework.ReflectiveMethodInvocation.proceed(ReflectiveMethodInvocation.java:179)
	at org.springframework.dao.support.PersistenceExceptionTranslationInterceptor.invoke(PersistenceExceptionTranslationInterceptor.java:135)
	... 50 common frames omitted
Caused by: org.h2.jdbc.JdbcSQLSyntaxErrorException: Table "USERS" not found (this database is empty); SQL statement:
select u1_0.id,u1_0.hash,u1_0.login,u1_0.salt from users u1_0 where u1_0.login=? [42104-240]
	at org.h2.message.DbException.getJdbcSQLException(DbException.java:514)
	at org.h2.message.DbException.getJdbcSQLException(DbException.java:489)
	at org.h2.message.DbException.get(DbException.java:223)
	at org.h2.message.DbException.get(DbException.java:199)
	at org.h2.command.Parser.getTableOrViewNotFoundDbException(Parser.java:8036)
	at org.h2.command.Parser.getTableOrViewNotFoundDbException(Parser.java:8020)
	at org.h2.command.Parser.readTableOrView(Parser.java:7999)
	at org.h2.command.Parser.readTablePrimary(Parser.java:1772)
	at org.h2.command.Parser.readTableReference(Parser.java:2252)
	at org.h2.command.Parser.parseSelectFromPart(Parser.java:2705)
	at org.h2.command.Parser.parseSelect(Parser.java:2813)
	at org.h2.command.Parser.parseQueryPrimary(Parser.java:2695)
	at org.h2.command.Parser.parseQueryTerm(Parser.java:2550)
	at org.h2.command.Parser.parseQueryExpressionBody(Parser.java:2529)
	at org.h2.command.Parser.parseQueryExpressionBodyAndEndOfQuery(Parser.java:2522)
	at org.h2.command.Parser.parseQueryExpression(Parser.java:2515)
	at org.h2.command.Parser.parseQuery(Parser.java:2482)
	at org.h2.command.Parser.parsePrepared(Parser.java:613)
	at org.h2.command.Parser.parse(Parser.java:584)
	at org.h2.command.Parser.parse(Parser.java:559)
	at org.h2.command.Parser.prepareCommand(Parser.java:487)
	at org.h2.engine.SessionLocal.prepareLocal(SessionLocal.java:647)
	at org.h2.engine.SessionLocal.prepareCommand(SessionLocal.java:563)
	at org.h2.jdbc.JdbcConnection.prepareCommand(JdbcConnection.java:1160)
	at org.h2.jdbc.JdbcPreparedStatement.<init>(JdbcPreparedStatement.java:93)
	at org.h2.jdbc.JdbcConnection.prepareStatement(JdbcConnection.java:686)
	at com.zaxxer.hikari.pool.ProxyConnection.prepareStatement(ProxyConnection.java:342)
	at com.zaxxer.hikari.pool.HikariProxyConnection.prepareStatement(HikariProxyConnection.java)
	at org.hibernate.engine.jdbc.internal.StatementPreparerImpl$4.doPrepare(StatementPreparerImpl.java:158)
	at org.hibernate.engine.jdbc.internal.StatementPreparerImpl$StatementPreparationTemplate.prepareStatement(StatementPreparerImpl.java:187)
	... 88 common frames omitted
2025-12-16 21:44:25 [SpringApplicationShutdownHook] INFO  o.s.o.j.LocalContainerEntityManagerFactoryBean - Closing JPA EntityManagerFactory for persistence unit 'default'
2025-12-16 21:44:25 [SpringApplicationShutdownHook] INFO  com.zaxxer.hikari.HikariDataSource - HikariPool-1 - Shutdown initiated...
2025-12-16 21:44:25 [SpringApplicationShutdownHook] INFO  com.zaxxer.hikari.HikariDataSource - HikariPool-1 - Shutdown completed.
2025-12-16 21:44:28 [main] INFO  c.H.E.ExplorerAppApplication$Companion - Starting ExplorerAppApplication.Companion v0.0.1-SNAPSHOT using Java 17.0.17 with PID 20180 (C:\Users\Stradalec\Documents\GitHub\HLPT-Lab2-\target\ExplorerApp-0.0.1-SNAPSHOT.jar started by Stradalec in C:\Users\Stradalec\Documents\GitHub\HLPT-Lab2-)
2025-12-16 21:44:28 [main] INFO  c.H.E.ExplorerAppApplication$Companion - No active profile set, falling back to 1 default profile: "default"
2025-12-16 21:44:30 [main] INFO  o.s.d.r.c.RepositoryConfigurationDelegate - Bootstrapping Spring Data JPA repositories in DEFAULT mode.
2025-12-16 21:44:30 [main] INFO  o.s.d.r.c.RepositoryConfigurationDelegate - Finished Spring Data repository scanning in 116 ms. Found 3 JPA repository interfaces.
2025-12-16 21:44:31 [main] INFO  o.h.jpa.internal.util.LogHelper - HHH000204: Processing PersistenceUnitInfo [name: default]
2025-12-16 21:44:31 [main] INFO  org.hibernate.Version - HHH000412: Hibernate ORM core version 7.1.8.Final
2025-12-16 21:44:33 [main] INFO  o.s.o.j.p.SpringPersistenceUnitInfo - No LoadTimeWeaver setup: ignoring JPA class transformer
2025-12-16 21:44:33 [main] INFO  com.zaxxer.hikari.HikariDataSource - HikariPool-1 - Starting...
2025-12-16 21:44:34 [main] INFO  com.zaxxer.hikari.pool.HikariPool - HikariPool-1 - Added connection conn0: url=jdbc:h2:./data/coolDatabase user=SA
2025-12-16 21:44:34 [main] INFO  com.zaxxer.hikari.HikariDataSource - HikariPool-1 - Start completed.
2025-12-16 21:44:34 [main] WARN  org.hibernate.orm.deprecation - HHH90000025: H2Dialect does not need to be specified explicitly using 'hibernate.dialect' (remove the property setting and it will be selected by default)
2025-12-16 21:44:34 [main] INFO  o.hibernate.orm.connections.pooling - HHH10001005: Database info:
	Database JDBC URL [jdbc:h2:./data/coolDatabase]
	Database driver: H2 JDBC Driver
	Database dialect: H2Dialect
	Database version: 2.4.240
	Default catalog/schema: COOLDATABASE/PUBLIC
	Autocommit mode: undefined/unknown
	Isolation level: READ_COMMITTED [default READ_COMMITTED]
	JDBC fetch size: 100
	Pool: DatasourceConnectionProviderImpl
	Minimum pool size: undefined/unknown
	Maximum pool size: undefined/unknown
2025-12-16 21:44:35 [main] INFO  o.h.m.i.EntityInstantiatorPojoStandard - HHH000182: No default (no-argument) constructor for class [com.HLPTLab7.ExplorerApp.models.Resource] (class must be instantiated by Interceptor)
2025-12-16 21:44:35 [main] INFO  o.h.m.i.EntityInstantiatorPojoStandard - HHH000182: No default (no-argument) constructor for class [com.HLPTLab7.ExplorerApp.models.User] (class must be instantiated by Interceptor)
2025-12-16 21:44:35 [main] INFO  o.h.m.i.EntityInstantiatorPojoStandard - HHH000182: No default (no-argument) constructor for class [com.HLPTLab7.ExplorerApp.models.Permission] (class must be instantiated by Interceptor)
2025-12-16 21:44:36 [main] INFO  o.h.e.t.j.p.i.JtaPlatformInitiator - HHH000489: No JTA platform available (set 'hibernate.transaction.jta.platform' to enable JTA platform integration)
2025-12-16 21:44:36 [main] INFO  o.s.o.j.LocalContainerEntityManagerFactoryBean - Initialized JPA EntityManagerFactory for persistence unit 'default'
2025-12-16 21:44:37 [main] INFO  o.s.d.j.r.q.QueryEnhancerFactories - Hibernate is in classpath; If applicable, HQL parser will be used.
2025-12-16 21:44:41 [main] INFO  c.H.E.ExplorerAppApplication$Companion - Started ExplorerAppApplication.Companion in 14.089 seconds (process running for 15.574)
2025-12-16 21:44:41 [main] INFO  c.H.E.ExplorerAppApplication - A DEBUG Message
2025-12-16 21:44:41 [main] INFO  c.H.E.ExplorerAppApplication - Выполнение завершено с кодом: 4
2025-12-16 21:44:41 [SpringApplicationShutdownHook] INFO  o.s.o.j.LocalContainerEntityManagerFactoryBean - Closing JPA EntityManagerFactory for persistence unit 'default'
2025-12-16 21:44:41 [SpringApplicationShutdownHook] INFO  com.zaxxer.hikari.HikariDataSource - HikariPool-1 - Shutdown initiated...
2025-12-16 21:44:41 [SpringApplicationShutdownHook] INFO  com.zaxxer.hikari.HikariDataSource - HikariPool-1 - Shutdown completed.
2025-12-16 21:44:44 [main] INFO  c.H.E.ExplorerAppApplication$Companion - Starting ExplorerAppApplication.Companion v0.0.1-SNAPSHOT using Java 17.0.17 with PID 19660 (C:\Users\Stradalec\Documents\GitHub\HLPT-Lab2-\target\ExplorerApp-0.0.1-SNAPSHOT.jar started by Stradalec in C:\Users\Stradalec\Documents\GitHub\HLPT-Lab2-)
2025-12-16 21:44:44 [main] INFO  c.H.E.ExplorerAppApplication$Companion - No active profile set, falling back to 1 default profile: "default"
2025-12-16 21:44:46 [main] INFO  o.s.d.r.c.RepositoryConfigurationDelegate - Bootstrapping Spring Data JPA repositories in DEFAULT mode.
2025-12-16 21:44:46 [main] INFO  o.s.d.r.c.RepositoryConfigurationDelegate - Finished Spring Data repository scanning in 125 ms. Found 3 JPA repository interfaces.
2025-12-16 21:44:47 [main] INFO  o.h.jpa.internal.util.LogHelper - HHH000204: Processing PersistenceUnitInfo [name: default]
2025-12-16 21:44:47 [main] INFO  org.hibernate.Version - HHH000412: Hibernate ORM core version 7.1.8.Final
2025-12-16 21:44:49 [main] INFO  o.s.o.j.p.SpringPersistenceUnitInfo - No LoadTimeWeaver setup: ignoring JPA class transformer
2025-12-16 21:44:49 [main] INFO  com.zaxxer.hikari.HikariDataSource - HikariPool-1 - Starting...
2025-12-16 21:44:49 [main] INFO  com.zaxxer.hikari.pool.HikariPool - HikariPool-1 - Added connection conn0: url=jdbc:h2:./data/coolDatabase user=SA
2025-12-16 21:44:49 [main] INFO  com.zaxxer.hikari.HikariDataSource - HikariPool-1 - Start completed.
2025-12-16 21:44:49 [main] WARN  org.hibernate.orm.deprecation - HHH90000025: H2Dialect does not need to be specified explicitly using 'hibernate.dialect' (remove the property setting and it will be selected by default)
2025-12-16 21:44:49 [main] INFO  o.hibernate.orm.connections.pooling - HHH10001005: Database info:
	Database JDBC URL [jdbc:h2:./data/coolDatabase]
	Database driver: H2 JDBC Driver
	Database dialect: H2Dialect
	Database version: 2.4.240
	Default catalog/schema: COOLDATABASE/PUBLIC
	Autocommit mode: undefined/unknown
	Isolation level: READ_COMMITTED [default READ_COMMITTED]
	JDBC fetch size: 100
	Pool: DatasourceConnectionProviderImpl
	Minimum pool size: undefined/unknown
	Maximum pool size: undefined/unknown
2025-12-16 21:44:51 [main] INFO  o.h.m.i.EntityInstantiatorPojoStandard - HHH000182: No default (no-argument) constructor for class [com.HLPTLab7.ExplorerApp.models.Resource] (class must be instantiated by Interceptor)
2025-12-16 21:44:51 [main] INFO  o.h.m.i.EntityInstantiatorPojoStandard - HHH000182: No default (no-argument) constructor for class [com.HLPTLab7.ExplorerApp.models.User] (class must be instantiated by Interceptor)
2025-12-16 21:44:51 [main] INFO  o.h.m.i.EntityInstantiatorPojoStandard - HHH000182: No default (no-argument) constructor for class [com.HLPTLab7.ExplorerApp.models.Permission] (class must be instantiated by Interceptor)
2025-12-16 21:44:51 [main] INFO  o.h.e.t.j.p.i.JtaPlatformInitiator - HHH000489: No JTA platform available (set 'hibernate.transaction.jta.platform' to enable JTA platform integration)
2025-12-16 21:44:51 [main] INFO  o.s.o.j.LocalContainerEntityManagerFactoryBean - Initialized JPA EntityManagerFactory for persistence unit 'default'
2025-12-16 21:44:52 [main] INFO  o.s.d.j.r.q.QueryEnhancerFactories - Hibernate is in classpath; If applicable, HQL parser will be used.
2025-12-16 21:44:56 [main] INFO  c.H.E.ExplorerAppApplication$Companion - Started ExplorerAppApplication.Companion in 13.842 seconds (process running for 15.385)
2025-12-16 21:44:56 [main] INFO  c.H.E.ExplorerAppApplication - A DEBUG Message
2025-12-16 21:44:57 [main] WARN  org.hibernate.orm.jdbc.error - HHH000247: ErrorCode: 42104, SQLState: 42S04
2025-12-16 21:44:57 [main] WARN  org.hibernate.orm.jdbc.error - Table "USERS" not found (this database is empty); SQL statement:
select u1_0.id,u1_0.hash,u1_0.login,u1_0.salt from users u1_0 where u1_0.login=? [42104-240]
2025-12-16 21:44:57 [main] ERROR c.H.E.ExplorerAppApplication - Неизвестная ошибка
org.springframework.dao.InvalidDataAccessResourceUsageException: Could not prepare statement [Table "USERS" not found (this database is empty); SQL statement:
select u1_0.id,u1_0.hash,u1_0.login,u1_0.salt from users u1_0 where u1_0.login=? [42104-240]] [select u1_0.id,u1_0.hash,u1_0.login,u1_0.salt from users u1_0 where u1_0.login=?]; SQL [select u1_0.id,u1_0.hash,u1_0.login,u1_0.salt from users u1_0 where u1_0.login=?]
	at org.springframework.orm.jpa.hibernate.HibernateExceptionTranslator.convertHibernateAccessException(HibernateExceptionTranslator.java:156)
	at org.springframework.orm.jpa.hibernate.HibernateExceptionTranslator.convertHibernateAccessException(HibernateExceptionTranslator.java:131)
	at org.springframework.orm.jpa.hibernate.HibernateExceptionTranslator.translateExceptionIfPossible(HibernateExceptionTranslator.java:105)
	at org.springframework.orm.jpa.vendor.HibernateJpaDialect.translateExceptionIfPossible(HibernateJpaDialect.java:199)
	at org.springframework.orm.jpa.AbstractEntityManagerFactoryBean.translateExceptionIfPossible(AbstractEntityManagerFactoryBean.java:556)
	at org.springframework.dao.support.ChainedPersistenceExceptionTranslator.translateExceptionIfPossible(ChainedPersistenceExceptionTranslator.java:61)
	at org.springframework.dao.support.DataAccessUtils.translateIfNecessary(DataAccessUtils.java:346)
	at org.springframework.dao.support.PersistenceExceptionTranslationInterceptor.invoke(PersistenceExceptionTranslationInterceptor.java:157)
	at org.springframework.aop.framework.ReflectiveMethodInvocation.proceed(ReflectiveMethodInvocation.java:179)
	at org.springframework.data.jpa.repository.support.CrudMethodMetadataPostProcessor$CrudMethodMetadataPopulatingMethodInterceptor.invoke(CrudMethodMetadataPostProcessor.java:137)
	at org.springframework.aop.framework.ReflectiveMethodInvocation.proceed(ReflectiveMethodInvocation.java:179)
	at org.springframework.data.util.NullnessMethodInvocationValidator.invoke(NullnessMethodInvocationValidator.java:99)
	at org.springframework.aop.framework.ReflectiveMethodInvocation.proceed(ReflectiveMethodInvocation.java:179)
	at org.springframework.aop.framework.JdkDynamicAopProxy.invoke(JdkDynamicAopProxy.java:222)
	at jdk.proxy2/jdk.proxy2.$Proxy113.findByLogin(Unknown Source)
	at com.HLPTLab7.ExplorerApp.repositories.UserJpaRepositoryAdapter.findByLogin(UserJpaRepositoryAdapter.kt:13)
	at java.base/jdk.internal.reflect.NativeMethodAccessorImpl.invoke0(Native Method)
	at java.base/jdk.internal.reflect.NativeMethodAccessorImpl.invoke(NativeMethodAccessorImpl.java:77)
	at java.base/jdk.internal.reflect.DelegatingMethodAccessorImpl.invoke(DelegatingMethodAccessorImpl.java:43)
	at java.base/java.lang.reflect.Method.invoke(Method.java:569)
	at org.springframework.aop.support.AopUtils.invokeJoinpointUsingReflection(AopUtils.java:359)
	at org.springframework.aop.framework.ReflectiveMethodInvocation.invokeJoinpoint(ReflectiveMethodInvocation.java:190)
	at org.springframework.aop.framework.ReflectiveMethodInvocation.proceed(ReflectiveMethodInvocation.java:158)
	at org.springframework.dao.support.PersistenceExceptionTranslationInterceptor.invoke(PersistenceExceptionTranslationInterceptor.java:135)
	at org.springframework.aop.framework.ReflectiveMethodInvocation.proceed(ReflectiveMethodInvocation.java:179)
	at org.springframework.aop.framework.CglibAopProxy$DynamicAdvisedInterceptor.intercept(CglibAopProxy.java:719)
	at com.HLPTLab7.ExplorerApp.repositories.UserJpaRepositoryAdapter$$SpringCGLIB$$0.findByLogin(<generated>)
	at com.HLPTLab7.ExplorerApp.handlers.ResourceActionUseCase.execute(ResourceActionUseCase.kt:15)
	at com.HLPTLab7.ExplorerApp.handlers.CommandHandler.execute(CommandHandler.kt:19)
	at com.HLPTLab7.ExplorerApp.ExplorerAppApplication.run(ExplorerAppApplication.kt:29)
	at org.springframework.boot.SpringApplication.lambda$callRunner$1(SpringApplication.java:801)
	at org.springframework.util.function.ThrowingConsumer$1.acceptWithException(ThrowingConsumer.java:82)
	at org.springframework.util.function.ThrowingConsumer.accept(ThrowingConsumer.java:60)
	at org.springframework.util.function.ThrowingConsumer$1.accept(ThrowingConsumer.java:86)
	at org.springframework.boot.SpringApplication.callRunner(SpringApplication.java:809)
	at org.springframework.boot.SpringApplication.callRunner(SpringApplication.java:800)
	at org.springframework.boot.SpringApplication.lambda$callRunners$0(SpringApplication.java:785)
	at java.base/java.util.stream.ForEachOps$ForEachOp$OfRef.accept(ForEachOps.java:183)
	at java.base/java.util.stream.SortedOps$SizedRefSortingSink.end(SortedOps.java:357)
	at java.base/java.util.stream.AbstractPipeline.copyInto(AbstractPipeline.java:510)
	at java.base/java.util.stream.AbstractPipeline.wrapAndCopyInto(AbstractPipeline.java:499)
	at java.base/java.util.stream.ForEachOps$ForEachOp.evaluateSequential(ForEachOps.java:150)
	at java.base/java.util.stream.ForEachOps$ForEachOp$OfRef.evaluateSequential(ForEachOps.java:173)
	at java.base/java.util.stream.AbstractPipeline.evaluate(AbstractPipeline.java:234)
	at java.base/java.util.stream.ReferencePipeline.forEach(ReferencePipeline.java:596)
	at org.springframework.boot.SpringApplication.callRunners(SpringApplication.java:785)
	at org.springframework.boot.SpringApplication.run(SpringApplication.java:328)
	at org.springframework.boot.SpringApplication.run(SpringApplication.java:1374)
	at org.springframework.boot.SpringApplication.run(SpringApplication.java:1363)
	at com.HLPTLab7.ExplorerApp.ExplorerAppApplication$Companion.main(ExplorerAppApplication.kt:46)
	at com.HLPTLab7.ExplorerApp.ExplorerAppApplication.main(ExplorerAppApplication.kt)
	at java.base/jdk.internal.reflect.NativeMethodAccessorImpl.invoke0(Native Method)
	at java.base/jdk.internal.reflect.NativeMethodAccessorImpl.invoke(NativeMethodAccessorImpl.java:77)
	at java.base/jdk.internal.reflect.DelegatingMethodAccessorImpl.invoke(DelegatingMethodAccessorImpl.java:43)
	at java.base/java.lang.reflect.Method.invoke(Method.java:569)
	at org.springframework.boot.loader.launch.Launcher.launch(Launcher.java:106)
	at org.springframework.boot.loader.launch.Launcher.launch(Launcher.java:64)
	at org.springframework.boot.loader.launch.JarLauncher.main(JarLauncher.java:40)
Caused by: org.hibernate.exception.SQLGrammarException: Could not prepare statement [Table "USERS" not found (this database is empty); SQL statement:
select u1_0.id,u1_0.hash,u1_0.login,u1_0.salt from users u1_0 where u1_0.login=? [42104-240]] [select u1_0.id,u1_0.hash,u1_0.login,u1_0.salt from users u1_0 where u1_0.login=?]
	at org.hibernate.exception.internal.SQLExceptionTypeDelegate.convert(SQLExceptionTypeDelegate.java:64)
	at org.hibernate.exception.internal.StandardSQLExceptionConverter.convert(StandardSQLExceptionConverter.java:34)
	at org.hibernate.engine.jdbc.spi.SqlExceptionHelper.convert(SqlExceptionHelper.java:115)
	at org.hibernate.engine.jdbc.internal.StatementPreparerImpl$StatementPreparationTemplate.prepareStatement(StatementPreparerImpl.java:198)
	at org.hibernate.engine.jdbc.internal.StatementPreparerImpl.prepareQueryStatement(StatementPreparerImpl.java:160)
	at org.hibernate.sql.exec.internal.StandardStatementCreator.createStatement(StandardStatementCreator.java:47)
	at org.hibernate.sql.results.jdbc.internal.DeferredResultSetAccess.executeQuery(DeferredResultSetAccess.java:271)
	at org.hibernate.sql.results.jdbc.internal.DeferredResultSetAccess.getResultSet(DeferredResultSetAccess.java:200)
	at org.hibernate.sql.results.jdbc.internal.JdbcValuesResultSetImpl.<init>(JdbcValuesResultSetImpl.java:72)
	at org.hibernate.sql.exec.internal.JdbcSelectExecutorStandardImpl.resolveJdbcValues(JdbcSelectExecutorStandardImpl.java:372)
	at org.hibernate.sql.exec.internal.JdbcSelectExecutorStandardImpl.resolveJdbcValuesSource(JdbcSelectExecutorStandardImpl.java:332)
	at org.hibernate.sql.exec.internal.JdbcSelectExecutorStandardImpl.doExecuteQuery(JdbcSelectExecutorStandardImpl.java:135)
	at org.hibernate.sql.exec.internal.JdbcSelectExecutorStandardImpl.executeQuery(JdbcSelectExecutorStandardImpl.java:100)
	at org.hibernate.sql.exec.spi.JdbcSelectExecutor.executeQuery(JdbcSelectExecutor.java:64)
	at org.hibernate.sql.exec.spi.JdbcSelectExecutor.list(JdbcSelectExecutor.java:138)
	at org.hibernate.query.sqm.internal.ConcreteSqmSelectQueryPlan.lambda$new$1(ConcreteSqmSelectQueryPlan.java:146)
	at org.hibernate.query.sqm.internal.ConcreteSqmSelectQueryPlan.withCacheableSqmInterpretation(ConcreteSqmSelectQueryPlan.java:455)
	at org.hibernate.query.sqm.internal.ConcreteSqmSelectQueryPlan.performList(ConcreteSqmSelectQueryPlan.java:388)
	at org.hibernate.query.sqm.internal.SqmQueryImpl.doList(SqmQueryImpl.java:386)
	at org.hibernate.query.spi.AbstractSelectionQuery.list(AbstractSelectionQuery.java:154)
	at org.hibernate.query.spi.AbstractSelectionQuery.getSingleResultOrNull(AbstractSelectionQuery.java:320)
	at java.base/jdk.internal.reflect.NativeMethodAccessorImpl.invoke0(Native Method)
	at java.base/jdk.internal.reflect.NativeMethodAccessorImpl.invoke(NativeMethodAccessorImpl.java:77)
	at java.base/jdk.internal.reflect.DelegatingMethodAccessorImpl.invoke(DelegatingMethodAccessorImpl.java:43)
	at java.base/java.lang.reflect.Method.invoke(Method.java:569)
	at org.springframework.orm.jpa.SharedEntityManagerCreator$DeferredQueryInvocationHandler.invoke(SharedEntityManagerCreator.java:414)
	at jdk.proxy2/jdk.proxy2.$Proxy116.getSingleResultOrNull(Unknown Source)
	at org.springframework.data.jpa.repository.query.JpaQueryExecution$SingleEntityExecution.doExecute(JpaQueryExecution.java:328)
	at org.springframework.data.jpa.repository.query.JpaQueryExecution.execute(JpaQueryExecution.java:99)
	at org.springframework.data.jpa.repository.query.AbstractJpaQuery.doExecute(AbstractJpaQuery.java:164)
	at org.springframework.data.jpa.repository.query.AbstractJpaQuery.execute(AbstractJpaQuery.java:154)
	at org.springframework.data.repository.core.support.RepositoryMethodInvoker.doInvoke(RepositoryMethodInvoker.java:169)
	at org.springframework.data.repository.core.support.RepositoryMethodInvoker.invoke(RepositoryMethodInvoker.java:158)
	at org.springframework.data.repository.core.support.QueryExecutorMethodInterceptor.doInvoke(QueryExecutorMethodInterceptor.java:167)
	at org.springframework.data.repository.core.support.QueryExecutorMethodInterceptor.invoke(QueryExecutorMethodInterceptor.java:146)
	at org.springframework.aop.framework.ReflectiveMethodInvocation.proceed(ReflectiveMethodInvocation.java:179)
	at org.springframework.data.projection.DefaultMethodInvokingMethodInterceptor.invoke(DefaultMethodInvokingMethodInterceptor.java:69)
	at org.springframework.aop.framework.ReflectiveMethodInvocation.proceed(ReflectiveMethodInvocation.java:179)
	at org.springframework.transaction.interceptor.TransactionAspectSupport.invokeWithinTransaction(TransactionAspectSupport.java:370)
	at org.springframework.transaction.interceptor.TransactionInterceptor.invoke(TransactionInterceptor.java:118)
	at org.springframework.aop.framework.ReflectiveMethodInvocation.proceed(ReflectiveMethodInvocation.java:179)
	at org.springframework.dao.support.PersistenceExceptionTranslationInterceptor.invoke(PersistenceExceptionTranslationInterceptor.java:135)
	... 50 common frames omitted
Caused by: org.h2.jdbc.JdbcSQLSyntaxErrorException: Table "USERS" not found (this database is empty); SQL statement:
select u1_0.id,u1_0.hash,u1_0.login,u1_0.salt from users u1_0 where u1_0.login=? [42104-240]
	at org.h2.message.DbException.getJdbcSQLException(DbException.java:514)
	at org.h2.message.DbException.getJdbcSQLException(DbException.java:489)
	at org.h2.message.DbException.get(DbException.java:223)
	at org.h2.message.DbException.get(DbException.java:199)
	at org.h2.command.Parser.getTableOrViewNotFoundDbException(Parser.java:8036)
	at org.h2.command.Parser.getTableOrViewNotFoundDbException(Parser.java:8020)
	at org.h2.command.Parser.readTableOrView(Parser.java:7999)
	at org.h2.command.Parser.readTablePrimary(Parser.java:1772)
	at org.h2.command.Parser.readTableReference(Parser.java:2252)
	at org.h2.command.Parser.parseSelectFromPart(Parser.java:2705)
	at org.h2.command.Parser.parseSelect(Parser.java:2813)
	at org.h2.command.Parser.parseQueryPrimary(Parser.java:2695)
	at org.h2.command.Parser.parseQueryTerm(Parser.java:2550)
	at org.h2.command.Parser.parseQueryExpressionBody(Parser.java:2529)
	at org.h2.command.Parser.parseQueryExpressionBodyAndEndOfQuery(Parser.java:2522)
	at org.h2.command.Parser.parseQueryExpression(Parser.java:2515)
	at org.h2.command.Parser.parseQuery(Parser.java:2482)
	at org.h2.command.Parser.parsePrepared(Parser.java:613)
	at org.h2.command.Parser.parse(Parser.java:584)
	at org.h2.command.Parser.parse(Parser.java:559)
	at org.h2.command.Parser.prepareCommand(Parser.java:487)
	at org.h2.engine.SessionLocal.prepareLocal(SessionLocal.java:647)
	at org.h2.engine.SessionLocal.prepareCommand(SessionLocal.java:563)
	at org.h2.jdbc.JdbcConnection.prepareCommand(JdbcConnection.java:1160)
	at org.h2.jdbc.JdbcPreparedStatement.<init>(JdbcPreparedStatement.java:93)
	at org.h2.jdbc.JdbcConnection.prepareStatement(JdbcConnection.java:686)
	at com.zaxxer.hikari.pool.ProxyConnection.prepareStatement(ProxyConnection.java:342)
	at com.zaxxer.hikari.pool.HikariProxyConnection.prepareStatement(HikariProxyConnection.java)
	at org.hibernate.engine.jdbc.internal.StatementPreparerImpl$4.doPrepare(StatementPreparerImpl.java:158)
	at org.hibernate.engine.jdbc.internal.StatementPreparerImpl$StatementPreparationTemplate.prepareStatement(StatementPreparerImpl.java:187)
	... 88 common frames omitted
2025-12-16 21:44:57 [SpringApplicationShutdownHook] INFO  o.s.o.j.LocalContainerEntityManagerFactoryBean - Closing JPA EntityManagerFactory for persistence unit 'default'
2025-12-16 21:44:57 [SpringApplicationShutdownHook] INFO  com.zaxxer.hikari.HikariDataSource - HikariPool-1 - Shutdown initiated...
2025-12-16 21:44:57 [SpringApplicationShutdownHook] INFO  com.zaxxer.hikari.HikariDataSource - HikariPool-1 - Shutdown completed.
2025-12-16 21:45:01 [main] INFO  c.H.E.ExplorerAppApplication$Companion - Starting ExplorerAppApplication.Companion v0.0.1-SNAPSHOT using Java 17.0.17 with PID 19476 (C:\Users\Stradalec\Documents\GitHub\HLPT-Lab2-\target\ExplorerApp-0.0.1-SNAPSHOT.jar started by Stradalec in C:\Users\Stradalec\Documents\GitHub\HLPT-Lab2-)
2025-12-16 21:45:01 [main] INFO  c.H.E.ExplorerAppApplication$Companion - No active profile set, falling back to 1 default profile: "default"
2025-12-16 21:45:02 [main] INFO  o.s.d.r.c.RepositoryConfigurationDelegate - Bootstrapping Spring Data JPA repositories in DEFAULT mode.
2025-12-16 21:45:02 [main] INFO  o.s.d.r.c.RepositoryConfigurationDelegate - Finished Spring Data repository scanning in 139 ms. Found 3 JPA repository interfaces.
2025-12-16 21:45:03 [main] INFO  o.h.jpa.internal.util.LogHelper - HHH000204: Processing PersistenceUnitInfo [name: default]
2025-12-16 21:45:04 [main] INFO  org.hibernate.Version - HHH000412: Hibernate ORM core version 7.1.8.Final
2025-12-16 21:45:05 [main] INFO  o.s.o.j.p.SpringPersistenceUnitInfo - No LoadTimeWeaver setup: ignoring JPA class transformer
2025-12-16 21:45:05 [main] INFO  com.zaxxer.hikari.HikariDataSource - HikariPool-1 - Starting...
2025-12-16 21:45:06 [main] INFO  com.zaxxer.hikari.pool.HikariPool - HikariPool-1 - Added connection conn0: url=jdbc:h2:./data/coolDatabase user=SA
2025-12-16 21:45:06 [main] INFO  com.zaxxer.hikari.HikariDataSource - HikariPool-1 - Start completed.
2025-12-16 21:45:06 [main] WARN  org.hibernate.orm.deprecation - HHH90000025: H2Dialect does not need to be specified explicitly using 'hibernate.dialect' (remove the property setting and it will be selected by default)
2025-12-16 21:45:06 [main] INFO  o.hibernate.orm.connections.pooling - HHH10001005: Database info:
	Database JDBC URL [jdbc:h2:./data/coolDatabase]
	Database driver: H2 JDBC Driver
	Database dialect: H2Dialect
	Database version: 2.4.240
	Default catalog/schema: COOLDATABASE/PUBLIC
	Autocommit mode: undefined/unknown
	Isolation level: READ_COMMITTED [default READ_COMMITTED]
	JDBC fetch size: 100
	Pool: DatasourceConnectionProviderImpl
	Minimum pool size: undefined/unknown
	Maximum pool size: undefined/unknown
2025-12-16 21:45:08 [main] INFO  o.h.m.i.EntityInstantiatorPojoStandard - HHH000182: No default (no-argument) constructor for class [com.HLPTLab7.ExplorerApp.models.Resource] (class must be instantiated by Interceptor)
2025-12-16 21:45:08 [main] INFO  o.h.m.i.EntityInstantiatorPojoStandard - HHH000182: No default (no-argument) constructor for class [com.HLPTLab7.ExplorerApp.models.User] (class must be instantiated by Interceptor)
2025-12-16 21:45:08 [main] INFO  o.h.m.i.EntityInstantiatorPojoStandard - HHH000182: No default (no-argument) constructor for class [com.HLPTLab7.ExplorerApp.models.Permission] (class must be instantiated by Interceptor)
2025-12-16 21:45:08 [main] INFO  o.h.e.t.j.p.i.JtaPlatformInitiator - HHH000489: No JTA platform available (set 'hibernate.transaction.jta.platform' to enable JTA platform integration)
2025-12-16 21:45:08 [main] INFO  o.s.o.j.LocalContainerEntityManagerFactoryBean - Initialized JPA EntityManagerFactory for persistence unit 'default'
2025-12-16 21:45:09 [main] INFO  o.s.d.j.r.q.QueryEnhancerFactories - Hibernate is in classpath; If applicable, HQL parser will be used.
2025-12-16 21:45:13 [main] INFO  c.H.E.ExplorerAppApplication$Companion - Started ExplorerAppApplication.Companion in 14.04 seconds (process running for 15.55)
2025-12-16 21:45:13 [main] INFO  c.H.E.ExplorerAppApplication - A DEBUG Message
2025-12-16 21:45:13 [main] WARN  org.hibernate.orm.jdbc.error - HHH000247: ErrorCode: 42104, SQLState: 42S04
2025-12-16 21:45:13 [main] WARN  org.hibernate.orm.jdbc.error - Table "USERS" not found (this database is empty); SQL statement:
select u1_0.id,u1_0.hash,u1_0.login,u1_0.salt from users u1_0 where u1_0.login=? [42104-240]
2025-12-16 21:45:13 [main] ERROR c.H.E.ExplorerAppApplication - Неизвестная ошибка
org.springframework.dao.InvalidDataAccessResourceUsageException: Could not prepare statement [Table "USERS" not found (this database is empty); SQL statement:
select u1_0.id,u1_0.hash,u1_0.login,u1_0.salt from users u1_0 where u1_0.login=? [42104-240]] [select u1_0.id,u1_0.hash,u1_0.login,u1_0.salt from users u1_0 where u1_0.login=?]; SQL [select u1_0.id,u1_0.hash,u1_0.login,u1_0.salt from users u1_0 where u1_0.login=?]
	at org.springframework.orm.jpa.hibernate.HibernateExceptionTranslator.convertHibernateAccessException(HibernateExceptionTranslator.java:156)
	at org.springframework.orm.jpa.hibernate.HibernateExceptionTranslator.convertHibernateAccessException(HibernateExceptionTranslator.java:131)
	at org.springframework.orm.jpa.hibernate.HibernateExceptionTranslator.translateExceptionIfPossible(HibernateExceptionTranslator.java:105)
	at org.springframework.orm.jpa.vendor.HibernateJpaDialect.translateExceptionIfPossible(HibernateJpaDialect.java:199)
	at org.springframework.orm.jpa.AbstractEntityManagerFactoryBean.translateExceptionIfPossible(AbstractEntityManagerFactoryBean.java:556)
	at org.springframework.dao.support.ChainedPersistenceExceptionTranslator.translateExceptionIfPossible(ChainedPersistenceExceptionTranslator.java:61)
	at org.springframework.dao.support.DataAccessUtils.translateIfNecessary(DataAccessUtils.java:346)
	at org.springframework.dao.support.PersistenceExceptionTranslationInterceptor.invoke(PersistenceExceptionTranslationInterceptor.java:157)
	at org.springframework.aop.framework.ReflectiveMethodInvocation.proceed(ReflectiveMethodInvocation.java:179)
	at org.springframework.data.jpa.repository.support.CrudMethodMetadataPostProcessor$CrudMethodMetadataPopulatingMethodInterceptor.invoke(CrudMethodMetadataPostProcessor.java:137)
	at org.springframework.aop.framework.ReflectiveMethodInvocation.proceed(ReflectiveMethodInvocation.java:179)
	at org.springframework.data.util.NullnessMethodInvocationValidator.invoke(NullnessMethodInvocationValidator.java:99)
	at org.springframework.aop.framework.ReflectiveMethodInvocation.proceed(ReflectiveMethodInvocation.java:179)
	at org.springframework.aop.framework.JdkDynamicAopProxy.invoke(JdkDynamicAopProxy.java:222)
	at jdk.proxy2/jdk.proxy2.$Proxy113.findByLogin(Unknown Source)
	at com.HLPTLab7.ExplorerApp.repositories.UserJpaRepositoryAdapter.findByLogin(UserJpaRepositoryAdapter.kt:13)
	at java.base/jdk.internal.reflect.NativeMethodAccessorImpl.invoke0(Native Method)
	at java.base/jdk.internal.reflect.NativeMethodAccessorImpl.invoke(NativeMethodAccessorImpl.java:77)
	at java.base/jdk.internal.reflect.DelegatingMethodAccessorImpl.invoke(DelegatingMethodAccessorImpl.java:43)
	at java.base/java.lang.reflect.Method.invoke(Method.java:569)
	at org.springframework.aop.support.AopUtils.invokeJoinpointUsingReflection(AopUtils.java:359)
	at org.springframework.aop.framework.ReflectiveMethodInvocation.invokeJoinpoint(ReflectiveMethodInvocation.java:190)
	at org.springframework.aop.framework.ReflectiveMethodInvocation.proceed(ReflectiveMethodInvocation.java:158)
	at org.springframework.dao.support.PersistenceExceptionTranslationInterceptor.invoke(PersistenceExceptionTranslationInterceptor.java:135)
	at org.springframework.aop.framework.ReflectiveMethodInvocation.proceed(ReflectiveMethodInvocation.java:179)
	at org.springframework.aop.framework.CglibAopProxy$DynamicAdvisedInterceptor.intercept(CglibAopProxy.java:719)
	at com.HLPTLab7.ExplorerApp.repositories.UserJpaRepositoryAdapter$$SpringCGLIB$$0.findByLogin(<generated>)
	at com.HLPTLab7.ExplorerApp.handlers.ResourceActionUseCase.execute(ResourceActionUseCase.kt:15)
	at com.HLPTLab7.ExplorerApp.handlers.CommandHandler.execute(CommandHandler.kt:19)
	at com.HLPTLab7.ExplorerApp.ExplorerAppApplication.run(ExplorerAppApplication.kt:29)
	at org.springframework.boot.SpringApplication.lambda$callRunner$1(SpringApplication.java:801)
	at org.springframework.util.function.ThrowingConsumer$1.acceptWithException(ThrowingConsumer.java:82)
	at org.springframework.util.function.ThrowingConsumer.accept(ThrowingConsumer.java:60)
	at org.springframework.util.function.ThrowingConsumer$1.accept(ThrowingConsumer.java:86)
	at org.springframework.boot.SpringApplication.callRunner(SpringApplication.java:809)
	at org.springframework.boot.SpringApplication.callRunner(SpringApplication.java:800)
	at org.springframework.boot.SpringApplication.lambda$callRunners$0(SpringApplication.java:785)
	at java.base/java.util.stream.ForEachOps$ForEachOp$OfRef.accept(ForEachOps.java:183)
	at java.base/java.util.stream.SortedOps$SizedRefSortingSink.end(SortedOps.java:357)
	at java.base/java.util.stream.AbstractPipeline.copyInto(AbstractPipeline.java:510)
	at java.base/java.util.stream.AbstractPipeline.wrapAndCopyInto(AbstractPipeline.java:499)
	at java.base/java.util.stream.ForEachOps$ForEachOp.evaluateSequential(ForEachOps.java:150)
	at java.base/java.util.stream.ForEachOps$ForEachOp$OfRef.evaluateSequential(ForEachOps.java:173)
	at java.base/java.util.stream.AbstractPipeline.evaluate(AbstractPipeline.java:234)
	at java.base/java.util.stream.ReferencePipeline.forEach(ReferencePipeline.java:596)
	at org.springframework.boot.SpringApplication.callRunners(SpringApplication.java:785)
	at org.springframework.boot.SpringApplication.run(SpringApplication.java:328)
	at org.springframework.boot.SpringApplication.run(SpringApplication.java:1374)
	at org.springframework.boot.SpringApplication.run(SpringApplication.java:1363)
	at com.HLPTLab7.ExplorerApp.ExplorerAppApplication$Companion.main(ExplorerAppApplication.kt:46)
	at com.HLPTLab7.ExplorerApp.ExplorerAppApplication.main(ExplorerAppApplication.kt)
	at java.base/jdk.internal.reflect.NativeMethodAccessorImpl.invoke0(Native Method)
	at java.base/jdk.internal.reflect.NativeMethodAccessorImpl.invoke(NativeMethodAccessorImpl.java:77)
	at java.base/jdk.internal.reflect.DelegatingMethodAccessorImpl.invoke(DelegatingMethodAccessorImpl.java:43)
	at java.base/java.lang.reflect.Method.invoke(Method.java:569)
	at org.springframework.boot.loader.launch.Launcher.launch(Launcher.java:106)
	at org.springframework.boot.loader.launch.Launcher.launch(Launcher.java:64)
	at org.springframework.boot.loader.launch.JarLauncher.main(JarLauncher.java:40)
Caused by: org.hibernate.exception.SQLGrammarException: Could not prepare statement [Table "USERS" not found (this database is empty); SQL statement:
select u1_0.id,u1_0.hash,u1_0.login,u1_0.salt from users u1_0 where u1_0.login=? [42104-240]] [select u1_0.id,u1_0.hash,u1_0.login,u1_0.salt from users u1_0 where u1_0.login=?]
	at org.hibernate.exception.internal.SQLExceptionTypeDelegate.convert(SQLExceptionTypeDelegate.java:64)
	at org.hibernate.exception.internal.StandardSQLExceptionConverter.convert(StandardSQLExceptionConverter.java:34)
	at org.hibernate.engine.jdbc.spi.SqlExceptionHelper.convert(SqlExceptionHelper.java:115)
	at org.hibernate.engine.jdbc.internal.StatementPreparerImpl$StatementPreparationTemplate.prepareStatement(StatementPreparerImpl.java:198)
	at org.hibernate.engine.jdbc.internal.StatementPreparerImpl.prepareQueryStatement(StatementPreparerImpl.java:160)
	at org.hibernate.sql.exec.internal.StandardStatementCreator.createStatement(StandardStatementCreator.java:47)
	at org.hibernate.sql.results.jdbc.internal.DeferredResultSetAccess.executeQuery(DeferredResultSetAccess.java:271)
	at org.hibernate.sql.results.jdbc.internal.DeferredResultSetAccess.getResultSet(DeferredResultSetAccess.java:200)
	at org.hibernate.sql.results.jdbc.internal.JdbcValuesResultSetImpl.<init>(JdbcValuesResultSetImpl.java:72)
	at org.hibernate.sql.exec.internal.JdbcSelectExecutorStandardImpl.resolveJdbcValues(JdbcSelectExecutorStandardImpl.java:372)
	at org.hibernate.sql.exec.internal.JdbcSelectExecutorStandardImpl.resolveJdbcValuesSource(JdbcSelectExecutorStandardImpl.java:332)
	at org.hibernate.sql.exec.internal.JdbcSelectExecutorStandardImpl.doExecuteQuery(JdbcSelectExecutorStandardImpl.java:135)
	at org.hibernate.sql.exec.internal.JdbcSelectExecutorStandardImpl.executeQuery(JdbcSelectExecutorStandardImpl.java:100)
	at org.hibernate.sql.exec.spi.JdbcSelectExecutor.executeQuery(JdbcSelectExecutor.java:64)
	at org.hibernate.sql.exec.spi.JdbcSelectExecutor.list(JdbcSelectExecutor.java:138)
	at org.hibernate.query.sqm.internal.ConcreteSqmSelectQueryPlan.lambda$new$1(ConcreteSqmSelectQueryPlan.java:146)
	at org.hibernate.query.sqm.internal.ConcreteSqmSelectQueryPlan.withCacheableSqmInterpretation(ConcreteSqmSelectQueryPlan.java:455)
	at org.hibernate.query.sqm.internal.ConcreteSqmSelectQueryPlan.performList(ConcreteSqmSelectQueryPlan.java:388)
	at org.hibernate.query.sqm.internal.SqmQueryImpl.doList(SqmQueryImpl.java:386)
	at org.hibernate.query.spi.AbstractSelectionQuery.list(AbstractSelectionQuery.java:154)
	at org.hibernate.query.spi.AbstractSelectionQuery.getSingleResultOrNull(AbstractSelectionQuery.java:320)
	at java.base/jdk.internal.reflect.NativeMethodAccessorImpl.invoke0(Native Method)
	at java.base/jdk.internal.reflect.NativeMethodAccessorImpl.invoke(NativeMethodAccessorImpl.java:77)
	at java.base/jdk.internal.reflect.DelegatingMethodAccessorImpl.invoke(DelegatingMethodAccessorImpl.java:43)
	at java.base/java.lang.reflect.Method.invoke(Method.java:569)
	at org.springframework.orm.jpa.SharedEntityManagerCreator$DeferredQueryInvocationHandler.invoke(SharedEntityManagerCreator.java:414)
	at jdk.proxy2/jdk.proxy2.$Proxy116.getSingleResultOrNull(Unknown Source)
	at org.springframework.data.jpa.repository.query.JpaQueryExecution$SingleEntityExecution.doExecute(JpaQueryExecution.java:328)
	at org.springframework.data.jpa.repository.query.JpaQueryExecution.execute(JpaQueryExecution.java:99)
	at org.springframework.data.jpa.repository.query.AbstractJpaQuery.doExecute(AbstractJpaQuery.java:164)
	at org.springframework.data.jpa.repository.query.AbstractJpaQuery.execute(AbstractJpaQuery.java:154)
	at org.springframework.data.repository.core.support.RepositoryMethodInvoker.doInvoke(RepositoryMethodInvoker.java:169)
	at org.springframework.data.repository.core.support.RepositoryMethodInvoker.invoke(RepositoryMethodInvoker.java:158)
	at org.springframework.data.repository.core.support.QueryExecutorMethodInterceptor.doInvoke(QueryExecutorMethodInterceptor.java:167)
	at org.springframework.data.repository.core.support.QueryExecutorMethodInterceptor.invoke(QueryExecutorMethodInterceptor.java:146)
	at org.springframework.aop.framework.ReflectiveMethodInvocation.proceed(ReflectiveMethodInvocation.java:179)
	at org.springframework.data.projection.DefaultMethodInvokingMethodInterceptor.invoke(DefaultMethodInvokingMethodInterceptor.java:69)
	at org.springframework.aop.framework.ReflectiveMethodInvocation.proceed(ReflectiveMethodInvocation.java:179)
	at org.springframework.transaction.interceptor.TransactionAspectSupport.invokeWithinTransaction(TransactionAspectSupport.java:370)
	at org.springframework.transaction.interceptor.TransactionInterceptor.invoke(TransactionInterceptor.java:118)
	at org.springframework.aop.framework.ReflectiveMethodInvocation.proceed(ReflectiveMethodInvocation.java:179)
	at org.springframework.dao.support.PersistenceExceptionTranslationInterceptor.invoke(PersistenceExceptionTranslationInterceptor.java:135)
	... 50 common frames omitted
Caused by: org.h2.jdbc.JdbcSQLSyntaxErrorException: Table "USERS" not found (this database is empty); SQL statement:
select u1_0.id,u1_0.hash,u1_0.login,u1_0.salt from users u1_0 where u1_0.login=? [42104-240]
	at org.h2.message.DbException.getJdbcSQLException(DbException.java:514)
	at org.h2.message.DbException.getJdbcSQLException(DbException.java:489)
	at org.h2.message.DbException.get(DbException.java:223)
	at org.h2.message.DbException.get(DbException.java:199)
	at org.h2.command.Parser.getTableOrViewNotFoundDbException(Parser.java:8036)
	at org.h2.command.Parser.getTableOrViewNotFoundDbException(Parser.java:8020)
	at org.h2.command.Parser.readTableOrView(Parser.java:7999)
	at org.h2.command.Parser.readTablePrimary(Parser.java:1772)
	at org.h2.command.Parser.readTableReference(Parser.java:2252)
	at org.h2.command.Parser.parseSelectFromPart(Parser.java:2705)
	at org.h2.command.Parser.parseSelect(Parser.java:2813)
	at org.h2.command.Parser.parseQueryPrimary(Parser.java:2695)
	at org.h2.command.Parser.parseQueryTerm(Parser.java:2550)
	at org.h2.command.Parser.parseQueryExpressionBody(Parser.java:2529)
	at org.h2.command.Parser.parseQueryExpressionBodyAndEndOfQuery(Parser.java:2522)
	at org.h2.command.Parser.parseQueryExpression(Parser.java:2515)
	at org.h2.command.Parser.parseQuery(Parser.java:2482)
	at org.h2.command.Parser.parsePrepared(Parser.java:613)
	at org.h2.command.Parser.parse(Parser.java:584)
	at org.h2.command.Parser.parse(Parser.java:559)
	at org.h2.command.Parser.prepareCommand(Parser.java:487)
	at org.h2.engine.SessionLocal.prepareLocal(SessionLocal.java:647)
	at org.h2.engine.SessionLocal.prepareCommand(SessionLocal.java:563)
	at org.h2.jdbc.JdbcConnection.prepareCommand(JdbcConnection.java:1160)
	at org.h2.jdbc.JdbcPreparedStatement.<init>(JdbcPreparedStatement.java:93)
	at org.h2.jdbc.JdbcConnection.prepareStatement(JdbcConnection.java:686)
	at com.zaxxer.hikari.pool.ProxyConnection.prepareStatement(ProxyConnection.java:342)
	at com.zaxxer.hikari.pool.HikariProxyConnection.prepareStatement(HikariProxyConnection.java)
	at org.hibernate.engine.jdbc.internal.StatementPreparerImpl$4.doPrepare(StatementPreparerImpl.java:158)
	at org.hibernate.engine.jdbc.internal.StatementPreparerImpl$StatementPreparationTemplate.prepareStatement(StatementPreparerImpl.java:187)
	... 88 common frames omitted
2025-12-16 21:45:14 [SpringApplicationShutdownHook] INFO  o.s.o.j.LocalContainerEntityManagerFactoryBean - Closing JPA EntityManagerFactory for persistence unit 'default'
2025-12-16 21:45:14 [SpringApplicationShutdownHook] INFO  com.zaxxer.hikari.HikariDataSource - HikariPool-1 - Shutdown initiated...
2025-12-16 21:45:14 [SpringApplicationShutdownHook] INFO  com.zaxxer.hikari.HikariDataSource - HikariPool-1 - Shutdown completed.
2025-12-16 21:45:17 [main] INFO  c.H.E.ExplorerAppApplication$Companion - Starting ExplorerAppApplication.Companion v0.0.1-SNAPSHOT using Java 17.0.17 with PID 19704 (C:\Users\Stradalec\Documents\GitHub\HLPT-Lab2-\target\ExplorerApp-0.0.1-SNAPSHOT.jar started by Stradalec in C:\Users\Stradalec\Documents\GitHub\HLPT-Lab2-)
2025-12-16 21:45:17 [main] INFO  c.H.E.ExplorerAppApplication$Companion - No active profile set, falling back to 1 default profile: "default"
2025-12-16 21:45:18 [main] INFO  o.s.d.r.c.RepositoryConfigurationDelegate - Bootstrapping Spring Data JPA repositories in DEFAULT mode.
2025-12-16 21:45:18 [main] INFO  o.s.d.r.c.RepositoryConfigurationDelegate - Finished Spring Data repository scanning in 140 ms. Found 3 JPA repository interfaces.
2025-12-16 21:45:20 [main] INFO  o.h.jpa.internal.util.LogHelper - HHH000204: Processing PersistenceUnitInfo [name: default]
2025-12-16 21:45:20 [main] INFO  org.hibernate.Version - HHH000412: Hibernate ORM core version 7.1.8.Final
2025-12-16 21:45:21 [main] INFO  o.s.o.j.p.SpringPersistenceUnitInfo - No LoadTimeWeaver setup: ignoring JPA class transformer
2025-12-16 21:45:22 [main] INFO  com.zaxxer.hikari.HikariDataSource - HikariPool-1 - Starting...
2025-12-16 21:45:22 [main] INFO  com.zaxxer.hikari.pool.HikariPool - HikariPool-1 - Added connection conn0: url=jdbc:h2:./data/coolDatabase user=SA
2025-12-16 21:45:22 [main] INFO  com.zaxxer.hikari.HikariDataSource - HikariPool-1 - Start completed.
2025-12-16 21:45:22 [main] WARN  org.hibernate.orm.deprecation - HHH90000025: H2Dialect does not need to be specified explicitly using 'hibernate.dialect' (remove the property setting and it will be selected by default)
2025-12-16 21:45:22 [main] INFO  o.hibernate.orm.connections.pooling - HHH10001005: Database info:
	Database JDBC URL [jdbc:h2:./data/coolDatabase]
	Database driver: H2 JDBC Driver
	Database dialect: H2Dialect
	Database version: 2.4.240
	Default catalog/schema: COOLDATABASE/PUBLIC
	Autocommit mode: undefined/unknown
	Isolation level: READ_COMMITTED [default READ_COMMITTED]
	JDBC fetch size: 100
	Pool: DatasourceConnectionProviderImpl
	Minimum pool size: undefined/unknown
	Maximum pool size: undefined/unknown
2025-12-16 21:45:24 [main] INFO  o.h.m.i.EntityInstantiatorPojoStandard - HHH000182: No default (no-argument) constructor for class [com.HLPTLab7.ExplorerApp.models.Resource] (class must be instantiated by Interceptor)
2025-12-16 21:45:24 [main] INFO  o.h.m.i.EntityInstantiatorPojoStandard - HHH000182: No default (no-argument) constructor for class [com.HLPTLab7.ExplorerApp.models.User] (class must be instantiated by Interceptor)
2025-12-16 21:45:24 [main] INFO  o.h.m.i.EntityInstantiatorPojoStandard - HHH000182: No default (no-argument) constructor for class [com.HLPTLab7.ExplorerApp.models.Permission] (class must be instantiated by Interceptor)
2025-12-16 21:45:24 [main] INFO  o.h.e.t.j.p.i.JtaPlatformInitiator - HHH000489: No JTA platform available (set 'hibernate.transaction.jta.platform' to enable JTA platform integration)
2025-12-16 21:45:24 [main] INFO  o.s.o.j.LocalContainerEntityManagerFactoryBean - Initialized JPA EntityManagerFactory for persistence unit 'default'
2025-12-16 21:45:25 [main] INFO  o.s.d.j.r.q.QueryEnhancerFactories - Hibernate is in classpath; If applicable, HQL parser will be used.
2025-12-16 21:45:29 [main] INFO  c.H.E.ExplorerAppApplication$Companion - Started ExplorerAppApplication.Companion in 13.259 seconds (process running for 14.697)
2025-12-16 21:45:29 [main] INFO  c.H.E.ExplorerAppApplication - A DEBUG Message
2025-12-16 21:45:29 [main] INFO  c.H.E.ExplorerAppApplication - Выполнение завершено с кодом: 7
2025-12-16 21:45:29 [SpringApplicationShutdownHook] INFO  o.s.o.j.LocalContainerEntityManagerFactoryBean - Closing JPA EntityManagerFactory for persistence unit 'default'
2025-12-16 21:45:29 [SpringApplicationShutdownHook] INFO  com.zaxxer.hikari.HikariDataSource - HikariPool-1 - Shutdown initiated...
2025-12-16 21:45:29 [SpringApplicationShutdownHook] INFO  com.zaxxer.hikari.HikariDataSource - HikariPool-1 - Shutdown completed.
2025-12-16 21:45:32 [main] INFO  c.H.E.ExplorerAppApplication$Companion - Starting ExplorerAppApplication.Companion v0.0.1-SNAPSHOT using Java 17.0.17 with PID 17448 (C:\Users\Stradalec\Documents\GitHub\HLPT-Lab2-\target\ExplorerApp-0.0.1-SNAPSHOT.jar started by Stradalec in C:\Users\Stradalec\Documents\GitHub\HLPT-Lab2-)
2025-12-16 21:45:32 [main] INFO  c.H.E.ExplorerAppApplication$Companion - No active profile set, falling back to 1 default profile: "default"
2025-12-16 21:45:34 [main] INFO  o.s.d.r.c.RepositoryConfigurationDelegate - Bootstrapping Spring Data JPA repositories in DEFAULT mode.
2025-12-16 21:45:34 [main] INFO  o.s.d.r.c.RepositoryConfigurationDelegate - Finished Spring Data repository scanning in 154 ms. Found 3 JPA repository interfaces.
2025-12-16 21:45:35 [main] INFO  o.h.jpa.internal.util.LogHelper - HHH000204: Processing PersistenceUnitInfo [name: default]
2025-12-16 21:45:35 [main] INFO  org.hibernate.Version - HHH000412: Hibernate ORM core version 7.1.8.Final
2025-12-16 21:45:37 [main] INFO  o.s.o.j.p.SpringPersistenceUnitInfo - No LoadTimeWeaver setup: ignoring JPA class transformer
2025-12-16 21:45:37 [main] INFO  com.zaxxer.hikari.HikariDataSource - HikariPool-1 - Starting...
2025-12-16 21:45:37 [main] INFO  com.zaxxer.hikari.pool.HikariPool - HikariPool-1 - Added connection conn0: url=jdbc:h2:./data/coolDatabase user=SA
2025-12-16 21:45:37 [main] INFO  com.zaxxer.hikari.HikariDataSource - HikariPool-1 - Start completed.
2025-12-16 21:45:37 [main] WARN  org.hibernate.orm.deprecation - HHH90000025: H2Dialect does not need to be specified explicitly using 'hibernate.dialect' (remove the property setting and it will be selected by default)
2025-12-16 21:45:37 [main] INFO  o.hibernate.orm.connections.pooling - HHH10001005: Database info:
	Database JDBC URL [jdbc:h2:./data/coolDatabase]
	Database driver: H2 JDBC Driver
	Database dialect: H2Dialect
	Database version: 2.4.240
	Default catalog/schema: COOLDATABASE/PUBLIC
	Autocommit mode: undefined/unknown
	Isolation level: READ_COMMITTED [default READ_COMMITTED]
	JDBC fetch size: 100
	Pool: DatasourceConnectionProviderImpl
	Minimum pool size: undefined/unknown
	Maximum pool size: undefined/unknown
2025-12-16 21:45:39 [main] INFO  o.h.m.i.EntityInstantiatorPojoStandard - HHH000182: No default (no-argument) constructor for class [com.HLPTLab7.ExplorerApp.models.Resource] (class must be instantiated by Interceptor)
2025-12-16 21:45:39 [main] INFO  o.h.m.i.EntityInstantiatorPojoStandard - HHH000182: No default (no-argument) constructor for class [com.HLPTLab7.ExplorerApp.models.User] (class must be instantiated by Interceptor)
2025-12-16 21:45:39 [main] INFO  o.h.m.i.EntityInstantiatorPojoStandard - HHH000182: No default (no-argument) constructor for class [com.HLPTLab7.ExplorerApp.models.Permission] (class must be instantiated by Interceptor)
2025-12-16 21:45:39 [main] INFO  o.h.e.t.j.p.i.JtaPlatformInitiator - HHH000489: No JTA platform available (set 'hibernate.transaction.jta.platform' to enable JTA platform integration)
2025-12-16 21:45:39 [main] INFO  o.s.o.j.LocalContainerEntityManagerFactoryBean - Initialized JPA EntityManagerFactory for persistence unit 'default'
2025-12-16 21:45:40 [main] INFO  o.s.d.j.r.q.QueryEnhancerFactories - Hibernate is in classpath; If applicable, HQL parser will be used.
2025-12-16 21:45:44 [main] INFO  c.H.E.ExplorerAppApplication$Companion - Started ExplorerAppApplication.Companion in 13.358 seconds (process running for 14.811)
2025-12-16 21:45:44 [main] INFO  c.H.E.ExplorerAppApplication - A DEBUG Message
2025-12-16 21:45:45 [main] WARN  org.hibernate.orm.jdbc.error - HHH000247: ErrorCode: 42104, SQLState: 42S04
2025-12-16 21:45:45 [main] WARN  org.hibernate.orm.jdbc.error - Table "USERS" not found (this database is empty); SQL statement:
select u1_0.id,u1_0.hash,u1_0.login,u1_0.salt from users u1_0 where u1_0.login=? [42104-240]
2025-12-16 21:45:45 [main] ERROR c.H.E.ExplorerAppApplication - Неизвестная ошибка
org.springframework.dao.InvalidDataAccessResourceUsageException: Could not prepare statement [Table "USERS" not found (this database is empty); SQL statement:
select u1_0.id,u1_0.hash,u1_0.login,u1_0.salt from users u1_0 where u1_0.login=? [42104-240]] [select u1_0.id,u1_0.hash,u1_0.login,u1_0.salt from users u1_0 where u1_0.login=?]; SQL [select u1_0.id,u1_0.hash,u1_0.login,u1_0.salt from users u1_0 where u1_0.login=?]
	at org.springframework.orm.jpa.hibernate.HibernateExceptionTranslator.convertHibernateAccessException(HibernateExceptionTranslator.java:156)
	at org.springframework.orm.jpa.hibernate.HibernateExceptionTranslator.convertHibernateAccessException(HibernateExceptionTranslator.java:131)
	at org.springframework.orm.jpa.hibernate.HibernateExceptionTranslator.translateExceptionIfPossible(HibernateExceptionTranslator.java:105)
	at org.springframework.orm.jpa.vendor.HibernateJpaDialect.translateExceptionIfPossible(HibernateJpaDialect.java:199)
	at org.springframework.orm.jpa.AbstractEntityManagerFactoryBean.translateExceptionIfPossible(AbstractEntityManagerFactoryBean.java:556)
	at org.springframework.dao.support.ChainedPersistenceExceptionTranslator.translateExceptionIfPossible(ChainedPersistenceExceptionTranslator.java:61)
	at org.springframework.dao.support.DataAccessUtils.translateIfNecessary(DataAccessUtils.java:346)
	at org.springframework.dao.support.PersistenceExceptionTranslationInterceptor.invoke(PersistenceExceptionTranslationInterceptor.java:157)
	at org.springframework.aop.framework.ReflectiveMethodInvocation.proceed(ReflectiveMethodInvocation.java:179)
	at org.springframework.data.jpa.repository.support.CrudMethodMetadataPostProcessor$CrudMethodMetadataPopulatingMethodInterceptor.invoke(CrudMethodMetadataPostProcessor.java:137)
	at org.springframework.aop.framework.ReflectiveMethodInvocation.proceed(ReflectiveMethodInvocation.java:179)
	at org.springframework.data.util.NullnessMethodInvocationValidator.invoke(NullnessMethodInvocationValidator.java:99)
	at org.springframework.aop.framework.ReflectiveMethodInvocation.proceed(ReflectiveMethodInvocation.java:179)
	at org.springframework.aop.framework.JdkDynamicAopProxy.invoke(JdkDynamicAopProxy.java:222)
	at jdk.proxy2/jdk.proxy2.$Proxy113.findByLogin(Unknown Source)
	at com.HLPTLab7.ExplorerApp.repositories.UserJpaRepositoryAdapter.findByLogin(UserJpaRepositoryAdapter.kt:13)
	at java.base/jdk.internal.reflect.NativeMethodAccessorImpl.invoke0(Native Method)
	at java.base/jdk.internal.reflect.NativeMethodAccessorImpl.invoke(NativeMethodAccessorImpl.java:77)
	at java.base/jdk.internal.reflect.DelegatingMethodAccessorImpl.invoke(DelegatingMethodAccessorImpl.java:43)
	at java.base/java.lang.reflect.Method.invoke(Method.java:569)
	at org.springframework.aop.support.AopUtils.invokeJoinpointUsingReflection(AopUtils.java:359)
	at org.springframework.aop.framework.ReflectiveMethodInvocation.invokeJoinpoint(ReflectiveMethodInvocation.java:190)
	at org.springframework.aop.framework.ReflectiveMethodInvocation.proceed(ReflectiveMethodInvocation.java:158)
	at org.springframework.dao.support.PersistenceExceptionTranslationInterceptor.invoke(PersistenceExceptionTranslationInterceptor.java:135)
	at org.springframework.aop.framework.ReflectiveMethodInvocation.proceed(ReflectiveMethodInvocation.java:179)
	at org.springframework.aop.framework.CglibAopProxy$DynamicAdvisedInterceptor.intercept(CglibAopProxy.java:719)
	at com.HLPTLab7.ExplorerApp.repositories.UserJpaRepositoryAdapter$$SpringCGLIB$$0.findByLogin(<generated>)
	at com.HLPTLab7.ExplorerApp.handlers.ResourceActionUseCase.execute(ResourceActionUseCase.kt:15)
	at com.HLPTLab7.ExplorerApp.handlers.CommandHandler.execute(CommandHandler.kt:19)
	at com.HLPTLab7.ExplorerApp.ExplorerAppApplication.run(ExplorerAppApplication.kt:29)
	at org.springframework.boot.SpringApplication.lambda$callRunner$1(SpringApplication.java:801)
	at org.springframework.util.function.ThrowingConsumer$1.acceptWithException(ThrowingConsumer.java:82)
	at org.springframework.util.function.ThrowingConsumer.accept(ThrowingConsumer.java:60)
	at org.springframework.util.function.ThrowingConsumer$1.accept(ThrowingConsumer.java:86)
	at org.springframework.boot.SpringApplication.callRunner(SpringApplication.java:809)
	at org.springframework.boot.SpringApplication.callRunner(SpringApplication.java:800)
	at org.springframework.boot.SpringApplication.lambda$callRunners$0(SpringApplication.java:785)
	at java.base/java.util.stream.ForEachOps$ForEachOp$OfRef.accept(ForEachOps.java:183)
	at java.base/java.util.stream.SortedOps$SizedRefSortingSink.end(SortedOps.java:357)
	at java.base/java.util.stream.AbstractPipeline.copyInto(AbstractPipeline.java:510)
	at java.base/java.util.stream.AbstractPipeline.wrapAndCopyInto(AbstractPipeline.java:499)
	at java.base/java.util.stream.ForEachOps$ForEachOp.evaluateSequential(ForEachOps.java:150)
	at java.base/java.util.stream.ForEachOps$ForEachOp$OfRef.evaluateSequential(ForEachOps.java:173)
	at java.base/java.util.stream.AbstractPipeline.evaluate(AbstractPipeline.java:234)
	at java.base/java.util.stream.ReferencePipeline.forEach(ReferencePipeline.java:596)
	at org.springframework.boot.SpringApplication.callRunners(SpringApplication.java:785)
	at org.springframework.boot.SpringApplication.run(SpringApplication.java:328)
	at org.springframework.boot.SpringApplication.run(SpringApplication.java:1374)
	at org.springframework.boot.SpringApplication.run(SpringApplication.java:1363)
	at com.HLPTLab7.ExplorerApp.ExplorerAppApplication$Companion.main(ExplorerAppApplication.kt:46)
	at com.HLPTLab7.ExplorerApp.ExplorerAppApplication.main(ExplorerAppApplication.kt)
	at java.base/jdk.internal.reflect.NativeMethodAccessorImpl.invoke0(Native Method)
	at java.base/jdk.internal.reflect.NativeMethodAccessorImpl.invoke(NativeMethodAccessorImpl.java:77)
	at java.base/jdk.internal.reflect.DelegatingMethodAccessorImpl.invoke(DelegatingMethodAccessorImpl.java:43)
	at java.base/java.lang.reflect.Method.invoke(Method.java:569)
	at org.springframework.boot.loader.launch.Launcher.launch(Launcher.java:106)
	at org.springframework.boot.loader.launch.Launcher.launch(Launcher.java:64)
	at org.springframework.boot.loader.launch.JarLauncher.main(JarLauncher.java:40)
Caused by: org.hibernate.exception.SQLGrammarException: Could not prepare statement [Table "USERS" not found (this database is empty); SQL statement:
select u1_0.id,u1_0.hash,u1_0.login,u1_0.salt from users u1_0 where u1_0.login=? [42104-240]] [select u1_0.id,u1_0.hash,u1_0.login,u1_0.salt from users u1_0 where u1_0.login=?]
	at org.hibernate.exception.internal.SQLExceptionTypeDelegate.convert(SQLExceptionTypeDelegate.java:64)
	at org.hibernate.exception.internal.StandardSQLExceptionConverter.convert(StandardSQLExceptionConverter.java:34)
	at org.hibernate.engine.jdbc.spi.SqlExceptionHelper.convert(SqlExceptionHelper.java:115)
	at org.hibernate.engine.jdbc.internal.StatementPreparerImpl$StatementPreparationTemplate.prepareStatement(StatementPreparerImpl.java:198)
	at org.hibernate.engine.jdbc.internal.StatementPreparerImpl.prepareQueryStatement(StatementPreparerImpl.java:160)
	at org.hibernate.sql.exec.internal.StandardStatementCreator.createStatement(StandardStatementCreator.java:47)
	at org.hibernate.sql.results.jdbc.internal.DeferredResultSetAccess.executeQuery(DeferredResultSetAccess.java:271)
	at org.hibernate.sql.results.jdbc.internal.DeferredResultSetAccess.getResultSet(DeferredResultSetAccess.java:200)
	at org.hibernate.sql.results.jdbc.internal.JdbcValuesResultSetImpl.<init>(JdbcValuesResultSetImpl.java:72)
	at org.hibernate.sql.exec.internal.JdbcSelectExecutorStandardImpl.resolveJdbcValues(JdbcSelectExecutorStandardImpl.java:372)
	at org.hibernate.sql.exec.internal.JdbcSelectExecutorStandardImpl.resolveJdbcValuesSource(JdbcSelectExecutorStandardImpl.java:332)
	at org.hibernate.sql.exec.internal.JdbcSelectExecutorStandardImpl.doExecuteQuery(JdbcSelectExecutorStandardImpl.java:135)
	at org.hibernate.sql.exec.internal.JdbcSelectExecutorStandardImpl.executeQuery(JdbcSelectExecutorStandardImpl.java:100)
	at org.hibernate.sql.exec.spi.JdbcSelectExecutor.executeQuery(JdbcSelectExecutor.java:64)
	at org.hibernate.sql.exec.spi.JdbcSelectExecutor.list(JdbcSelectExecutor.java:138)
	at org.hibernate.query.sqm.internal.ConcreteSqmSelectQueryPlan.lambda$new$1(ConcreteSqmSelectQueryPlan.java:146)
	at org.hibernate.query.sqm.internal.ConcreteSqmSelectQueryPlan.withCacheableSqmInterpretation(ConcreteSqmSelectQueryPlan.java:455)
	at org.hibernate.query.sqm.internal.ConcreteSqmSelectQueryPlan.performList(ConcreteSqmSelectQueryPlan.java:388)
	at org.hibernate.query.sqm.internal.SqmQueryImpl.doList(SqmQueryImpl.java:386)
	at org.hibernate.query.spi.AbstractSelectionQuery.list(AbstractSelectionQuery.java:154)
	at org.hibernate.query.spi.AbstractSelectionQuery.getSingleResultOrNull(AbstractSelectionQuery.java:320)
	at java.base/jdk.internal.reflect.NativeMethodAccessorImpl.invoke0(Native Method)
	at java.base/jdk.internal.reflect.NativeMethodAccessorImpl.invoke(NativeMethodAccessorImpl.java:77)
	at java.base/jdk.internal.reflect.DelegatingMethodAccessorImpl.invoke(DelegatingMethodAccessorImpl.java:43)
	at java.base/java.lang.reflect.Method.invoke(Method.java:569)
	at org.springframework.orm.jpa.SharedEntityManagerCreator$DeferredQueryInvocationHandler.invoke(SharedEntityManagerCreator.java:414)
	at jdk.proxy2/jdk.proxy2.$Proxy116.getSingleResultOrNull(Unknown Source)
	at org.springframework.data.jpa.repository.query.JpaQueryExecution$SingleEntityExecution.doExecute(JpaQueryExecution.java:328)
	at org.springframework.data.jpa.repository.query.JpaQueryExecution.execute(JpaQueryExecution.java:99)
	at org.springframework.data.jpa.repository.query.AbstractJpaQuery.doExecute(AbstractJpaQuery.java:164)
	at org.springframework.data.jpa.repository.query.AbstractJpaQuery.execute(AbstractJpaQuery.java:154)
	at org.springframework.data.repository.core.support.RepositoryMethodInvoker.doInvoke(RepositoryMethodInvoker.java:169)
	at org.springframework.data.repository.core.support.RepositoryMethodInvoker.invoke(RepositoryMethodInvoker.java:158)
	at org.springframework.data.repository.core.support.QueryExecutorMethodInterceptor.doInvoke(QueryExecutorMethodInterceptor.java:167)
	at org.springframework.data.repository.core.support.QueryExecutorMethodInterceptor.invoke(QueryExecutorMethodInterceptor.java:146)
	at org.springframework.aop.framework.ReflectiveMethodInvocation.proceed(ReflectiveMethodInvocation.java:179)
	at org.springframework.data.projection.DefaultMethodInvokingMethodInterceptor.invoke(DefaultMethodInvokingMethodInterceptor.java:69)
	at org.springframework.aop.framework.ReflectiveMethodInvocation.proceed(ReflectiveMethodInvocation.java:179)
	at org.springframework.transaction.interceptor.TransactionAspectSupport.invokeWithinTransaction(TransactionAspectSupport.java:370)
	at org.springframework.transaction.interceptor.TransactionInterceptor.invoke(TransactionInterceptor.java:118)
	at org.springframework.aop.framework.ReflectiveMethodInvocation.proceed(ReflectiveMethodInvocation.java:179)
	at org.springframework.dao.support.PersistenceExceptionTranslationInterceptor.invoke(PersistenceExceptionTranslationInterceptor.java:135)
	... 50 common frames omitted
Caused by: org.h2.jdbc.JdbcSQLSyntaxErrorException: Table "USERS" not found (this database is empty); SQL statement:
select u1_0.id,u1_0.hash,u1_0.login,u1_0.salt from users u1_0 where u1_0.login=? [42104-240]
	at org.h2.message.DbException.getJdbcSQLException(DbException.java:514)
	at org.h2.message.DbException.getJdbcSQLException(DbException.java:489)
	at org.h2.message.DbException.get(DbException.java:223)
	at org.h2.message.DbException.get(DbException.java:199)
	at org.h2.command.Parser.getTableOrViewNotFoundDbException(Parser.java:8036)
	at org.h2.command.Parser.getTableOrViewNotFoundDbException(Parser.java:8020)
	at org.h2.command.Parser.readTableOrView(Parser.java:7999)
	at org.h2.command.Parser.readTablePrimary(Parser.java:1772)
	at org.h2.command.Parser.readTableReference(Parser.java:2252)
	at org.h2.command.Parser.parseSelectFromPart(Parser.java:2705)
	at org.h2.command.Parser.parseSelect(Parser.java:2813)
	at org.h2.command.Parser.parseQueryPrimary(Parser.java:2695)
	at org.h2.command.Parser.parseQueryTerm(Parser.java:2550)
	at org.h2.command.Parser.parseQueryExpressionBody(Parser.java:2529)
	at org.h2.command.Parser.parseQueryExpressionBodyAndEndOfQuery(Parser.java:2522)
	at org.h2.command.Parser.parseQueryExpression(Parser.java:2515)
	at org.h2.command.Parser.parseQuery(Parser.java:2482)
	at org.h2.command.Parser.parsePrepared(Parser.java:613)
	at org.h2.command.Parser.parse(Parser.java:584)
	at org.h2.command.Parser.parse(Parser.java:559)
	at org.h2.command.Parser.prepareCommand(Parser.java:487)
	at org.h2.engine.SessionLocal.prepareLocal(SessionLocal.java:647)
	at org.h2.engine.SessionLocal.prepareCommand(SessionLocal.java:563)
	at org.h2.jdbc.JdbcConnection.prepareCommand(JdbcConnection.java:1160)
	at org.h2.jdbc.JdbcPreparedStatement.<init>(JdbcPreparedStatement.java:93)
	at org.h2.jdbc.JdbcConnection.prepareStatement(JdbcConnection.java:686)
	at com.zaxxer.hikari.pool.ProxyConnection.prepareStatement(ProxyConnection.java:342)
	at com.zaxxer.hikari.pool.HikariProxyConnection.prepareStatement(HikariProxyConnection.java)
	at org.hibernate.engine.jdbc.internal.StatementPreparerImpl$4.doPrepare(StatementPreparerImpl.java:158)
	at org.hibernate.engine.jdbc.internal.StatementPreparerImpl$StatementPreparationTemplate.prepareStatement(StatementPreparerImpl.java:187)
	... 88 common frames omitted
2025-12-16 21:45:45 [SpringApplicationShutdownHook] INFO  o.s.o.j.LocalContainerEntityManagerFactoryBean - Closing JPA EntityManagerFactory for persistence unit 'default'
2025-12-16 21:45:45 [SpringApplicationShutdownHook] INFO  com.zaxxer.hikari.HikariDataSource - HikariPool-1 - Shutdown initiated...
2025-12-16 21:45:45 [SpringApplicationShutdownHook] INFO  com.zaxxer.hikari.HikariDataSource - HikariPool-1 - Shutdown completed.
2025-12-16 21:47:03 [main] INFO  c.H.E.ExplorerAppApplication$Companion - Starting ExplorerAppApplication.Companion v0.0.1-SNAPSHOT using Java 17.0.17 with PID 5628 (C:\Users\Stradalec\Documents\GitHub\HLPT-Lab2-\target\ExplorerApp-0.0.1-SNAPSHOT.jar started by Stradalec in C:\Users\Stradalec\Documents\GitHub\HLPT-Lab2-)
2025-12-16 21:47:03 [main] INFO  c.H.E.ExplorerAppApplication$Companion - No active profile set, falling back to 1 default profile: "default"
2025-12-16 21:47:04 [main] INFO  o.s.d.r.c.RepositoryConfigurationDelegate - Bootstrapping Spring Data JPA repositories in DEFAULT mode.
2025-12-16 21:47:04 [main] INFO  o.s.d.r.c.RepositoryConfigurationDelegate - Finished Spring Data repository scanning in 98 ms. Found 3 JPA repository interfaces.
2025-12-16 21:47:05 [main] INFO  o.h.jpa.internal.util.LogHelper - HHH000204: Processing PersistenceUnitInfo [name: default]
2025-12-16 21:47:05 [main] INFO  org.hibernate.Version - HHH000412: Hibernate ORM core version 7.1.8.Final
2025-12-16 21:47:06 [main] INFO  o.s.o.j.p.SpringPersistenceUnitInfo - No LoadTimeWeaver setup: ignoring JPA class transformer
2025-12-16 21:47:06 [main] INFO  com.zaxxer.hikari.HikariDataSource - HikariPool-1 - Starting...
2025-12-16 21:47:06 [main] INFO  com.zaxxer.hikari.pool.HikariPool - HikariPool-1 - Added connection conn0: url=jdbc:h2:./data/coolDatabase user=SA
2025-12-16 21:47:06 [main] INFO  com.zaxxer.hikari.HikariDataSource - HikariPool-1 - Start completed.
2025-12-16 21:47:06 [main] WARN  org.hibernate.orm.deprecation - HHH90000025: H2Dialect does not need to be specified explicitly using 'hibernate.dialect' (remove the property setting and it will be selected by default)
2025-12-16 21:47:07 [main] INFO  o.hibernate.orm.connections.pooling - HHH10001005: Database info:
	Database JDBC URL [jdbc:h2:./data/coolDatabase]
	Database driver: H2 JDBC Driver
	Database dialect: H2Dialect
	Database version: 2.4.240
	Default catalog/schema: COOLDATABASE/PUBLIC
	Autocommit mode: undefined/unknown
	Isolation level: READ_COMMITTED [default READ_COMMITTED]
	JDBC fetch size: 100
	Pool: DatasourceConnectionProviderImpl
	Minimum pool size: undefined/unknown
	Maximum pool size: undefined/unknown
2025-12-16 21:47:08 [main] INFO  o.h.m.i.EntityInstantiatorPojoStandard - HHH000182: No default (no-argument) constructor for class [com.HLPTLab7.ExplorerApp.models.Resource] (class must be instantiated by Interceptor)
2025-12-16 21:47:08 [main] INFO  o.h.m.i.EntityInstantiatorPojoStandard - HHH000182: No default (no-argument) constructor for class [com.HLPTLab7.ExplorerApp.models.User] (class must be instantiated by Interceptor)
2025-12-16 21:47:08 [main] INFO  o.h.m.i.EntityInstantiatorPojoStandard - HHH000182: No default (no-argument) constructor for class [com.HLPTLab7.ExplorerApp.models.Permission] (class must be instantiated by Interceptor)
2025-12-16 21:47:08 [main] INFO  o.h.e.t.j.p.i.JtaPlatformInitiator - HHH000489: No JTA platform available (set 'hibernate.transaction.jta.platform' to enable JTA platform integration)
2025-12-16 21:47:08 [main] INFO  o.s.o.j.LocalContainerEntityManagerFactoryBean - Initialized JPA EntityManagerFactory for persistence unit 'default'
2025-12-16 21:47:09 [main] INFO  o.s.d.j.r.q.QueryEnhancerFactories - Hibernate is in classpath; If applicable, HQL parser will be used.
2025-12-16 21:47:12 [main] INFO  c.H.E.ExplorerAppApplication$Companion - Started ExplorerAppApplication.Companion in 10.604 seconds (process running for 11.802)
2025-12-16 21:47:12 [main] INFO  c.H.E.ExplorerAppApplication - A DEBUG Message
2025-12-16 21:47:12 [main] WARN  org.hibernate.orm.jdbc.error - HHH000247: ErrorCode: 42104, SQLState: 42S04
2025-12-16 21:47:12 [main] WARN  org.hibernate.orm.jdbc.error - Table "USERS" not found (this database is empty); SQL statement:
select u1_0.id,u1_0.hash,u1_0.login,u1_0.salt from users u1_0 where u1_0.login=? [42104-240]
2025-12-16 21:47:12 [main] ERROR c.H.E.ExplorerAppApplication - Неизвестная ошибка
org.springframework.dao.InvalidDataAccessResourceUsageException: Could not prepare statement [Table "USERS" not found (this database is empty); SQL statement:
select u1_0.id,u1_0.hash,u1_0.login,u1_0.salt from users u1_0 where u1_0.login=? [42104-240]] [select u1_0.id,u1_0.hash,u1_0.login,u1_0.salt from users u1_0 where u1_0.login=?]; SQL [select u1_0.id,u1_0.hash,u1_0.login,u1_0.salt from users u1_0 where u1_0.login=?]
	at org.springframework.orm.jpa.hibernate.HibernateExceptionTranslator.convertHibernateAccessException(HibernateExceptionTranslator.java:156)
	at org.springframework.orm.jpa.hibernate.HibernateExceptionTranslator.convertHibernateAccessException(HibernateExceptionTranslator.java:131)
	at org.springframework.orm.jpa.hibernate.HibernateExceptionTranslator.translateExceptionIfPossible(HibernateExceptionTranslator.java:105)
	at org.springframework.orm.jpa.vendor.HibernateJpaDialect.translateExceptionIfPossible(HibernateJpaDialect.java:199)
	at org.springframework.orm.jpa.AbstractEntityManagerFactoryBean.translateExceptionIfPossible(AbstractEntityManagerFactoryBean.java:556)
	at org.springframework.dao.support.ChainedPersistenceExceptionTranslator.translateExceptionIfPossible(ChainedPersistenceExceptionTranslator.java:61)
	at org.springframework.dao.support.DataAccessUtils.translateIfNecessary(DataAccessUtils.java:346)
	at org.springframework.dao.support.PersistenceExceptionTranslationInterceptor.invoke(PersistenceExceptionTranslationInterceptor.java:157)
	at org.springframework.aop.framework.ReflectiveMethodInvocation.proceed(ReflectiveMethodInvocation.java:179)
	at org.springframework.data.jpa.repository.support.CrudMethodMetadataPostProcessor$CrudMethodMetadataPopulatingMethodInterceptor.invoke(CrudMethodMetadataPostProcessor.java:137)
	at org.springframework.aop.framework.ReflectiveMethodInvocation.proceed(ReflectiveMethodInvocation.java:179)
	at org.springframework.data.util.NullnessMethodInvocationValidator.invoke(NullnessMethodInvocationValidator.java:99)
	at org.springframework.aop.framework.ReflectiveMethodInvocation.proceed(ReflectiveMethodInvocation.java:179)
	at org.springframework.aop.framework.JdkDynamicAopProxy.invoke(JdkDynamicAopProxy.java:222)
	at jdk.proxy2/jdk.proxy2.$Proxy113.findByLogin(Unknown Source)
	at com.HLPTLab7.ExplorerApp.repositories.UserJpaRepositoryAdapter.findByLogin(UserJpaRepositoryAdapter.kt:13)
	at java.base/jdk.internal.reflect.NativeMethodAccessorImpl.invoke0(Native Method)
	at java.base/jdk.internal.reflect.NativeMethodAccessorImpl.invoke(NativeMethodAccessorImpl.java:77)
	at java.base/jdk.internal.reflect.DelegatingMethodAccessorImpl.invoke(DelegatingMethodAccessorImpl.java:43)
	at java.base/java.lang.reflect.Method.invoke(Method.java:569)
	at org.springframework.aop.support.AopUtils.invokeJoinpointUsingReflection(AopUtils.java:359)
	at org.springframework.aop.framework.ReflectiveMethodInvocation.invokeJoinpoint(ReflectiveMethodInvocation.java:190)
	at org.springframework.aop.framework.ReflectiveMethodInvocation.proceed(ReflectiveMethodInvocation.java:158)
	at org.springframework.dao.support.PersistenceExceptionTranslationInterceptor.invoke(PersistenceExceptionTranslationInterceptor.java:135)
	at org.springframework.aop.framework.ReflectiveMethodInvocation.proceed(ReflectiveMethodInvocation.java:179)
	at org.springframework.aop.framework.CglibAopProxy$DynamicAdvisedInterceptor.intercept(CglibAopProxy.java:719)
	at com.HLPTLab7.ExplorerApp.repositories.UserJpaRepositoryAdapter$$SpringCGLIB$$0.findByLogin(<generated>)
	at com.HLPTLab7.ExplorerApp.handlers.ResourceActionUseCase.execute(ResourceActionUseCase.kt:15)
	at com.HLPTLab7.ExplorerApp.handlers.CommandHandler.execute(CommandHandler.kt:19)
	at com.HLPTLab7.ExplorerApp.ExplorerAppApplication.run(ExplorerAppApplication.kt:29)
	at org.springframework.boot.SpringApplication.lambda$callRunner$1(SpringApplication.java:801)
	at org.springframework.util.function.ThrowingConsumer$1.acceptWithException(ThrowingConsumer.java:82)
	at org.springframework.util.function.ThrowingConsumer.accept(ThrowingConsumer.java:60)
	at org.springframework.util.function.ThrowingConsumer$1.accept(ThrowingConsumer.java:86)
	at org.springframework.boot.SpringApplication.callRunner(SpringApplication.java:809)
	at org.springframework.boot.SpringApplication.callRunner(SpringApplication.java:800)
	at org.springframework.boot.SpringApplication.lambda$callRunners$0(SpringApplication.java:785)
	at java.base/java.util.stream.ForEachOps$ForEachOp$OfRef.accept(ForEachOps.java:183)
	at java.base/java.util.stream.SortedOps$SizedRefSortingSink.end(SortedOps.java:357)
	at java.base/java.util.stream.AbstractPipeline.copyInto(AbstractPipeline.java:510)
	at java.base/java.util.stream.AbstractPipeline.wrapAndCopyInto(AbstractPipeline.java:499)
	at java.base/java.util.stream.ForEachOps$ForEachOp.evaluateSequential(ForEachOps.java:150)
	at java.base/java.util.stream.ForEachOps$ForEachOp$OfRef.evaluateSequential(ForEachOps.java:173)
	at java.base/java.util.stream.AbstractPipeline.evaluate(AbstractPipeline.java:234)
	at java.base/java.util.stream.ReferencePipeline.forEach(ReferencePipeline.java:596)
	at org.springframework.boot.SpringApplication.callRunners(SpringApplication.java:785)
	at org.springframework.boot.SpringApplication.run(SpringApplication.java:328)
	at org.springframework.boot.SpringApplication.run(SpringApplication.java:1374)
	at org.springframework.boot.SpringApplication.run(SpringApplication.java:1363)
	at com.HLPTLab7.ExplorerApp.ExplorerAppApplication$Companion.main(ExplorerAppApplication.kt:46)
	at com.HLPTLab7.ExplorerApp.ExplorerAppApplication.main(ExplorerAppApplication.kt)
	at java.base/jdk.internal.reflect.NativeMethodAccessorImpl.invoke0(Native Method)
	at java.base/jdk.internal.reflect.NativeMethodAccessorImpl.invoke(NativeMethodAccessorImpl.java:77)
	at java.base/jdk.internal.reflect.DelegatingMethodAccessorImpl.invoke(DelegatingMethodAccessorImpl.java:43)
	at java.base/java.lang.reflect.Method.invoke(Method.java:569)
	at org.springframework.boot.loader.launch.Launcher.launch(Launcher.java:106)
	at org.springframework.boot.loader.launch.Launcher.launch(Launcher.java:64)
	at org.springframework.boot.loader.launch.JarLauncher.main(JarLauncher.java:40)
Caused by: org.hibernate.exception.SQLGrammarException: Could not prepare statement [Table "USERS" not found (this database is empty); SQL statement:
select u1_0.id,u1_0.hash,u1_0.login,u1_0.salt from users u1_0 where u1_0.login=? [42104-240]] [select u1_0.id,u1_0.hash,u1_0.login,u1_0.salt from users u1_0 where u1_0.login=?]
	at org.hibernate.exception.internal.SQLExceptionTypeDelegate.convert(SQLExceptionTypeDelegate.java:64)
	at org.hibernate.exception.internal.StandardSQLExceptionConverter.convert(StandardSQLExceptionConverter.java:34)
	at org.hibernate.engine.jdbc.spi.SqlExceptionHelper.convert(SqlExceptionHelper.java:115)
	at org.hibernate.engine.jdbc.internal.StatementPreparerImpl$StatementPreparationTemplate.prepareStatement(StatementPreparerImpl.java:198)
	at org.hibernate.engine.jdbc.internal.StatementPreparerImpl.prepareQueryStatement(StatementPreparerImpl.java:160)
	at org.hibernate.sql.exec.internal.StandardStatementCreator.createStatement(StandardStatementCreator.java:47)
	at org.hibernate.sql.results.jdbc.internal.DeferredResultSetAccess.executeQuery(DeferredResultSetAccess.java:271)
	at org.hibernate.sql.results.jdbc.internal.DeferredResultSetAccess.getResultSet(DeferredResultSetAccess.java:200)
	at org.hibernate.sql.results.jdbc.internal.JdbcValuesResultSetImpl.<init>(JdbcValuesResultSetImpl.java:72)
	at org.hibernate.sql.exec.internal.JdbcSelectExecutorStandardImpl.resolveJdbcValues(JdbcSelectExecutorStandardImpl.java:372)
	at org.hibernate.sql.exec.internal.JdbcSelectExecutorStandardImpl.resolveJdbcValuesSource(JdbcSelectExecutorStandardImpl.java:332)
	at org.hibernate.sql.exec.internal.JdbcSelectExecutorStandardImpl.doExecuteQuery(JdbcSelectExecutorStandardImpl.java:135)
	at org.hibernate.sql.exec.internal.JdbcSelectExecutorStandardImpl.executeQuery(JdbcSelectExecutorStandardImpl.java:100)
	at org.hibernate.sql.exec.spi.JdbcSelectExecutor.executeQuery(JdbcSelectExecutor.java:64)
	at org.hibernate.sql.exec.spi.JdbcSelectExecutor.list(JdbcSelectExecutor.java:138)
	at org.hibernate.query.sqm.internal.ConcreteSqmSelectQueryPlan.lambda$new$1(ConcreteSqmSelectQueryPlan.java:146)
	at org.hibernate.query.sqm.internal.ConcreteSqmSelectQueryPlan.withCacheableSqmInterpretation(ConcreteSqmSelectQueryPlan.java:455)
	at org.hibernate.query.sqm.internal.ConcreteSqmSelectQueryPlan.performList(ConcreteSqmSelectQueryPlan.java:388)
	at org.hibernate.query.sqm.internal.SqmQueryImpl.doList(SqmQueryImpl.java:386)
	at org.hibernate.query.spi.AbstractSelectionQuery.list(AbstractSelectionQuery.java:154)
	at org.hibernate.query.spi.AbstractSelectionQuery.getSingleResultOrNull(AbstractSelectionQuery.java:320)
	at java.base/jdk.internal.reflect.NativeMethodAccessorImpl.invoke0(Native Method)
	at java.base/jdk.internal.reflect.NativeMethodAccessorImpl.invoke(NativeMethodAccessorImpl.java:77)
	at java.base/jdk.internal.reflect.DelegatingMethodAccessorImpl.invoke(DelegatingMethodAccessorImpl.java:43)
	at java.base/java.lang.reflect.Method.invoke(Method.java:569)
	at org.springframework.orm.jpa.SharedEntityManagerCreator$DeferredQueryInvocationHandler.invoke(SharedEntityManagerCreator.java:414)
	at jdk.proxy2/jdk.proxy2.$Proxy116.getSingleResultOrNull(Unknown Source)
	at org.springframework.data.jpa.repository.query.JpaQueryExecution$SingleEntityExecution.doExecute(JpaQueryExecution.java:328)
	at org.springframework.data.jpa.repository.query.JpaQueryExecution.execute(JpaQueryExecution.java:99)
	at org.springframework.data.jpa.repository.query.AbstractJpaQuery.doExecute(AbstractJpaQuery.java:164)
	at org.springframework.data.jpa.repository.query.AbstractJpaQuery.execute(AbstractJpaQuery.java:154)
	at org.springframework.data.repository.core.support.RepositoryMethodInvoker.doInvoke(RepositoryMethodInvoker.java:169)
	at org.springframework.data.repository.core.support.RepositoryMethodInvoker.invoke(RepositoryMethodInvoker.java:158)
	at org.springframework.data.repository.core.support.QueryExecutorMethodInterceptor.doInvoke(QueryExecutorMethodInterceptor.java:167)
	at org.springframework.data.repository.core.support.QueryExecutorMethodInterceptor.invoke(QueryExecutorMethodInterceptor.java:146)
	at org.springframework.aop.framework.ReflectiveMethodInvocation.proceed(ReflectiveMethodInvocation.java:179)
	at org.springframework.data.projection.DefaultMethodInvokingMethodInterceptor.invoke(DefaultMethodInvokingMethodInterceptor.java:69)
	at org.springframework.aop.framework.ReflectiveMethodInvocation.proceed(ReflectiveMethodInvocation.java:179)
	at org.springframework.transaction.interceptor.TransactionAspectSupport.invokeWithinTransaction(TransactionAspectSupport.java:370)
	at org.springframework.transaction.interceptor.TransactionInterceptor.invoke(TransactionInterceptor.java:118)
	at org.springframework.aop.framework.ReflectiveMethodInvocation.proceed(ReflectiveMethodInvocation.java:179)
	at org.springframework.dao.support.PersistenceExceptionTranslationInterceptor.invoke(PersistenceExceptionTranslationInterceptor.java:135)
	... 50 common frames omitted
Caused by: org.h2.jdbc.JdbcSQLSyntaxErrorException: Table "USERS" not found (this database is empty); SQL statement:
select u1_0.id,u1_0.hash,u1_0.login,u1_0.salt from users u1_0 where u1_0.login=? [42104-240]
	at org.h2.message.DbException.getJdbcSQLException(DbException.java:514)
	at org.h2.message.DbException.getJdbcSQLException(DbException.java:489)
	at org.h2.message.DbException.get(DbException.java:223)
	at org.h2.message.DbException.get(DbException.java:199)
	at org.h2.command.Parser.getTableOrViewNotFoundDbException(Parser.java:8036)
	at org.h2.command.Parser.getTableOrViewNotFoundDbException(Parser.java:8020)
	at org.h2.command.Parser.readTableOrView(Parser.java:7999)
	at org.h2.command.Parser.readTablePrimary(Parser.java:1772)
	at org.h2.command.Parser.readTableReference(Parser.java:2252)
	at org.h2.command.Parser.parseSelectFromPart(Parser.java:2705)
	at org.h2.command.Parser.parseSelect(Parser.java:2813)
	at org.h2.command.Parser.parseQueryPrimary(Parser.java:2695)
	at org.h2.command.Parser.parseQueryTerm(Parser.java:2550)
	at org.h2.command.Parser.parseQueryExpressionBody(Parser.java:2529)
	at org.h2.command.Parser.parseQueryExpressionBodyAndEndOfQuery(Parser.java:2522)
	at org.h2.command.Parser.parseQueryExpression(Parser.java:2515)
	at org.h2.command.Parser.parseQuery(Parser.java:2482)
	at org.h2.command.Parser.parsePrepared(Parser.java:613)
	at org.h2.command.Parser.parse(Parser.java:584)
	at org.h2.command.Parser.parse(Parser.java:559)
	at org.h2.command.Parser.prepareCommand(Parser.java:487)
	at org.h2.engine.SessionLocal.prepareLocal(SessionLocal.java:647)
	at org.h2.engine.SessionLocal.prepareCommand(SessionLocal.java:563)
	at org.h2.jdbc.JdbcConnection.prepareCommand(JdbcConnection.java:1160)
	at org.h2.jdbc.JdbcPreparedStatement.<init>(JdbcPreparedStatement.java:93)
	at org.h2.jdbc.JdbcConnection.prepareStatement(JdbcConnection.java:686)
	at com.zaxxer.hikari.pool.ProxyConnection.prepareStatement(ProxyConnection.java:342)
	at com.zaxxer.hikari.pool.HikariProxyConnection.prepareStatement(HikariProxyConnection.java)
	at org.hibernate.engine.jdbc.internal.StatementPreparerImpl$4.doPrepare(StatementPreparerImpl.java:158)
	at org.hibernate.engine.jdbc.internal.StatementPreparerImpl$StatementPreparationTemplate.prepareStatement(StatementPreparerImpl.java:187)
	... 88 common frames omitted
2025-12-16 21:47:12 [SpringApplicationShutdownHook] INFO  o.s.o.j.LocalContainerEntityManagerFactoryBean - Closing JPA EntityManagerFactory for persistence unit 'default'
2025-12-16 21:47:12 [SpringApplicationShutdownHook] INFO  com.zaxxer.hikari.HikariDataSource - HikariPool-1 - Shutdown initiated...
2025-12-16 21:47:12 [SpringApplicationShutdownHook] INFO  com.zaxxer.hikari.HikariDataSource - HikariPool-1 - Shutdown completed.
2025-12-16 21:47:15 [main] INFO  c.H.E.ExplorerAppApplication$Companion - Starting ExplorerAppApplication.Companion v0.0.1-SNAPSHOT using Java 17.0.17 with PID 2836 (C:\Users\Stradalec\Documents\GitHub\HLPT-Lab2-\target\ExplorerApp-0.0.1-SNAPSHOT.jar started by Stradalec in C:\Users\Stradalec\Documents\GitHub\HLPT-Lab2-)
2025-12-16 21:47:15 [main] INFO  c.H.E.ExplorerAppApplication$Companion - No active profile set, falling back to 1 default profile: "default"
2025-12-16 21:47:16 [main] INFO  o.s.d.r.c.RepositoryConfigurationDelegate - Bootstrapping Spring Data JPA repositories in DEFAULT mode.
2025-12-16 21:47:16 [main] INFO  o.s.d.r.c.RepositoryConfigurationDelegate - Finished Spring Data repository scanning in 97 ms. Found 3 JPA repository interfaces.
2025-12-16 21:47:17 [main] INFO  o.h.jpa.internal.util.LogHelper - HHH000204: Processing PersistenceUnitInfo [name: default]
2025-12-16 21:47:18 [main] INFO  org.hibernate.Version - HHH000412: Hibernate ORM core version 7.1.8.Final
2025-12-16 21:47:19 [main] INFO  o.s.o.j.p.SpringPersistenceUnitInfo - No LoadTimeWeaver setup: ignoring JPA class transformer
2025-12-16 21:47:19 [main] INFO  com.zaxxer.hikari.HikariDataSource - HikariPool-1 - Starting...
2025-12-16 21:47:19 [main] INFO  com.zaxxer.hikari.pool.HikariPool - HikariPool-1 - Added connection conn0: url=jdbc:h2:./data/coolDatabase user=SA
2025-12-16 21:47:19 [main] INFO  com.zaxxer.hikari.HikariDataSource - HikariPool-1 - Start completed.
2025-12-16 21:47:19 [main] WARN  org.hibernate.orm.deprecation - HHH90000025: H2Dialect does not need to be specified explicitly using 'hibernate.dialect' (remove the property setting and it will be selected by default)
2025-12-16 21:47:19 [main] INFO  o.hibernate.orm.connections.pooling - HHH10001005: Database info:
	Database JDBC URL [jdbc:h2:./data/coolDatabase]
	Database driver: H2 JDBC Driver
	Database dialect: H2Dialect
	Database version: 2.4.240
	Default catalog/schema: COOLDATABASE/PUBLIC
	Autocommit mode: undefined/unknown
	Isolation level: READ_COMMITTED [default READ_COMMITTED]
	JDBC fetch size: 100
	Pool: DatasourceConnectionProviderImpl
	Minimum pool size: undefined/unknown
	Maximum pool size: undefined/unknown
2025-12-16 21:47:21 [main] INFO  o.h.m.i.EntityInstantiatorPojoStandard - HHH000182: No default (no-argument) constructor for class [com.HLPTLab7.ExplorerApp.models.Resource] (class must be instantiated by Interceptor)
2025-12-16 21:47:21 [main] INFO  o.h.m.i.EntityInstantiatorPojoStandard - HHH000182: No default (no-argument) constructor for class [com.HLPTLab7.ExplorerApp.models.User] (class must be instantiated by Interceptor)
2025-12-16 21:47:21 [main] INFO  o.h.m.i.EntityInstantiatorPojoStandard - HHH000182: No default (no-argument) constructor for class [com.HLPTLab7.ExplorerApp.models.Permission] (class must be instantiated by Interceptor)
2025-12-16 21:47:21 [main] INFO  o.h.e.t.j.p.i.JtaPlatformInitiator - HHH000489: No JTA platform available (set 'hibernate.transaction.jta.platform' to enable JTA platform integration)
2025-12-16 21:47:21 [main] INFO  o.s.o.j.LocalContainerEntityManagerFactoryBean - Initialized JPA EntityManagerFactory for persistence unit 'default'
2025-12-16 21:47:22 [main] INFO  o.s.d.j.r.q.QueryEnhancerFactories - Hibernate is in classpath; If applicable, HQL parser will be used.
2025-12-16 21:47:25 [main] INFO  c.H.E.ExplorerAppApplication$Companion - Started ExplorerAppApplication.Companion in 11.293 seconds (process running for 12.561)
2025-12-16 21:47:25 [main] INFO  c.H.E.ExplorerAppApplication - A DEBUG Message
2025-12-16 21:47:25 [SpringApplicationShutdownHook] INFO  o.s.o.j.LocalContainerEntityManagerFactoryBean - Closing JPA EntityManagerFactory for persistence unit 'default'
2025-12-16 21:47:25 [SpringApplicationShutdownHook] INFO  com.zaxxer.hikari.HikariDataSource - HikariPool-1 - Shutdown initiated...
2025-12-16 21:47:25 [SpringApplicationShutdownHook] INFO  com.zaxxer.hikari.HikariDataSource - HikariPool-1 - Shutdown completed.
2025-12-16 21:47:29 [main] INFO  c.H.E.ExplorerAppApplication$Companion - Starting ExplorerAppApplication.Companion v0.0.1-SNAPSHOT using Java 17.0.17 with PID 8096 (C:\Users\Stradalec\Documents\GitHub\HLPT-Lab2-\target\ExplorerApp-0.0.1-SNAPSHOT.jar started by Stradalec in C:\Users\Stradalec\Documents\GitHub\HLPT-Lab2-)
2025-12-16 21:47:29 [main] INFO  c.H.E.ExplorerAppApplication$Companion - No active profile set, falling back to 1 default profile: "default"
2025-12-16 21:47:30 [main] INFO  o.s.d.r.c.RepositoryConfigurationDelegate - Bootstrapping Spring Data JPA repositories in DEFAULT mode.
2025-12-16 21:47:30 [main] INFO  o.s.d.r.c.RepositoryConfigurationDelegate - Finished Spring Data repository scanning in 136 ms. Found 3 JPA repository interfaces.
2025-12-16 21:47:31 [main] INFO  o.h.jpa.internal.util.LogHelper - HHH000204: Processing PersistenceUnitInfo [name: default]
2025-12-16 21:47:31 [main] INFO  org.hibernate.Version - HHH000412: Hibernate ORM core version 7.1.8.Final
2025-12-16 21:47:33 [main] INFO  o.s.o.j.p.SpringPersistenceUnitInfo - No LoadTimeWeaver setup: ignoring JPA class transformer
2025-12-16 21:47:33 [main] INFO  com.zaxxer.hikari.HikariDataSource - HikariPool-1 - Starting...
2025-12-16 21:47:34 [main] INFO  com.zaxxer.hikari.pool.HikariPool - HikariPool-1 - Added connection conn0: url=jdbc:h2:./data/coolDatabase user=SA
2025-12-16 21:47:34 [main] INFO  com.zaxxer.hikari.HikariDataSource - HikariPool-1 - Start completed.
2025-12-16 21:47:34 [main] WARN  org.hibernate.orm.deprecation - HHH90000025: H2Dialect does not need to be specified explicitly using 'hibernate.dialect' (remove the property setting and it will be selected by default)
2025-12-16 21:47:34 [main] INFO  o.hibernate.orm.connections.pooling - HHH10001005: Database info:
	Database JDBC URL [jdbc:h2:./data/coolDatabase]
	Database driver: H2 JDBC Driver
	Database dialect: H2Dialect
	Database version: 2.4.240
	Default catalog/schema: COOLDATABASE/PUBLIC
	Autocommit mode: undefined/unknown
	Isolation level: READ_COMMITTED [default READ_COMMITTED]
	JDBC fetch size: 100
	Pool: DatasourceConnectionProviderImpl
	Minimum pool size: undefined/unknown
	Maximum pool size: undefined/unknown
2025-12-16 21:47:35 [main] INFO  o.h.m.i.EntityInstantiatorPojoStandard - HHH000182: No default (no-argument) constructor for class [com.HLPTLab7.ExplorerApp.models.Resource] (class must be instantiated by Interceptor)
2025-12-16 21:47:35 [main] INFO  o.h.m.i.EntityInstantiatorPojoStandard - HHH000182: No default (no-argument) constructor for class [com.HLPTLab7.ExplorerApp.models.User] (class must be instantiated by Interceptor)
2025-12-16 21:47:35 [main] INFO  o.h.m.i.EntityInstantiatorPojoStandard - HHH000182: No default (no-argument) constructor for class [com.HLPTLab7.ExplorerApp.models.Permission] (class must be instantiated by Interceptor)
2025-12-16 21:47:36 [main] INFO  o.h.e.t.j.p.i.JtaPlatformInitiator - HHH000489: No JTA platform available (set 'hibernate.transaction.jta.platform' to enable JTA platform integration)
2025-12-16 21:47:36 [main] INFO  o.s.o.j.LocalContainerEntityManagerFactoryBean - Initialized JPA EntityManagerFactory for persistence unit 'default'
2025-12-16 21:47:36 [main] INFO  o.s.d.j.r.q.QueryEnhancerFactories - Hibernate is in classpath; If applicable, HQL parser will be used.
2025-12-16 21:47:40 [main] INFO  c.H.E.ExplorerAppApplication$Companion - Started ExplorerAppApplication.Companion in 13.652 seconds (process running for 15.052)
2025-12-16 21:47:40 [main] INFO  c.H.E.ExplorerAppApplication - A DEBUG Message
2025-12-16 21:47:41 [SpringApplicationShutdownHook] INFO  o.s.o.j.LocalContainerEntityManagerFactoryBean - Closing JPA EntityManagerFactory for persistence unit 'default'
2025-12-16 21:47:41 [SpringApplicationShutdownHook] INFO  com.zaxxer.hikari.HikariDataSource - HikariPool-1 - Shutdown initiated...
2025-12-16 21:47:41 [SpringApplicationShutdownHook] INFO  com.zaxxer.hikari.HikariDataSource - HikariPool-1 - Shutdown completed.
2025-12-16 21:47:44 [main] INFO  c.H.E.ExplorerAppApplication$Companion - Starting ExplorerAppApplication.Companion v0.0.1-SNAPSHOT using Java 17.0.17 with PID 19180 (C:\Users\Stradalec\Documents\GitHub\HLPT-Lab2-\target\ExplorerApp-0.0.1-SNAPSHOT.jar started by Stradalec in C:\Users\Stradalec\Documents\GitHub\HLPT-Lab2-)
2025-12-16 21:47:44 [main] INFO  c.H.E.ExplorerAppApplication$Companion - No active profile set, falling back to 1 default profile: "default"
2025-12-16 21:47:46 [main] INFO  o.s.d.r.c.RepositoryConfigurationDelegate - Bootstrapping Spring Data JPA repositories in DEFAULT mode.
2025-12-16 21:47:46 [main] INFO  o.s.d.r.c.RepositoryConfigurationDelegate - Finished Spring Data repository scanning in 171 ms. Found 3 JPA repository interfaces.
2025-12-16 21:47:47 [main] INFO  o.h.jpa.internal.util.LogHelper - HHH000204: Processing PersistenceUnitInfo [name: default]
2025-12-16 21:47:48 [main] INFO  org.hibernate.Version - HHH000412: Hibernate ORM core version 7.1.8.Final
2025-12-16 21:47:49 [main] INFO  o.s.o.j.p.SpringPersistenceUnitInfo - No LoadTimeWeaver setup: ignoring JPA class transformer
2025-12-16 21:47:49 [main] INFO  com.zaxxer.hikari.HikariDataSource - HikariPool-1 - Starting...
2025-12-16 21:47:50 [main] INFO  com.zaxxer.hikari.pool.HikariPool - HikariPool-1 - Added connection conn0: url=jdbc:h2:./data/coolDatabase user=SA
2025-12-16 21:47:50 [main] INFO  com.zaxxer.hikari.HikariDataSource - HikariPool-1 - Start completed.
2025-12-16 21:47:50 [main] WARN  org.hibernate.orm.deprecation - HHH90000025: H2Dialect does not need to be specified explicitly using 'hibernate.dialect' (remove the property setting and it will be selected by default)
2025-12-16 21:47:50 [main] INFO  o.hibernate.orm.connections.pooling - HHH10001005: Database info:
	Database JDBC URL [jdbc:h2:./data/coolDatabase]
	Database driver: H2 JDBC Driver
	Database dialect: H2Dialect
	Database version: 2.4.240
	Default catalog/schema: COOLDATABASE/PUBLIC
	Autocommit mode: undefined/unknown
	Isolation level: READ_COMMITTED [default READ_COMMITTED]
	JDBC fetch size: 100
	Pool: DatasourceConnectionProviderImpl
	Minimum pool size: undefined/unknown
	Maximum pool size: undefined/unknown
2025-12-16 21:47:52 [main] INFO  o.h.m.i.EntityInstantiatorPojoStandard - HHH000182: No default (no-argument) constructor for class [com.HLPTLab7.ExplorerApp.models.Resource] (class must be instantiated by Interceptor)
2025-12-16 21:47:52 [main] INFO  o.h.m.i.EntityInstantiatorPojoStandard - HHH000182: No default (no-argument) constructor for class [com.HLPTLab7.ExplorerApp.models.User] (class must be instantiated by Interceptor)
2025-12-16 21:47:52 [main] INFO  o.h.m.i.EntityInstantiatorPojoStandard - HHH000182: No default (no-argument) constructor for class [com.HLPTLab7.ExplorerApp.models.Permission] (class must be instantiated by Interceptor)
2025-12-16 21:47:53 [main] INFO  o.h.e.t.j.p.i.JtaPlatformInitiator - HHH000489: No JTA platform available (set 'hibernate.transaction.jta.platform' to enable JTA platform integration)
2025-12-16 21:47:53 [main] INFO  o.s.o.j.LocalContainerEntityManagerFactoryBean - Initialized JPA EntityManagerFactory for persistence unit 'default'
2025-12-16 21:47:54 [main] INFO  o.s.d.j.r.q.QueryEnhancerFactories - Hibernate is in classpath; If applicable, HQL parser will be used.
2025-12-16 21:47:58 [main] INFO  c.H.E.ExplorerAppApplication$Companion - Started ExplorerAppApplication.Companion in 15.27 seconds (process running for 16.85)
2025-12-16 21:47:58 [main] INFO  c.H.E.ExplorerAppApplication - A DEBUG Message
2025-12-16 21:47:58 [main] WARN  org.hibernate.orm.jdbc.error - HHH000247: ErrorCode: 42104, SQLState: 42S04
2025-12-16 21:47:58 [main] WARN  org.hibernate.orm.jdbc.error - Table "USERS" not found (this database is empty); SQL statement:
select u1_0.id,u1_0.hash,u1_0.login,u1_0.salt from users u1_0 where u1_0.login=? [42104-240]
2025-12-16 21:47:58 [main] ERROR c.H.E.ExplorerAppApplication - Неизвестная ошибка
org.springframework.dao.InvalidDataAccessResourceUsageException: Could not prepare statement [Table "USERS" not found (this database is empty); SQL statement:
select u1_0.id,u1_0.hash,u1_0.login,u1_0.salt from users u1_0 where u1_0.login=? [42104-240]] [select u1_0.id,u1_0.hash,u1_0.login,u1_0.salt from users u1_0 where u1_0.login=?]; SQL [select u1_0.id,u1_0.hash,u1_0.login,u1_0.salt from users u1_0 where u1_0.login=?]
	at org.springframework.orm.jpa.hibernate.HibernateExceptionTranslator.convertHibernateAccessException(HibernateExceptionTranslator.java:156)
	at org.springframework.orm.jpa.hibernate.HibernateExceptionTranslator.convertHibernateAccessException(HibernateExceptionTranslator.java:131)
	at org.springframework.orm.jpa.hibernate.HibernateExceptionTranslator.translateExceptionIfPossible(HibernateExceptionTranslator.java:105)
	at org.springframework.orm.jpa.vendor.HibernateJpaDialect.translateExceptionIfPossible(HibernateJpaDialect.java:199)
	at org.springframework.orm.jpa.AbstractEntityManagerFactoryBean.translateExceptionIfPossible(AbstractEntityManagerFactoryBean.java:556)
	at org.springframework.dao.support.ChainedPersistenceExceptionTranslator.translateExceptionIfPossible(ChainedPersistenceExceptionTranslator.java:61)
	at org.springframework.dao.support.DataAccessUtils.translateIfNecessary(DataAccessUtils.java:346)
	at org.springframework.dao.support.PersistenceExceptionTranslationInterceptor.invoke(PersistenceExceptionTranslationInterceptor.java:157)
	at org.springframework.aop.framework.ReflectiveMethodInvocation.proceed(ReflectiveMethodInvocation.java:179)
	at org.springframework.data.jpa.repository.support.CrudMethodMetadataPostProcessor$CrudMethodMetadataPopulatingMethodInterceptor.invoke(CrudMethodMetadataPostProcessor.java:137)
	at org.springframework.aop.framework.ReflectiveMethodInvocation.proceed(ReflectiveMethodInvocation.java:179)
	at org.springframework.data.util.NullnessMethodInvocationValidator.invoke(NullnessMethodInvocationValidator.java:99)
	at org.springframework.aop.framework.ReflectiveMethodInvocation.proceed(ReflectiveMethodInvocation.java:179)
	at org.springframework.aop.framework.JdkDynamicAopProxy.invoke(JdkDynamicAopProxy.java:222)
	at jdk.proxy2/jdk.proxy2.$Proxy113.findByLogin(Unknown Source)
	at com.HLPTLab7.ExplorerApp.repositories.UserJpaRepositoryAdapter.findByLogin(UserJpaRepositoryAdapter.kt:13)
	at java.base/jdk.internal.reflect.NativeMethodAccessorImpl.invoke0(Native Method)
	at java.base/jdk.internal.reflect.NativeMethodAccessorImpl.invoke(NativeMethodAccessorImpl.java:77)
	at java.base/jdk.internal.reflect.DelegatingMethodAccessorImpl.invoke(DelegatingMethodAccessorImpl.java:43)
	at java.base/java.lang.reflect.Method.invoke(Method.java:569)
	at org.springframework.aop.support.AopUtils.invokeJoinpointUsingReflection(AopUtils.java:359)
	at org.springframework.aop.framework.ReflectiveMethodInvocation.invokeJoinpoint(ReflectiveMethodInvocation.java:190)
	at org.springframework.aop.framework.ReflectiveMethodInvocation.proceed(ReflectiveMethodInvocation.java:158)
	at org.springframework.dao.support.PersistenceExceptionTranslationInterceptor.invoke(PersistenceExceptionTranslationInterceptor.java:135)
	at org.springframework.aop.framework.ReflectiveMethodInvocation.proceed(ReflectiveMethodInvocation.java:179)
	at org.springframework.aop.framework.CglibAopProxy$DynamicAdvisedInterceptor.intercept(CglibAopProxy.java:719)
	at com.HLPTLab7.ExplorerApp.repositories.UserJpaRepositoryAdapter$$SpringCGLIB$$0.findByLogin(<generated>)
	at com.HLPTLab7.ExplorerApp.handlers.ResourceActionUseCase.execute(ResourceActionUseCase.kt:15)
	at com.HLPTLab7.ExplorerApp.handlers.CommandHandler.execute(CommandHandler.kt:19)
	at com.HLPTLab7.ExplorerApp.ExplorerAppApplication.run(ExplorerAppApplication.kt:29)
	at org.springframework.boot.SpringApplication.lambda$callRunner$1(SpringApplication.java:801)
	at org.springframework.util.function.ThrowingConsumer$1.acceptWithException(ThrowingConsumer.java:82)
	at org.springframework.util.function.ThrowingConsumer.accept(ThrowingConsumer.java:60)
	at org.springframework.util.function.ThrowingConsumer$1.accept(ThrowingConsumer.java:86)
	at org.springframework.boot.SpringApplication.callRunner(SpringApplication.java:809)
	at org.springframework.boot.SpringApplication.callRunner(SpringApplication.java:800)
	at org.springframework.boot.SpringApplication.lambda$callRunners$0(SpringApplication.java:785)
	at java.base/java.util.stream.ForEachOps$ForEachOp$OfRef.accept(ForEachOps.java:183)
	at java.base/java.util.stream.SortedOps$SizedRefSortingSink.end(SortedOps.java:357)
	at java.base/java.util.stream.AbstractPipeline.copyInto(AbstractPipeline.java:510)
	at java.base/java.util.stream.AbstractPipeline.wrapAndCopyInto(AbstractPipeline.java:499)
	at java.base/java.util.stream.ForEachOps$ForEachOp.evaluateSequential(ForEachOps.java:150)
	at java.base/java.util.stream.ForEachOps$ForEachOp$OfRef.evaluateSequential(ForEachOps.java:173)
	at java.base/java.util.stream.AbstractPipeline.evaluate(AbstractPipeline.java:234)
	at java.base/java.util.stream.ReferencePipeline.forEach(ReferencePipeline.java:596)
	at org.springframework.boot.SpringApplication.callRunners(SpringApplication.java:785)
	at org.springframework.boot.SpringApplication.run(SpringApplication.java:328)
	at org.springframework.boot.SpringApplication.run(SpringApplication.java:1374)
	at org.springframework.boot.SpringApplication.run(SpringApplication.java:1363)
	at com.HLPTLab7.ExplorerApp.ExplorerAppApplication$Companion.main(ExplorerAppApplication.kt:46)
	at com.HLPTLab7.ExplorerApp.ExplorerAppApplication.main(ExplorerAppApplication.kt)
	at java.base/jdk.internal.reflect.NativeMethodAccessorImpl.invoke0(Native Method)
	at java.base/jdk.internal.reflect.NativeMethodAccessorImpl.invoke(NativeMethodAccessorImpl.java:77)
	at java.base/jdk.internal.reflect.DelegatingMethodAccessorImpl.invoke(DelegatingMethodAccessorImpl.java:43)
	at java.base/java.lang.reflect.Method.invoke(Method.java:569)
	at org.springframework.boot.loader.launch.Launcher.launch(Launcher.java:106)
	at org.springframework.boot.loader.launch.Launcher.launch(Launcher.java:64)
	at org.springframework.boot.loader.launch.JarLauncher.main(JarLauncher.java:40)
Caused by: org.hibernate.exception.SQLGrammarException: Could not prepare statement [Table "USERS" not found (this database is empty); SQL statement:
select u1_0.id,u1_0.hash,u1_0.login,u1_0.salt from users u1_0 where u1_0.login=? [42104-240]] [select u1_0.id,u1_0.hash,u1_0.login,u1_0.salt from users u1_0 where u1_0.login=?]
	at org.hibernate.exception.internal.SQLExceptionTypeDelegate.convert(SQLExceptionTypeDelegate.java:64)
	at org.hibernate.exception.internal.StandardSQLExceptionConverter.convert(StandardSQLExceptionConverter.java:34)
	at org.hibernate.engine.jdbc.spi.SqlExceptionHelper.convert(SqlExceptionHelper.java:115)
	at org.hibernate.engine.jdbc.internal.StatementPreparerImpl$StatementPreparationTemplate.prepareStatement(StatementPreparerImpl.java:198)
	at org.hibernate.engine.jdbc.internal.StatementPreparerImpl.prepareQueryStatement(StatementPreparerImpl.java:160)
	at org.hibernate.sql.exec.internal.StandardStatementCreator.createStatement(StandardStatementCreator.java:47)
	at org.hibernate.sql.results.jdbc.internal.DeferredResultSetAccess.executeQuery(DeferredResultSetAccess.java:271)
	at org.hibernate.sql.results.jdbc.internal.DeferredResultSetAccess.getResultSet(DeferredResultSetAccess.java:200)
	at org.hibernate.sql.results.jdbc.internal.JdbcValuesResultSetImpl.<init>(JdbcValuesResultSetImpl.java:72)
	at org.hibernate.sql.exec.internal.JdbcSelectExecutorStandardImpl.resolveJdbcValues(JdbcSelectExecutorStandardImpl.java:372)
	at org.hibernate.sql.exec.internal.JdbcSelectExecutorStandardImpl.resolveJdbcValuesSource(JdbcSelectExecutorStandardImpl.java:332)
	at org.hibernate.sql.exec.internal.JdbcSelectExecutorStandardImpl.doExecuteQuery(JdbcSelectExecutorStandardImpl.java:135)
	at org.hibernate.sql.exec.internal.JdbcSelectExecutorStandardImpl.executeQuery(JdbcSelectExecutorStandardImpl.java:100)
	at org.hibernate.sql.exec.spi.JdbcSelectExecutor.executeQuery(JdbcSelectExecutor.java:64)
	at org.hibernate.sql.exec.spi.JdbcSelectExecutor.list(JdbcSelectExecutor.java:138)
	at org.hibernate.query.sqm.internal.ConcreteSqmSelectQueryPlan.lambda$new$1(ConcreteSqmSelectQueryPlan.java:146)
	at org.hibernate.query.sqm.internal.ConcreteSqmSelectQueryPlan.withCacheableSqmInterpretation(ConcreteSqmSelectQueryPlan.java:455)
	at org.hibernate.query.sqm.internal.ConcreteSqmSelectQueryPlan.performList(ConcreteSqmSelectQueryPlan.java:388)
	at org.hibernate.query.sqm.internal.SqmQueryImpl.doList(SqmQueryImpl.java:386)
	at org.hibernate.query.spi.AbstractSelectionQuery.list(AbstractSelectionQuery.java:154)
	at org.hibernate.query.spi.AbstractSelectionQuery.getSingleResultOrNull(AbstractSelectionQuery.java:320)
	at java.base/jdk.internal.reflect.NativeMethodAccessorImpl.invoke0(Native Method)
	at java.base/jdk.internal.reflect.NativeMethodAccessorImpl.invoke(NativeMethodAccessorImpl.java:77)
	at java.base/jdk.internal.reflect.DelegatingMethodAccessorImpl.invoke(DelegatingMethodAccessorImpl.java:43)
	at java.base/java.lang.reflect.Method.invoke(Method.java:569)
	at org.springframework.orm.jpa.SharedEntityManagerCreator$DeferredQueryInvocationHandler.invoke(SharedEntityManagerCreator.java:414)
	at jdk.proxy2/jdk.proxy2.$Proxy116.getSingleResultOrNull(Unknown Source)
	at org.springframework.data.jpa.repository.query.JpaQueryExecution$SingleEntityExecution.doExecute(JpaQueryExecution.java:328)
	at org.springframework.data.jpa.repository.query.JpaQueryExecution.execute(JpaQueryExecution.java:99)
	at org.springframework.data.jpa.repository.query.AbstractJpaQuery.doExecute(AbstractJpaQuery.java:164)
	at org.springframework.data.jpa.repository.query.AbstractJpaQuery.execute(AbstractJpaQuery.java:154)
	at org.springframework.data.repository.core.support.RepositoryMethodInvoker.doInvoke(RepositoryMethodInvoker.java:169)
	at org.springframework.data.repository.core.support.RepositoryMethodInvoker.invoke(RepositoryMethodInvoker.java:158)
	at org.springframework.data.repository.core.support.QueryExecutorMethodInterceptor.doInvoke(QueryExecutorMethodInterceptor.java:167)
	at org.springframework.data.repository.core.support.QueryExecutorMethodInterceptor.invoke(QueryExecutorMethodInterceptor.java:146)
	at org.springframework.aop.framework.ReflectiveMethodInvocation.proceed(ReflectiveMethodInvocation.java:179)
	at org.springframework.data.projection.DefaultMethodInvokingMethodInterceptor.invoke(DefaultMethodInvokingMethodInterceptor.java:69)
	at org.springframework.aop.framework.ReflectiveMethodInvocation.proceed(ReflectiveMethodInvocation.java:179)
	at org.springframework.transaction.interceptor.TransactionAspectSupport.invokeWithinTransaction(TransactionAspectSupport.java:370)
	at org.springframework.transaction.interceptor.TransactionInterceptor.invoke(TransactionInterceptor.java:118)
	at org.springframework.aop.framework.ReflectiveMethodInvocation.proceed(ReflectiveMethodInvocation.java:179)
	at org.springframework.dao.support.PersistenceExceptionTranslationInterceptor.invoke(PersistenceExceptionTranslationInterceptor.java:135)
	... 50 common frames omitted
Caused by: org.h2.jdbc.JdbcSQLSyntaxErrorException: Table "USERS" not found (this database is empty); SQL statement:
select u1_0.id,u1_0.hash,u1_0.login,u1_0.salt from users u1_0 where u1_0.login=? [42104-240]
	at org.h2.message.DbException.getJdbcSQLException(DbException.java:514)
	at org.h2.message.DbException.getJdbcSQLException(DbException.java:489)
	at org.h2.message.DbException.get(DbException.java:223)
	at org.h2.message.DbException.get(DbException.java:199)
	at org.h2.command.Parser.getTableOrViewNotFoundDbException(Parser.java:8036)
	at org.h2.command.Parser.getTableOrViewNotFoundDbException(Parser.java:8020)
	at org.h2.command.Parser.readTableOrView(Parser.java:7999)
	at org.h2.command.Parser.readTablePrimary(Parser.java:1772)
	at org.h2.command.Parser.readTableReference(Parser.java:2252)
	at org.h2.command.Parser.parseSelectFromPart(Parser.java:2705)
	at org.h2.command.Parser.parseSelect(Parser.java:2813)
	at org.h2.command.Parser.parseQueryPrimary(Parser.java:2695)
	at org.h2.command.Parser.parseQueryTerm(Parser.java:2550)
	at org.h2.command.Parser.parseQueryExpressionBody(Parser.java:2529)
	at org.h2.command.Parser.parseQueryExpressionBodyAndEndOfQuery(Parser.java:2522)
	at org.h2.command.Parser.parseQueryExpression(Parser.java:2515)
	at org.h2.command.Parser.parseQuery(Parser.java:2482)
	at org.h2.command.Parser.parsePrepared(Parser.java:613)
	at org.h2.command.Parser.parse(Parser.java:584)
	at org.h2.command.Parser.parse(Parser.java:559)
	at org.h2.command.Parser.prepareCommand(Parser.java:487)
	at org.h2.engine.SessionLocal.prepareLocal(SessionLocal.java:647)
	at org.h2.engine.SessionLocal.prepareCommand(SessionLocal.java:563)
	at org.h2.jdbc.JdbcConnection.prepareCommand(JdbcConnection.java:1160)
	at org.h2.jdbc.JdbcPreparedStatement.<init>(JdbcPreparedStatement.java:93)
	at org.h2.jdbc.JdbcConnection.prepareStatement(JdbcConnection.java:686)
	at com.zaxxer.hikari.pool.ProxyConnection.prepareStatement(ProxyConnection.java:342)
	at com.zaxxer.hikari.pool.HikariProxyConnection.prepareStatement(HikariProxyConnection.java)
	at org.hibernate.engine.jdbc.internal.StatementPreparerImpl$4.doPrepare(StatementPreparerImpl.java:158)
	at org.hibernate.engine.jdbc.internal.StatementPreparerImpl$StatementPreparationTemplate.prepareStatement(StatementPreparerImpl.java:187)
	... 88 common frames omitted
2025-12-16 21:47:58 [SpringApplicationShutdownHook] INFO  o.s.o.j.LocalContainerEntityManagerFactoryBean - Closing JPA EntityManagerFactory for persistence unit 'default'
2025-12-16 21:47:58 [SpringApplicationShutdownHook] INFO  com.zaxxer.hikari.HikariDataSource - HikariPool-1 - Shutdown initiated...
2025-12-16 21:47:59 [SpringApplicationShutdownHook] INFO  com.zaxxer.hikari.HikariDataSource - HikariPool-1 - Shutdown completed.
2025-12-16 21:48:02 [main] INFO  c.H.E.ExplorerAppApplication$Companion - Starting ExplorerAppApplication.Companion v0.0.1-SNAPSHOT using Java 17.0.17 with PID 444 (C:\Users\Stradalec\Documents\GitHub\HLPT-Lab2-\target\ExplorerApp-0.0.1-SNAPSHOT.jar started by Stradalec in C:\Users\Stradalec\Documents\GitHub\HLPT-Lab2-)
2025-12-16 21:48:02 [main] INFO  c.H.E.ExplorerAppApplication$Companion - No active profile set, falling back to 1 default profile: "default"
2025-12-16 21:48:04 [main] INFO  o.s.d.r.c.RepositoryConfigurationDelegate - Bootstrapping Spring Data JPA repositories in DEFAULT mode.
2025-12-16 21:48:04 [main] INFO  o.s.d.r.c.RepositoryConfigurationDelegate - Finished Spring Data repository scanning in 137 ms. Found 3 JPA repository interfaces.
2025-12-16 21:48:05 [main] INFO  o.h.jpa.internal.util.LogHelper - HHH000204: Processing PersistenceUnitInfo [name: default]
2025-12-16 21:48:05 [main] INFO  org.hibernate.Version - HHH000412: Hibernate ORM core version 7.1.8.Final
2025-12-16 21:48:07 [main] INFO  o.s.o.j.p.SpringPersistenceUnitInfo - No LoadTimeWeaver setup: ignoring JPA class transformer
2025-12-16 21:48:07 [main] INFO  com.zaxxer.hikari.HikariDataSource - HikariPool-1 - Starting...
2025-12-16 21:48:07 [main] INFO  com.zaxxer.hikari.pool.HikariPool - HikariPool-1 - Added connection conn0: url=jdbc:h2:./data/coolDatabase user=SA
2025-12-16 21:48:07 [main] INFO  com.zaxxer.hikari.HikariDataSource - HikariPool-1 - Start completed.
2025-12-16 21:48:07 [main] WARN  org.hibernate.orm.deprecation - HHH90000025: H2Dialect does not need to be specified explicitly using 'hibernate.dialect' (remove the property setting and it will be selected by default)
2025-12-16 21:48:07 [main] INFO  o.hibernate.orm.connections.pooling - HHH10001005: Database info:
	Database JDBC URL [jdbc:h2:./data/coolDatabase]
	Database driver: H2 JDBC Driver
	Database dialect: H2Dialect
	Database version: 2.4.240
	Default catalog/schema: COOLDATABASE/PUBLIC
	Autocommit mode: undefined/unknown
	Isolation level: READ_COMMITTED [default READ_COMMITTED]
	JDBC fetch size: 100
	Pool: DatasourceConnectionProviderImpl
	Minimum pool size: undefined/unknown
	Maximum pool size: undefined/unknown
2025-12-16 21:48:09 [main] INFO  o.h.m.i.EntityInstantiatorPojoStandard - HHH000182: No default (no-argument) constructor for class [com.HLPTLab7.ExplorerApp.models.Resource] (class must be instantiated by Interceptor)
2025-12-16 21:48:09 [main] INFO  o.h.m.i.EntityInstantiatorPojoStandard - HHH000182: No default (no-argument) constructor for class [com.HLPTLab7.ExplorerApp.models.User] (class must be instantiated by Interceptor)
2025-12-16 21:48:09 [main] INFO  o.h.m.i.EntityInstantiatorPojoStandard - HHH000182: No default (no-argument) constructor for class [com.HLPTLab7.ExplorerApp.models.Permission] (class must be instantiated by Interceptor)
2025-12-16 21:48:10 [main] INFO  o.h.e.t.j.p.i.JtaPlatformInitiator - HHH000489: No JTA platform available (set 'hibernate.transaction.jta.platform' to enable JTA platform integration)
2025-12-16 21:48:10 [main] INFO  o.s.o.j.LocalContainerEntityManagerFactoryBean - Initialized JPA EntityManagerFactory for persistence unit 'default'
2025-12-16 21:48:10 [main] INFO  o.s.d.j.r.q.QueryEnhancerFactories - Hibernate is in classpath; If applicable, HQL parser will be used.
2025-12-16 21:48:15 [main] INFO  c.H.E.ExplorerAppApplication$Companion - Started ExplorerAppApplication.Companion in 14.241 seconds (process running for 15.787)
2025-12-16 21:48:15 [main] INFO  c.H.E.ExplorerAppApplication - A DEBUG Message
2025-12-16 21:48:15 [main] WARN  org.hibernate.orm.jdbc.error - HHH000247: ErrorCode: 42104, SQLState: 42S04
2025-12-16 21:48:15 [main] WARN  org.hibernate.orm.jdbc.error - Table "USERS" not found (this database is empty); SQL statement:
select u1_0.id,u1_0.hash,u1_0.login,u1_0.salt from users u1_0 where u1_0.login=? [42104-240]
2025-12-16 21:48:15 [main] ERROR c.H.E.ExplorerAppApplication - Неизвестная ошибка
org.springframework.dao.InvalidDataAccessResourceUsageException: Could not prepare statement [Table "USERS" not found (this database is empty); SQL statement:
select u1_0.id,u1_0.hash,u1_0.login,u1_0.salt from users u1_0 where u1_0.login=? [42104-240]] [select u1_0.id,u1_0.hash,u1_0.login,u1_0.salt from users u1_0 where u1_0.login=?]; SQL [select u1_0.id,u1_0.hash,u1_0.login,u1_0.salt from users u1_0 where u1_0.login=?]
	at org.springframework.orm.jpa.hibernate.HibernateExceptionTranslator.convertHibernateAccessException(HibernateExceptionTranslator.java:156)
	at org.springframework.orm.jpa.hibernate.HibernateExceptionTranslator.convertHibernateAccessException(HibernateExceptionTranslator.java:131)
	at org.springframework.orm.jpa.hibernate.HibernateExceptionTranslator.translateExceptionIfPossible(HibernateExceptionTranslator.java:105)
	at org.springframework.orm.jpa.vendor.HibernateJpaDialect.translateExceptionIfPossible(HibernateJpaDialect.java:199)
	at org.springframework.orm.jpa.AbstractEntityManagerFactoryBean.translateExceptionIfPossible(AbstractEntityManagerFactoryBean.java:556)
	at org.springframework.dao.support.ChainedPersistenceExceptionTranslator.translateExceptionIfPossible(ChainedPersistenceExceptionTranslator.java:61)
	at org.springframework.dao.support.DataAccessUtils.translateIfNecessary(DataAccessUtils.java:346)
	at org.springframework.dao.support.PersistenceExceptionTranslationInterceptor.invoke(PersistenceExceptionTranslationInterceptor.java:157)
	at org.springframework.aop.framework.ReflectiveMethodInvocation.proceed(ReflectiveMethodInvocation.java:179)
	at org.springframework.data.jpa.repository.support.CrudMethodMetadataPostProcessor$CrudMethodMetadataPopulatingMethodInterceptor.invoke(CrudMethodMetadataPostProcessor.java:137)
	at org.springframework.aop.framework.ReflectiveMethodInvocation.proceed(ReflectiveMethodInvocation.java:179)
	at org.springframework.data.util.NullnessMethodInvocationValidator.invoke(NullnessMethodInvocationValidator.java:99)
	at org.springframework.aop.framework.ReflectiveMethodInvocation.proceed(ReflectiveMethodInvocation.java:179)
	at org.springframework.aop.framework.JdkDynamicAopProxy.invoke(JdkDynamicAopProxy.java:222)
	at jdk.proxy2/jdk.proxy2.$Proxy113.findByLogin(Unknown Source)
	at com.HLPTLab7.ExplorerApp.repositories.UserJpaRepositoryAdapter.findByLogin(UserJpaRepositoryAdapter.kt:13)
	at java.base/jdk.internal.reflect.NativeMethodAccessorImpl.invoke0(Native Method)
	at java.base/jdk.internal.reflect.NativeMethodAccessorImpl.invoke(NativeMethodAccessorImpl.java:77)
	at java.base/jdk.internal.reflect.DelegatingMethodAccessorImpl.invoke(DelegatingMethodAccessorImpl.java:43)
	at java.base/java.lang.reflect.Method.invoke(Method.java:569)
	at org.springframework.aop.support.AopUtils.invokeJoinpointUsingReflection(AopUtils.java:359)
	at org.springframework.aop.framework.ReflectiveMethodInvocation.invokeJoinpoint(ReflectiveMethodInvocation.java:190)
	at org.springframework.aop.framework.ReflectiveMethodInvocation.proceed(ReflectiveMethodInvocation.java:158)
	at org.springframework.dao.support.PersistenceExceptionTranslationInterceptor.invoke(PersistenceExceptionTranslationInterceptor.java:135)
	at org.springframework.aop.framework.ReflectiveMethodInvocation.proceed(ReflectiveMethodInvocation.java:179)
	at org.springframework.aop.framework.CglibAopProxy$DynamicAdvisedInterceptor.intercept(CglibAopProxy.java:719)
	at com.HLPTLab7.ExplorerApp.repositories.UserJpaRepositoryAdapter$$SpringCGLIB$$0.findByLogin(<generated>)
	at com.HLPTLab7.ExplorerApp.handlers.ResourceActionUseCase.execute(ResourceActionUseCase.kt:15)
	at com.HLPTLab7.ExplorerApp.handlers.CommandHandler.execute(CommandHandler.kt:19)
	at com.HLPTLab7.ExplorerApp.ExplorerAppApplication.run(ExplorerAppApplication.kt:29)
	at org.springframework.boot.SpringApplication.lambda$callRunner$1(SpringApplication.java:801)
	at org.springframework.util.function.ThrowingConsumer$1.acceptWithException(ThrowingConsumer.java:82)
	at org.springframework.util.function.ThrowingConsumer.accept(ThrowingConsumer.java:60)
	at org.springframework.util.function.ThrowingConsumer$1.accept(ThrowingConsumer.java:86)
	at org.springframework.boot.SpringApplication.callRunner(SpringApplication.java:809)
	at org.springframework.boot.SpringApplication.callRunner(SpringApplication.java:800)
	at org.springframework.boot.SpringApplication.lambda$callRunners$0(SpringApplication.java:785)
	at java.base/java.util.stream.ForEachOps$ForEachOp$OfRef.accept(ForEachOps.java:183)
	at java.base/java.util.stream.SortedOps$SizedRefSortingSink.end(SortedOps.java:357)
	at java.base/java.util.stream.AbstractPipeline.copyInto(AbstractPipeline.java:510)
	at java.base/java.util.stream.AbstractPipeline.wrapAndCopyInto(AbstractPipeline.java:499)
	at java.base/java.util.stream.ForEachOps$ForEachOp.evaluateSequential(ForEachOps.java:150)
	at java.base/java.util.stream.ForEachOps$ForEachOp$OfRef.evaluateSequential(ForEachOps.java:173)
	at java.base/java.util.stream.AbstractPipeline.evaluate(AbstractPipeline.java:234)
	at java.base/java.util.stream.ReferencePipeline.forEach(ReferencePipeline.java:596)
	at org.springframework.boot.SpringApplication.callRunners(SpringApplication.java:785)
	at org.springframework.boot.SpringApplication.run(SpringApplication.java:328)
	at org.springframework.boot.SpringApplication.run(SpringApplication.java:1374)
	at org.springframework.boot.SpringApplication.run(SpringApplication.java:1363)
	at com.HLPTLab7.ExplorerApp.ExplorerAppApplication$Companion.main(ExplorerAppApplication.kt:46)
	at com.HLPTLab7.ExplorerApp.ExplorerAppApplication.main(ExplorerAppApplication.kt)
	at java.base/jdk.internal.reflect.NativeMethodAccessorImpl.invoke0(Native Method)
	at java.base/jdk.internal.reflect.NativeMethodAccessorImpl.invoke(NativeMethodAccessorImpl.java:77)
	at java.base/jdk.internal.reflect.DelegatingMethodAccessorImpl.invoke(DelegatingMethodAccessorImpl.java:43)
	at java.base/java.lang.reflect.Method.invoke(Method.java:569)
	at org.springframework.boot.loader.launch.Launcher.launch(Launcher.java:106)
	at org.springframework.boot.loader.launch.Launcher.launch(Launcher.java:64)
	at org.springframework.boot.loader.launch.JarLauncher.main(JarLauncher.java:40)
Caused by: org.hibernate.exception.SQLGrammarException: Could not prepare statement [Table "USERS" not found (this database is empty); SQL statement:
select u1_0.id,u1_0.hash,u1_0.login,u1_0.salt from users u1_0 where u1_0.login=? [42104-240]] [select u1_0.id,u1_0.hash,u1_0.login,u1_0.salt from users u1_0 where u1_0.login=?]
	at org.hibernate.exception.internal.SQLExceptionTypeDelegate.convert(SQLExceptionTypeDelegate.java:64)
	at org.hibernate.exception.internal.StandardSQLExceptionConverter.convert(StandardSQLExceptionConverter.java:34)
	at org.hibernate.engine.jdbc.spi.SqlExceptionHelper.convert(SqlExceptionHelper.java:115)
	at org.hibernate.engine.jdbc.internal.StatementPreparerImpl$StatementPreparationTemplate.prepareStatement(StatementPreparerImpl.java:198)
	at org.hibernate.engine.jdbc.internal.StatementPreparerImpl.prepareQueryStatement(StatementPreparerImpl.java:160)
	at org.hibernate.sql.exec.internal.StandardStatementCreator.createStatement(StandardStatementCreator.java:47)
	at org.hibernate.sql.results.jdbc.internal.DeferredResultSetAccess.executeQuery(DeferredResultSetAccess.java:271)
	at org.hibernate.sql.results.jdbc.internal.DeferredResultSetAccess.getResultSet(DeferredResultSetAccess.java:200)
	at org.hibernate.sql.results.jdbc.internal.JdbcValuesResultSetImpl.<init>(JdbcValuesResultSetImpl.java:72)
	at org.hibernate.sql.exec.internal.JdbcSelectExecutorStandardImpl.resolveJdbcValues(JdbcSelectExecutorStandardImpl.java:372)
	at org.hibernate.sql.exec.internal.JdbcSelectExecutorStandardImpl.resolveJdbcValuesSource(JdbcSelectExecutorStandardImpl.java:332)
	at org.hibernate.sql.exec.internal.JdbcSelectExecutorStandardImpl.doExecuteQuery(JdbcSelectExecutorStandardImpl.java:135)
	at org.hibernate.sql.exec.internal.JdbcSelectExecutorStandardImpl.executeQuery(JdbcSelectExecutorStandardImpl.java:100)
	at org.hibernate.sql.exec.spi.JdbcSelectExecutor.executeQuery(JdbcSelectExecutor.java:64)
	at org.hibernate.sql.exec.spi.JdbcSelectExecutor.list(JdbcSelectExecutor.java:138)
	at org.hibernate.query.sqm.internal.ConcreteSqmSelectQueryPlan.lambda$new$1(ConcreteSqmSelectQueryPlan.java:146)
	at org.hibernate.query.sqm.internal.ConcreteSqmSelectQueryPlan.withCacheableSqmInterpretation(ConcreteSqmSelectQueryPlan.java:455)
	at org.hibernate.query.sqm.internal.ConcreteSqmSelectQueryPlan.performList(ConcreteSqmSelectQueryPlan.java:388)
	at org.hibernate.query.sqm.internal.SqmQueryImpl.doList(SqmQueryImpl.java:386)
	at org.hibernate.query.spi.AbstractSelectionQuery.list(AbstractSelectionQuery.java:154)
	at org.hibernate.query.spi.AbstractSelectionQuery.getSingleResultOrNull(AbstractSelectionQuery.java:320)
	at java.base/jdk.internal.reflect.NativeMethodAccessorImpl.invoke0(Native Method)
	at java.base/jdk.internal.reflect.NativeMethodAccessorImpl.invoke(NativeMethodAccessorImpl.java:77)
	at java.base/jdk.internal.reflect.DelegatingMethodAccessorImpl.invoke(DelegatingMethodAccessorImpl.java:43)
	at java.base/java.lang.reflect.Method.invoke(Method.java:569)
	at org.springframework.orm.jpa.SharedEntityManagerCreator$DeferredQueryInvocationHandler.invoke(SharedEntityManagerCreator.java:414)
	at jdk.proxy2/jdk.proxy2.$Proxy116.getSingleResultOrNull(Unknown Source)
	at org.springframework.data.jpa.repository.query.JpaQueryExecution$SingleEntityExecution.doExecute(JpaQueryExecution.java:328)
	at org.springframework.data.jpa.repository.query.JpaQueryExecution.execute(JpaQueryExecution.java:99)
	at org.springframework.data.jpa.repository.query.AbstractJpaQuery.doExecute(AbstractJpaQuery.java:164)
	at org.springframework.data.jpa.repository.query.AbstractJpaQuery.execute(AbstractJpaQuery.java:154)
	at org.springframework.data.repository.core.support.RepositoryMethodInvoker.doInvoke(RepositoryMethodInvoker.java:169)
	at org.springframework.data.repository.core.support.RepositoryMethodInvoker.invoke(RepositoryMethodInvoker.java:158)
	at org.springframework.data.repository.core.support.QueryExecutorMethodInterceptor.doInvoke(QueryExecutorMethodInterceptor.java:167)
	at org.springframework.data.repository.core.support.QueryExecutorMethodInterceptor.invoke(QueryExecutorMethodInterceptor.java:146)
	at org.springframework.aop.framework.ReflectiveMethodInvocation.proceed(ReflectiveMethodInvocation.java:179)
	at org.springframework.data.projection.DefaultMethodInvokingMethodInterceptor.invoke(DefaultMethodInvokingMethodInterceptor.java:69)
	at org.springframework.aop.framework.ReflectiveMethodInvocation.proceed(ReflectiveMethodInvocation.java:179)
	at org.springframework.transaction.interceptor.TransactionAspectSupport.invokeWithinTransaction(TransactionAspectSupport.java:370)
	at org.springframework.transaction.interceptor.TransactionInterceptor.invoke(TransactionInterceptor.java:118)
	at org.springframework.aop.framework.ReflectiveMethodInvocation.proceed(ReflectiveMethodInvocation.java:179)
	at org.springframework.dao.support.PersistenceExceptionTranslationInterceptor.invoke(PersistenceExceptionTranslationInterceptor.java:135)
	... 50 common frames omitted
Caused by: org.h2.jdbc.JdbcSQLSyntaxErrorException: Table "USERS" not found (this database is empty); SQL statement:
select u1_0.id,u1_0.hash,u1_0.login,u1_0.salt from users u1_0 where u1_0.login=? [42104-240]
	at org.h2.message.DbException.getJdbcSQLException(DbException.java:514)
	at org.h2.message.DbException.getJdbcSQLException(DbException.java:489)
	at org.h2.message.DbException.get(DbException.java:223)
	at org.h2.message.DbException.get(DbException.java:199)
	at org.h2.command.Parser.getTableOrViewNotFoundDbException(Parser.java:8036)
	at org.h2.command.Parser.getTableOrViewNotFoundDbException(Parser.java:8020)
	at org.h2.command.Parser.readTableOrView(Parser.java:7999)
	at org.h2.command.Parser.readTablePrimary(Parser.java:1772)
	at org.h2.command.Parser.readTableReference(Parser.java:2252)
	at org.h2.command.Parser.parseSelectFromPart(Parser.java:2705)
	at org.h2.command.Parser.parseSelect(Parser.java:2813)
	at org.h2.command.Parser.parseQueryPrimary(Parser.java:2695)
	at org.h2.command.Parser.parseQueryTerm(Parser.java:2550)
	at org.h2.command.Parser.parseQueryExpressionBody(Parser.java:2529)
	at org.h2.command.Parser.parseQueryExpressionBodyAndEndOfQuery(Parser.java:2522)
	at org.h2.command.Parser.parseQueryExpression(Parser.java:2515)
	at org.h2.command.Parser.parseQuery(Parser.java:2482)
	at org.h2.command.Parser.parsePrepared(Parser.java:613)
	at org.h2.command.Parser.parse(Parser.java:584)
	at org.h2.command.Parser.parse(Parser.java:559)
	at org.h2.command.Parser.prepareCommand(Parser.java:487)
	at org.h2.engine.SessionLocal.prepareLocal(SessionLocal.java:647)
	at org.h2.engine.SessionLocal.prepareCommand(SessionLocal.java:563)
	at org.h2.jdbc.JdbcConnection.prepareCommand(JdbcConnection.java:1160)
	at org.h2.jdbc.JdbcPreparedStatement.<init>(JdbcPreparedStatement.java:93)
	at org.h2.jdbc.JdbcConnection.prepareStatement(JdbcConnection.java:686)
	at com.zaxxer.hikari.pool.ProxyConnection.prepareStatement(ProxyConnection.java:342)
	at com.zaxxer.hikari.pool.HikariProxyConnection.prepareStatement(HikariProxyConnection.java)
	at org.hibernate.engine.jdbc.internal.StatementPreparerImpl$4.doPrepare(StatementPreparerImpl.java:158)
	at org.hibernate.engine.jdbc.internal.StatementPreparerImpl$StatementPreparationTemplate.prepareStatement(StatementPreparerImpl.java:187)
	... 88 common frames omitted
2025-12-16 21:48:15 [SpringApplicationShutdownHook] INFO  o.s.o.j.LocalContainerEntityManagerFactoryBean - Closing JPA EntityManagerFactory for persistence unit 'default'
2025-12-16 21:48:15 [SpringApplicationShutdownHook] INFO  com.zaxxer.hikari.HikariDataSource - HikariPool-1 - Shutdown initiated...
2025-12-16 21:48:15 [SpringApplicationShutdownHook] INFO  com.zaxxer.hikari.HikariDataSource - HikariPool-1 - Shutdown completed.
2025-12-16 21:48:19 [main] INFO  c.H.E.ExplorerAppApplication$Companion - Starting ExplorerAppApplication.Companion v0.0.1-SNAPSHOT using Java 17.0.17 with PID 6120 (C:\Users\Stradalec\Documents\GitHub\HLPT-Lab2-\target\ExplorerApp-0.0.1-SNAPSHOT.jar started by Stradalec in C:\Users\Stradalec\Documents\GitHub\HLPT-Lab2-)
2025-12-16 21:48:19 [main] INFO  c.H.E.ExplorerAppApplication$Companion - No active profile set, falling back to 1 default profile: "default"
2025-12-16 21:48:20 [main] INFO  o.s.d.r.c.RepositoryConfigurationDelegate - Bootstrapping Spring Data JPA repositories in DEFAULT mode.
2025-12-16 21:48:20 [main] INFO  o.s.d.r.c.RepositoryConfigurationDelegate - Finished Spring Data repository scanning in 127 ms. Found 3 JPA repository interfaces.
2025-12-16 21:48:21 [main] INFO  o.h.jpa.internal.util.LogHelper - HHH000204: Processing PersistenceUnitInfo [name: default]
2025-12-16 21:48:22 [main] INFO  org.hibernate.Version - HHH000412: Hibernate ORM core version 7.1.8.Final
2025-12-16 21:48:23 [main] INFO  o.s.o.j.p.SpringPersistenceUnitInfo - No LoadTimeWeaver setup: ignoring JPA class transformer
2025-12-16 21:48:23 [main] INFO  com.zaxxer.hikari.HikariDataSource - HikariPool-1 - Starting...
2025-12-16 21:48:24 [main] INFO  com.zaxxer.hikari.pool.HikariPool - HikariPool-1 - Added connection conn0: url=jdbc:h2:./data/coolDatabase user=SA
2025-12-16 21:48:24 [main] INFO  com.zaxxer.hikari.HikariDataSource - HikariPool-1 - Start completed.
2025-12-16 21:48:24 [main] WARN  org.hibernate.orm.deprecation - HHH90000025: H2Dialect does not need to be specified explicitly using 'hibernate.dialect' (remove the property setting and it will be selected by default)
2025-12-16 21:48:24 [main] INFO  o.hibernate.orm.connections.pooling - HHH10001005: Database info:
	Database JDBC URL [jdbc:h2:./data/coolDatabase]
	Database driver: H2 JDBC Driver
	Database dialect: H2Dialect
	Database version: 2.4.240
	Default catalog/schema: COOLDATABASE/PUBLIC
	Autocommit mode: undefined/unknown
	Isolation level: READ_COMMITTED [default READ_COMMITTED]
	JDBC fetch size: 100
	Pool: DatasourceConnectionProviderImpl
	Minimum pool size: undefined/unknown
	Maximum pool size: undefined/unknown
2025-12-16 21:48:26 [main] INFO  o.h.m.i.EntityInstantiatorPojoStandard - HHH000182: No default (no-argument) constructor for class [com.HLPTLab7.ExplorerApp.models.Resource] (class must be instantiated by Interceptor)
2025-12-16 21:48:26 [main] INFO  o.h.m.i.EntityInstantiatorPojoStandard - HHH000182: No default (no-argument) constructor for class [com.HLPTLab7.ExplorerApp.models.User] (class must be instantiated by Interceptor)
2025-12-16 21:48:26 [main] INFO  o.h.m.i.EntityInstantiatorPojoStandard - HHH000182: No default (no-argument) constructor for class [com.HLPTLab7.ExplorerApp.models.Permission] (class must be instantiated by Interceptor)
2025-12-16 21:48:26 [main] INFO  o.h.e.t.j.p.i.JtaPlatformInitiator - HHH000489: No JTA platform available (set 'hibernate.transaction.jta.platform' to enable JTA platform integration)
2025-12-16 21:48:26 [main] INFO  o.s.o.j.LocalContainerEntityManagerFactoryBean - Initialized JPA EntityManagerFactory for persistence unit 'default'
2025-12-16 21:48:27 [main] INFO  o.s.d.j.r.q.QueryEnhancerFactories - Hibernate is in classpath; If applicable, HQL parser will be used.
2025-12-16 21:48:31 [main] INFO  c.H.E.ExplorerAppApplication$Companion - Started ExplorerAppApplication.Companion in 14.265 seconds (process running for 15.797)
2025-12-16 21:48:31 [main] INFO  c.H.E.ExplorerAppApplication - A DEBUG Message
2025-12-16 21:48:31 [main] INFO  c.H.E.ExplorerAppApplication - Выполнение завершено с кодом: 4
2025-12-16 21:48:31 [SpringApplicationShutdownHook] INFO  o.s.o.j.LocalContainerEntityManagerFactoryBean - Closing JPA EntityManagerFactory for persistence unit 'default'
2025-12-16 21:48:31 [SpringApplicationShutdownHook] INFO  com.zaxxer.hikari.HikariDataSource - HikariPool-1 - Shutdown initiated...
2025-12-16 21:48:31 [SpringApplicationShutdownHook] INFO  com.zaxxer.hikari.HikariDataSource - HikariPool-1 - Shutdown completed.
2025-12-16 21:48:35 [main] INFO  c.H.E.ExplorerAppApplication$Companion - Starting ExplorerAppApplication.Companion v0.0.1-SNAPSHOT using Java 17.0.17 with PID 20164 (C:\Users\Stradalec\Documents\GitHub\HLPT-Lab2-\target\ExplorerApp-0.0.1-SNAPSHOT.jar started by Stradalec in C:\Users\Stradalec\Documents\GitHub\HLPT-Lab2-)
2025-12-16 21:48:35 [main] INFO  c.H.E.ExplorerAppApplication$Companion - No active profile set, falling back to 1 default profile: "default"
2025-12-16 21:48:36 [main] INFO  o.s.d.r.c.RepositoryConfigurationDelegate - Bootstrapping Spring Data JPA repositories in DEFAULT mode.
2025-12-16 21:48:37 [main] INFO  o.s.d.r.c.RepositoryConfigurationDelegate - Finished Spring Data repository scanning in 116 ms. Found 3 JPA repository interfaces.
2025-12-16 21:48:38 [main] INFO  o.h.jpa.internal.util.LogHelper - HHH000204: Processing PersistenceUnitInfo [name: default]
2025-12-16 21:48:38 [main] INFO  org.hibernate.Version - HHH000412: Hibernate ORM core version 7.1.8.Final
2025-12-16 21:48:39 [main] INFO  o.s.o.j.p.SpringPersistenceUnitInfo - No LoadTimeWeaver setup: ignoring JPA class transformer
2025-12-16 21:48:40 [main] INFO  com.zaxxer.hikari.HikariDataSource - HikariPool-1 - Starting...
2025-12-16 21:48:40 [main] INFO  com.zaxxer.hikari.pool.HikariPool - HikariPool-1 - Added connection conn0: url=jdbc:h2:./data/coolDatabase user=SA
2025-12-16 21:48:40 [main] INFO  com.zaxxer.hikari.HikariDataSource - HikariPool-1 - Start completed.
2025-12-16 21:48:40 [main] WARN  org.hibernate.orm.deprecation - HHH90000025: H2Dialect does not need to be specified explicitly using 'hibernate.dialect' (remove the property setting and it will be selected by default)
2025-12-16 21:48:40 [main] INFO  o.hibernate.orm.connections.pooling - HHH10001005: Database info:
	Database JDBC URL [jdbc:h2:./data/coolDatabase]
	Database driver: H2 JDBC Driver
	Database dialect: H2Dialect
	Database version: 2.4.240
	Default catalog/schema: COOLDATABASE/PUBLIC
	Autocommit mode: undefined/unknown
	Isolation level: READ_COMMITTED [default READ_COMMITTED]
	JDBC fetch size: 100
	Pool: DatasourceConnectionProviderImpl
	Minimum pool size: undefined/unknown
	Maximum pool size: undefined/unknown
2025-12-16 21:48:42 [main] INFO  o.h.m.i.EntityInstantiatorPojoStandard - HHH000182: No default (no-argument) constructor for class [com.HLPTLab7.ExplorerApp.models.Resource] (class must be instantiated by Interceptor)
2025-12-16 21:48:42 [main] INFO  o.h.m.i.EntityInstantiatorPojoStandard - HHH000182: No default (no-argument) constructor for class [com.HLPTLab7.ExplorerApp.models.User] (class must be instantiated by Interceptor)
2025-12-16 21:48:42 [main] INFO  o.h.m.i.EntityInstantiatorPojoStandard - HHH000182: No default (no-argument) constructor for class [com.HLPTLab7.ExplorerApp.models.Permission] (class must be instantiated by Interceptor)
2025-12-16 21:48:42 [main] INFO  o.h.e.t.j.p.i.JtaPlatformInitiator - HHH000489: No JTA platform available (set 'hibernate.transaction.jta.platform' to enable JTA platform integration)
2025-12-16 21:48:43 [main] INFO  o.s.o.j.LocalContainerEntityManagerFactoryBean - Initialized JPA EntityManagerFactory for persistence unit 'default'
2025-12-16 21:48:43 [main] INFO  o.s.d.j.r.q.QueryEnhancerFactories - Hibernate is in classpath; If applicable, HQL parser will be used.
2025-12-16 21:48:47 [main] INFO  c.H.E.ExplorerAppApplication$Companion - Started ExplorerAppApplication.Companion in 14.268 seconds (process running for 15.84)
2025-12-16 21:48:47 [main] INFO  c.H.E.ExplorerAppApplication - A DEBUG Message
2025-12-16 21:48:48 [main] WARN  org.hibernate.orm.jdbc.error - HHH000247: ErrorCode: 42104, SQLState: 42S04
2025-12-16 21:48:48 [main] WARN  org.hibernate.orm.jdbc.error - Table "USERS" not found (this database is empty); SQL statement:
select u1_0.id,u1_0.hash,u1_0.login,u1_0.salt from users u1_0 where u1_0.login=? [42104-240]
2025-12-16 21:48:48 [main] ERROR c.H.E.ExplorerAppApplication - Неизвестная ошибка
org.springframework.dao.InvalidDataAccessResourceUsageException: Could not prepare statement [Table "USERS" not found (this database is empty); SQL statement:
select u1_0.id,u1_0.hash,u1_0.login,u1_0.salt from users u1_0 where u1_0.login=? [42104-240]] [select u1_0.id,u1_0.hash,u1_0.login,u1_0.salt from users u1_0 where u1_0.login=?]; SQL [select u1_0.id,u1_0.hash,u1_0.login,u1_0.salt from users u1_0 where u1_0.login=?]
	at org.springframework.orm.jpa.hibernate.HibernateExceptionTranslator.convertHibernateAccessException(HibernateExceptionTranslator.java:156)
	at org.springframework.orm.jpa.hibernate.HibernateExceptionTranslator.convertHibernateAccessException(HibernateExceptionTranslator.java:131)
	at org.springframework.orm.jpa.hibernate.HibernateExceptionTranslator.translateExceptionIfPossible(HibernateExceptionTranslator.java:105)
	at org.springframework.orm.jpa.vendor.HibernateJpaDialect.translateExceptionIfPossible(HibernateJpaDialect.java:199)
	at org.springframework.orm.jpa.AbstractEntityManagerFactoryBean.translateExceptionIfPossible(AbstractEntityManagerFactoryBean.java:556)
	at org.springframework.dao.support.ChainedPersistenceExceptionTranslator.translateExceptionIfPossible(ChainedPersistenceExceptionTranslator.java:61)
	at org.springframework.dao.support.DataAccessUtils.translateIfNecessary(DataAccessUtils.java:346)
	at org.springframework.dao.support.PersistenceExceptionTranslationInterceptor.invoke(PersistenceExceptionTranslationInterceptor.java:157)
	at org.springframework.aop.framework.ReflectiveMethodInvocation.proceed(ReflectiveMethodInvocation.java:179)
	at org.springframework.data.jpa.repository.support.CrudMethodMetadataPostProcessor$CrudMethodMetadataPopulatingMethodInterceptor.invoke(CrudMethodMetadataPostProcessor.java:137)
	at org.springframework.aop.framework.ReflectiveMethodInvocation.proceed(ReflectiveMethodInvocation.java:179)
	at org.springframework.data.util.NullnessMethodInvocationValidator.invoke(NullnessMethodInvocationValidator.java:99)
	at org.springframework.aop.framework.ReflectiveMethodInvocation.proceed(ReflectiveMethodInvocation.java:179)
	at org.springframework.aop.framework.JdkDynamicAopProxy.invoke(JdkDynamicAopProxy.java:222)
	at jdk.proxy2/jdk.proxy2.$Proxy113.findByLogin(Unknown Source)
	at com.HLPTLab7.ExplorerApp.repositories.UserJpaRepositoryAdapter.findByLogin(UserJpaRepositoryAdapter.kt:13)
	at java.base/jdk.internal.reflect.NativeMethodAccessorImpl.invoke0(Native Method)
	at java.base/jdk.internal.reflect.NativeMethodAccessorImpl.invoke(NativeMethodAccessorImpl.java:77)
	at java.base/jdk.internal.reflect.DelegatingMethodAccessorImpl.invoke(DelegatingMethodAccessorImpl.java:43)
	at java.base/java.lang.reflect.Method.invoke(Method.java:569)
	at org.springframework.aop.support.AopUtils.invokeJoinpointUsingReflection(AopUtils.java:359)
	at org.springframework.aop.framework.ReflectiveMethodInvocation.invokeJoinpoint(ReflectiveMethodInvocation.java:190)
	at org.springframework.aop.framework.ReflectiveMethodInvocation.proceed(ReflectiveMethodInvocation.java:158)
	at org.springframework.dao.support.PersistenceExceptionTranslationInterceptor.invoke(PersistenceExceptionTranslationInterceptor.java:135)
	at org.springframework.aop.framework.ReflectiveMethodInvocation.proceed(ReflectiveMethodInvocation.java:179)
	at org.springframework.aop.framework.CglibAopProxy$DynamicAdvisedInterceptor.intercept(CglibAopProxy.java:719)
	at com.HLPTLab7.ExplorerApp.repositories.UserJpaRepositoryAdapter$$SpringCGLIB$$0.findByLogin(<generated>)
	at com.HLPTLab7.ExplorerApp.handlers.ResourceActionUseCase.execute(ResourceActionUseCase.kt:15)
	at com.HLPTLab7.ExplorerApp.handlers.CommandHandler.execute(CommandHandler.kt:19)
	at com.HLPTLab7.ExplorerApp.ExplorerAppApplication.run(ExplorerAppApplication.kt:29)
	at org.springframework.boot.SpringApplication.lambda$callRunner$1(SpringApplication.java:801)
	at org.springframework.util.function.ThrowingConsumer$1.acceptWithException(ThrowingConsumer.java:82)
	at org.springframework.util.function.ThrowingConsumer.accept(ThrowingConsumer.java:60)
	at org.springframework.util.function.ThrowingConsumer$1.accept(ThrowingConsumer.java:86)
	at org.springframework.boot.SpringApplication.callRunner(SpringApplication.java:809)
	at org.springframework.boot.SpringApplication.callRunner(SpringApplication.java:800)
	at org.springframework.boot.SpringApplication.lambda$callRunners$0(SpringApplication.java:785)
	at java.base/java.util.stream.ForEachOps$ForEachOp$OfRef.accept(ForEachOps.java:183)
	at java.base/java.util.stream.SortedOps$SizedRefSortingSink.end(SortedOps.java:357)
	at java.base/java.util.stream.AbstractPipeline.copyInto(AbstractPipeline.java:510)
	at java.base/java.util.stream.AbstractPipeline.wrapAndCopyInto(AbstractPipeline.java:499)
	at java.base/java.util.stream.ForEachOps$ForEachOp.evaluateSequential(ForEachOps.java:150)
	at java.base/java.util.stream.ForEachOps$ForEachOp$OfRef.evaluateSequential(ForEachOps.java:173)
	at java.base/java.util.stream.AbstractPipeline.evaluate(AbstractPipeline.java:234)
	at java.base/java.util.stream.ReferencePipeline.forEach(ReferencePipeline.java:596)
	at org.springframework.boot.SpringApplication.callRunners(SpringApplication.java:785)
	at org.springframework.boot.SpringApplication.run(SpringApplication.java:328)
	at org.springframework.boot.SpringApplication.run(SpringApplication.java:1374)
	at org.springframework.boot.SpringApplication.run(SpringApplication.java:1363)
	at com.HLPTLab7.ExplorerApp.ExplorerAppApplication$Companion.main(ExplorerAppApplication.kt:46)
	at com.HLPTLab7.ExplorerApp.ExplorerAppApplication.main(ExplorerAppApplication.kt)
	at java.base/jdk.internal.reflect.NativeMethodAccessorImpl.invoke0(Native Method)
	at java.base/jdk.internal.reflect.NativeMethodAccessorImpl.invoke(NativeMethodAccessorImpl.java:77)
	at java.base/jdk.internal.reflect.DelegatingMethodAccessorImpl.invoke(DelegatingMethodAccessorImpl.java:43)
	at java.base/java.lang.reflect.Method.invoke(Method.java:569)
	at org.springframework.boot.loader.launch.Launcher.launch(Launcher.java:106)
	at org.springframework.boot.loader.launch.Launcher.launch(Launcher.java:64)
	at org.springframework.boot.loader.launch.JarLauncher.main(JarLauncher.java:40)
Caused by: org.hibernate.exception.SQLGrammarException: Could not prepare statement [Table "USERS" not found (this database is empty); SQL statement:
select u1_0.id,u1_0.hash,u1_0.login,u1_0.salt from users u1_0 where u1_0.login=? [42104-240]] [select u1_0.id,u1_0.hash,u1_0.login,u1_0.salt from users u1_0 where u1_0.login=?]
	at org.hibernate.exception.internal.SQLExceptionTypeDelegate.convert(SQLExceptionTypeDelegate.java:64)
	at org.hibernate.exception.internal.StandardSQLExceptionConverter.convert(StandardSQLExceptionConverter.java:34)
	at org.hibernate.engine.jdbc.spi.SqlExceptionHelper.convert(SqlExceptionHelper.java:115)
	at org.hibernate.engine.jdbc.internal.StatementPreparerImpl$StatementPreparationTemplate.prepareStatement(StatementPreparerImpl.java:198)
	at org.hibernate.engine.jdbc.internal.StatementPreparerImpl.prepareQueryStatement(StatementPreparerImpl.java:160)
	at org.hibernate.sql.exec.internal.StandardStatementCreator.createStatement(StandardStatementCreator.java:47)
	at org.hibernate.sql.results.jdbc.internal.DeferredResultSetAccess.executeQuery(DeferredResultSetAccess.java:271)
	at org.hibernate.sql.results.jdbc.internal.DeferredResultSetAccess.getResultSet(DeferredResultSetAccess.java:200)
	at org.hibernate.sql.results.jdbc.internal.JdbcValuesResultSetImpl.<init>(JdbcValuesResultSetImpl.java:72)
	at org.hibernate.sql.exec.internal.JdbcSelectExecutorStandardImpl.resolveJdbcValues(JdbcSelectExecutorStandardImpl.java:372)
	at org.hibernate.sql.exec.internal.JdbcSelectExecutorStandardImpl.resolveJdbcValuesSource(JdbcSelectExecutorStandardImpl.java:332)
	at org.hibernate.sql.exec.internal.JdbcSelectExecutorStandardImpl.doExecuteQuery(JdbcSelectExecutorStandardImpl.java:135)
	at org.hibernate.sql.exec.internal.JdbcSelectExecutorStandardImpl.executeQuery(JdbcSelectExecutorStandardImpl.java:100)
	at org.hibernate.sql.exec.spi.JdbcSelectExecutor.executeQuery(JdbcSelectExecutor.java:64)
	at org.hibernate.sql.exec.spi.JdbcSelectExecutor.list(JdbcSelectExecutor.java:138)
	at org.hibernate.query.sqm.internal.ConcreteSqmSelectQueryPlan.lambda$new$1(ConcreteSqmSelectQueryPlan.java:146)
	at org.hibernate.query.sqm.internal.ConcreteSqmSelectQueryPlan.withCacheableSqmInterpretation(ConcreteSqmSelectQueryPlan.java:455)
	at org.hibernate.query.sqm.internal.ConcreteSqmSelectQueryPlan.performList(ConcreteSqmSelectQueryPlan.java:388)
	at org.hibernate.query.sqm.internal.SqmQueryImpl.doList(SqmQueryImpl.java:386)
	at org.hibernate.query.spi.AbstractSelectionQuery.list(AbstractSelectionQuery.java:154)
	at org.hibernate.query.spi.AbstractSelectionQuery.getSingleResultOrNull(AbstractSelectionQuery.java:320)
	at java.base/jdk.internal.reflect.NativeMethodAccessorImpl.invoke0(Native Method)
	at java.base/jdk.internal.reflect.NativeMethodAccessorImpl.invoke(NativeMethodAccessorImpl.java:77)
	at java.base/jdk.internal.reflect.DelegatingMethodAccessorImpl.invoke(DelegatingMethodAccessorImpl.java:43)
	at java.base/java.lang.reflect.Method.invoke(Method.java:569)
	at org.springframework.orm.jpa.SharedEntityManagerCreator$DeferredQueryInvocationHandler.invoke(SharedEntityManagerCreator.java:414)
	at jdk.proxy2/jdk.proxy2.$Proxy116.getSingleResultOrNull(Unknown Source)
	at org.springframework.data.jpa.repository.query.JpaQueryExecution$SingleEntityExecution.doExecute(JpaQueryExecution.java:328)
	at org.springframework.data.jpa.repository.query.JpaQueryExecution.execute(JpaQueryExecution.java:99)
	at org.springframework.data.jpa.repository.query.AbstractJpaQuery.doExecute(AbstractJpaQuery.java:164)
	at org.springframework.data.jpa.repository.query.AbstractJpaQuery.execute(AbstractJpaQuery.java:154)
	at org.springframework.data.repository.core.support.RepositoryMethodInvoker.doInvoke(RepositoryMethodInvoker.java:169)
	at org.springframework.data.repository.core.support.RepositoryMethodInvoker.invoke(RepositoryMethodInvoker.java:158)
	at org.springframework.data.repository.core.support.QueryExecutorMethodInterceptor.doInvoke(QueryExecutorMethodInterceptor.java:167)
	at org.springframework.data.repository.core.support.QueryExecutorMethodInterceptor.invoke(QueryExecutorMethodInterceptor.java:146)
	at org.springframework.aop.framework.ReflectiveMethodInvocation.proceed(ReflectiveMethodInvocation.java:179)
	at org.springframework.data.projection.DefaultMethodInvokingMethodInterceptor.invoke(DefaultMethodInvokingMethodInterceptor.java:69)
	at org.springframework.aop.framework.ReflectiveMethodInvocation.proceed(ReflectiveMethodInvocation.java:179)
	at org.springframework.transaction.interceptor.TransactionAspectSupport.invokeWithinTransaction(TransactionAspectSupport.java:370)
	at org.springframework.transaction.interceptor.TransactionInterceptor.invoke(TransactionInterceptor.java:118)
	at org.springframework.aop.framework.ReflectiveMethodInvocation.proceed(ReflectiveMethodInvocation.java:179)
	at org.springframework.dao.support.PersistenceExceptionTranslationInterceptor.invoke(PersistenceExceptionTranslationInterceptor.java:135)
	... 50 common frames omitted
Caused by: org.h2.jdbc.JdbcSQLSyntaxErrorException: Table "USERS" not found (this database is empty); SQL statement:
select u1_0.id,u1_0.hash,u1_0.login,u1_0.salt from users u1_0 where u1_0.login=? [42104-240]
	at org.h2.message.DbException.getJdbcSQLException(DbException.java:514)
	at org.h2.message.DbException.getJdbcSQLException(DbException.java:489)
	at org.h2.message.DbException.get(DbException.java:223)
	at org.h2.message.DbException.get(DbException.java:199)
	at org.h2.command.Parser.getTableOrViewNotFoundDbException(Parser.java:8036)
	at org.h2.command.Parser.getTableOrViewNotFoundDbException(Parser.java:8020)
	at org.h2.command.Parser.readTableOrView(Parser.java:7999)
	at org.h2.command.Parser.readTablePrimary(Parser.java:1772)
	at org.h2.command.Parser.readTableReference(Parser.java:2252)
	at org.h2.command.Parser.parseSelectFromPart(Parser.java:2705)
	at org.h2.command.Parser.parseSelect(Parser.java:2813)
	at org.h2.command.Parser.parseQueryPrimary(Parser.java:2695)
	at org.h2.command.Parser.parseQueryTerm(Parser.java:2550)
	at org.h2.command.Parser.parseQueryExpressionBody(Parser.java:2529)
	at org.h2.command.Parser.parseQueryExpressionBodyAndEndOfQuery(Parser.java:2522)
	at org.h2.command.Parser.parseQueryExpression(Parser.java:2515)
	at org.h2.command.Parser.parseQuery(Parser.java:2482)
	at org.h2.command.Parser.parsePrepared(Parser.java:613)
	at org.h2.command.Parser.parse(Parser.java:584)
	at org.h2.command.Parser.parse(Parser.java:559)
	at org.h2.command.Parser.prepareCommand(Parser.java:487)
	at org.h2.engine.SessionLocal.prepareLocal(SessionLocal.java:647)
	at org.h2.engine.SessionLocal.prepareCommand(SessionLocal.java:563)
	at org.h2.jdbc.JdbcConnection.prepareCommand(JdbcConnection.java:1160)
	at org.h2.jdbc.JdbcPreparedStatement.<init>(JdbcPreparedStatement.java:93)
	at org.h2.jdbc.JdbcConnection.prepareStatement(JdbcConnection.java:686)
	at com.zaxxer.hikari.pool.ProxyConnection.prepareStatement(ProxyConnection.java:342)
	at com.zaxxer.hikari.pool.HikariProxyConnection.prepareStatement(HikariProxyConnection.java)
	at org.hibernate.engine.jdbc.internal.StatementPreparerImpl$4.doPrepare(StatementPreparerImpl.java:158)
	at org.hibernate.engine.jdbc.internal.StatementPreparerImpl$StatementPreparationTemplate.prepareStatement(StatementPreparerImpl.java:187)
	... 88 common frames omitted
2025-12-16 21:48:48 [SpringApplicationShutdownHook] INFO  o.s.o.j.LocalContainerEntityManagerFactoryBean - Closing JPA EntityManagerFactory for persistence unit 'default'
2025-12-16 21:48:48 [SpringApplicationShutdownHook] INFO  com.zaxxer.hikari.HikariDataSource - HikariPool-1 - Shutdown initiated...
2025-12-16 21:48:48 [SpringApplicationShutdownHook] INFO  com.zaxxer.hikari.HikariDataSource - HikariPool-1 - Shutdown completed.
2025-12-16 21:48:52 [main] INFO  c.H.E.ExplorerAppApplication$Companion - Starting ExplorerAppApplication.Companion v0.0.1-SNAPSHOT using Java 17.0.17 with PID 11872 (C:\Users\Stradalec\Documents\GitHub\HLPT-Lab2-\target\ExplorerApp-0.0.1-SNAPSHOT.jar started by Stradalec in C:\Users\Stradalec\Documents\GitHub\HLPT-Lab2-)
2025-12-16 21:48:52 [main] INFO  c.H.E.ExplorerAppApplication$Companion - No active profile set, falling back to 1 default profile: "default"
2025-12-16 21:48:53 [main] INFO  o.s.d.r.c.RepositoryConfigurationDelegate - Bootstrapping Spring Data JPA repositories in DEFAULT mode.
2025-12-16 21:48:54 [main] INFO  o.s.d.r.c.RepositoryConfigurationDelegate - Finished Spring Data repository scanning in 129 ms. Found 3 JPA repository interfaces.
2025-12-16 21:48:55 [main] INFO  o.h.jpa.internal.util.LogHelper - HHH000204: Processing PersistenceUnitInfo [name: default]
2025-12-16 21:48:55 [main] INFO  org.hibernate.Version - HHH000412: Hibernate ORM core version 7.1.8.Final
2025-12-16 21:48:57 [main] INFO  o.s.o.j.p.SpringPersistenceUnitInfo - No LoadTimeWeaver setup: ignoring JPA class transformer
2025-12-16 21:48:57 [main] INFO  com.zaxxer.hikari.HikariDataSource - HikariPool-1 - Starting...
2025-12-16 21:48:58 [main] INFO  com.zaxxer.hikari.pool.HikariPool - HikariPool-1 - Added connection conn0: url=jdbc:h2:./data/coolDatabase user=SA
2025-12-16 21:48:58 [main] INFO  com.zaxxer.hikari.HikariDataSource - HikariPool-1 - Start completed.
2025-12-16 21:48:58 [main] WARN  org.hibernate.orm.deprecation - HHH90000025: H2Dialect does not need to be specified explicitly using 'hibernate.dialect' (remove the property setting and it will be selected by default)
2025-12-16 21:48:58 [main] INFO  o.hibernate.orm.connections.pooling - HHH10001005: Database info:
	Database JDBC URL [jdbc:h2:./data/coolDatabase]
	Database driver: H2 JDBC Driver
	Database dialect: H2Dialect
	Database version: 2.4.240
	Default catalog/schema: COOLDATABASE/PUBLIC
	Autocommit mode: undefined/unknown
	Isolation level: READ_COMMITTED [default READ_COMMITTED]
	JDBC fetch size: 100
	Pool: DatasourceConnectionProviderImpl
	Minimum pool size: undefined/unknown
	Maximum pool size: undefined/unknown
2025-12-16 21:48:59 [main] INFO  o.h.m.i.EntityInstantiatorPojoStandard - HHH000182: No default (no-argument) constructor for class [com.HLPTLab7.ExplorerApp.models.Resource] (class must be instantiated by Interceptor)
2025-12-16 21:48:59 [main] INFO  o.h.m.i.EntityInstantiatorPojoStandard - HHH000182: No default (no-argument) constructor for class [com.HLPTLab7.ExplorerApp.models.User] (class must be instantiated by Interceptor)
2025-12-16 21:49:00 [main] INFO  o.h.m.i.EntityInstantiatorPojoStandard - HHH000182: No default (no-argument) constructor for class [com.HLPTLab7.ExplorerApp.models.Permission] (class must be instantiated by Interceptor)
2025-12-16 21:49:00 [main] INFO  o.h.e.t.j.p.i.JtaPlatformInitiator - HHH000489: No JTA platform available (set 'hibernate.transaction.jta.platform' to enable JTA platform integration)
2025-12-16 21:49:00 [main] INFO  o.s.o.j.LocalContainerEntityManagerFactoryBean - Initialized JPA EntityManagerFactory for persistence unit 'default'
2025-12-16 21:49:01 [main] INFO  o.s.d.j.r.q.QueryEnhancerFactories - Hibernate is in classpath; If applicable, HQL parser will be used.
2025-12-16 21:49:05 [main] INFO  c.H.E.ExplorerAppApplication$Companion - Started ExplorerAppApplication.Companion in 15.12 seconds (process running for 16.68)
2025-12-16 21:49:05 [main] INFO  c.H.E.ExplorerAppApplication - A DEBUG Message
2025-12-16 21:49:06 [main] WARN  org.hibernate.orm.jdbc.error - HHH000247: ErrorCode: 42104, SQLState: 42S04
2025-12-16 21:49:06 [main] WARN  org.hibernate.orm.jdbc.error - Table "USERS" not found (this database is empty); SQL statement:
select u1_0.id,u1_0.hash,u1_0.login,u1_0.salt from users u1_0 where u1_0.login=? [42104-240]
2025-12-16 21:49:06 [main] ERROR c.H.E.ExplorerAppApplication - Неизвестная ошибка
org.springframework.dao.InvalidDataAccessResourceUsageException: Could not prepare statement [Table "USERS" not found (this database is empty); SQL statement:
select u1_0.id,u1_0.hash,u1_0.login,u1_0.salt from users u1_0 where u1_0.login=? [42104-240]] [select u1_0.id,u1_0.hash,u1_0.login,u1_0.salt from users u1_0 where u1_0.login=?]; SQL [select u1_0.id,u1_0.hash,u1_0.login,u1_0.salt from users u1_0 where u1_0.login=?]
	at org.springframework.orm.jpa.hibernate.HibernateExceptionTranslator.convertHibernateAccessException(HibernateExceptionTranslator.java:156)
	at org.springframework.orm.jpa.hibernate.HibernateExceptionTranslator.convertHibernateAccessException(HibernateExceptionTranslator.java:131)
	at org.springframework.orm.jpa.hibernate.HibernateExceptionTranslator.translateExceptionIfPossible(HibernateExceptionTranslator.java:105)
	at org.springframework.orm.jpa.vendor.HibernateJpaDialect.translateExceptionIfPossible(HibernateJpaDialect.java:199)
	at org.springframework.orm.jpa.AbstractEntityManagerFactoryBean.translateExceptionIfPossible(AbstractEntityManagerFactoryBean.java:556)
	at org.springframework.dao.support.ChainedPersistenceExceptionTranslator.translateExceptionIfPossible(ChainedPersistenceExceptionTranslator.java:61)
	at org.springframework.dao.support.DataAccessUtils.translateIfNecessary(DataAccessUtils.java:346)
	at org.springframework.dao.support.PersistenceExceptionTranslationInterceptor.invoke(PersistenceExceptionTranslationInterceptor.java:157)
	at org.springframework.aop.framework.ReflectiveMethodInvocation.proceed(ReflectiveMethodInvocation.java:179)
	at org.springframework.data.jpa.repository.support.CrudMethodMetadataPostProcessor$CrudMethodMetadataPopulatingMethodInterceptor.invoke(CrudMethodMetadataPostProcessor.java:137)
	at org.springframework.aop.framework.ReflectiveMethodInvocation.proceed(ReflectiveMethodInvocation.java:179)
	at org.springframework.data.util.NullnessMethodInvocationValidator.invoke(NullnessMethodInvocationValidator.java:99)
	at org.springframework.aop.framework.ReflectiveMethodInvocation.proceed(ReflectiveMethodInvocation.java:179)
	at org.springframework.aop.framework.JdkDynamicAopProxy.invoke(JdkDynamicAopProxy.java:222)
	at jdk.proxy2/jdk.proxy2.$Proxy113.findByLogin(Unknown Source)
	at com.HLPTLab7.ExplorerApp.repositories.UserJpaRepositoryAdapter.findByLogin(UserJpaRepositoryAdapter.kt:13)
	at java.base/jdk.internal.reflect.NativeMethodAccessorImpl.invoke0(Native Method)
	at java.base/jdk.internal.reflect.NativeMethodAccessorImpl.invoke(NativeMethodAccessorImpl.java:77)
	at java.base/jdk.internal.reflect.DelegatingMethodAccessorImpl.invoke(DelegatingMethodAccessorImpl.java:43)
	at java.base/java.lang.reflect.Method.invoke(Method.java:569)
	at org.springframework.aop.support.AopUtils.invokeJoinpointUsingReflection(AopUtils.java:359)
	at org.springframework.aop.framework.ReflectiveMethodInvocation.invokeJoinpoint(ReflectiveMethodInvocation.java:190)
	at org.springframework.aop.framework.ReflectiveMethodInvocation.proceed(ReflectiveMethodInvocation.java:158)
	at org.springframework.dao.support.PersistenceExceptionTranslationInterceptor.invoke(PersistenceExceptionTranslationInterceptor.java:135)
	at org.springframework.aop.framework.ReflectiveMethodInvocation.proceed(ReflectiveMethodInvocation.java:179)
	at org.springframework.aop.framework.CglibAopProxy$DynamicAdvisedInterceptor.intercept(CglibAopProxy.java:719)
	at com.HLPTLab7.ExplorerApp.repositories.UserJpaRepositoryAdapter$$SpringCGLIB$$0.findByLogin(<generated>)
	at com.HLPTLab7.ExplorerApp.handlers.ResourceActionUseCase.execute(ResourceActionUseCase.kt:15)
	at com.HLPTLab7.ExplorerApp.handlers.CommandHandler.execute(CommandHandler.kt:19)
	at com.HLPTLab7.ExplorerApp.ExplorerAppApplication.run(ExplorerAppApplication.kt:29)
	at org.springframework.boot.SpringApplication.lambda$callRunner$1(SpringApplication.java:801)
	at org.springframework.util.function.ThrowingConsumer$1.acceptWithException(ThrowingConsumer.java:82)
	at org.springframework.util.function.ThrowingConsumer.accept(ThrowingConsumer.java:60)
	at org.springframework.util.function.ThrowingConsumer$1.accept(ThrowingConsumer.java:86)
	at org.springframework.boot.SpringApplication.callRunner(SpringApplication.java:809)
	at org.springframework.boot.SpringApplication.callRunner(SpringApplication.java:800)
	at org.springframework.boot.SpringApplication.lambda$callRunners$0(SpringApplication.java:785)
	at java.base/java.util.stream.ForEachOps$ForEachOp$OfRef.accept(ForEachOps.java:183)
	at java.base/java.util.stream.SortedOps$SizedRefSortingSink.end(SortedOps.java:357)
	at java.base/java.util.stream.AbstractPipeline.copyInto(AbstractPipeline.java:510)
	at java.base/java.util.stream.AbstractPipeline.wrapAndCopyInto(AbstractPipeline.java:499)
	at java.base/java.util.stream.ForEachOps$ForEachOp.evaluateSequential(ForEachOps.java:150)
	at java.base/java.util.stream.ForEachOps$ForEachOp$OfRef.evaluateSequential(ForEachOps.java:173)
	at java.base/java.util.stream.AbstractPipeline.evaluate(AbstractPipeline.java:234)
	at java.base/java.util.stream.ReferencePipeline.forEach(ReferencePipeline.java:596)
	at org.springframework.boot.SpringApplication.callRunners(SpringApplication.java:785)
	at org.springframework.boot.SpringApplication.run(SpringApplication.java:328)
	at org.springframework.boot.SpringApplication.run(SpringApplication.java:1374)
	at org.springframework.boot.SpringApplication.run(SpringApplication.java:1363)
	at com.HLPTLab7.ExplorerApp.ExplorerAppApplication$Companion.main(ExplorerAppApplication.kt:46)
	at com.HLPTLab7.ExplorerApp.ExplorerAppApplication.main(ExplorerAppApplication.kt)
	at java.base/jdk.internal.reflect.NativeMethodAccessorImpl.invoke0(Native Method)
	at java.base/jdk.internal.reflect.NativeMethodAccessorImpl.invoke(NativeMethodAccessorImpl.java:77)
	at java.base/jdk.internal.reflect.DelegatingMethodAccessorImpl.invoke(DelegatingMethodAccessorImpl.java:43)
	at java.base/java.lang.reflect.Method.invoke(Method.java:569)
	at org.springframework.boot.loader.launch.Launcher.launch(Launcher.java:106)
	at org.springframework.boot.loader.launch.Launcher.launch(Launcher.java:64)
	at org.springframework.boot.loader.launch.JarLauncher.main(JarLauncher.java:40)
Caused by: org.hibernate.exception.SQLGrammarException: Could not prepare statement [Table "USERS" not found (this database is empty); SQL statement:
select u1_0.id,u1_0.hash,u1_0.login,u1_0.salt from users u1_0 where u1_0.login=? [42104-240]] [select u1_0.id,u1_0.hash,u1_0.login,u1_0.salt from users u1_0 where u1_0.login=?]
	at org.hibernate.exception.internal.SQLExceptionTypeDelegate.convert(SQLExceptionTypeDelegate.java:64)
	at org.hibernate.exception.internal.StandardSQLExceptionConverter.convert(StandardSQLExceptionConverter.java:34)
	at org.hibernate.engine.jdbc.spi.SqlExceptionHelper.convert(SqlExceptionHelper.java:115)
	at org.hibernate.engine.jdbc.internal.StatementPreparerImpl$StatementPreparationTemplate.prepareStatement(StatementPreparerImpl.java:198)
	at org.hibernate.engine.jdbc.internal.StatementPreparerImpl.prepareQueryStatement(StatementPreparerImpl.java:160)
	at org.hibernate.sql.exec.internal.StandardStatementCreator.createStatement(StandardStatementCreator.java:47)
	at org.hibernate.sql.results.jdbc.internal.DeferredResultSetAccess.executeQuery(DeferredResultSetAccess.java:271)
	at org.hibernate.sql.results.jdbc.internal.DeferredResultSetAccess.getResultSet(DeferredResultSetAccess.java:200)
	at org.hibernate.sql.results.jdbc.internal.JdbcValuesResultSetImpl.<init>(JdbcValuesResultSetImpl.java:72)
	at org.hibernate.sql.exec.internal.JdbcSelectExecutorStandardImpl.resolveJdbcValues(JdbcSelectExecutorStandardImpl.java:372)
	at org.hibernate.sql.exec.internal.JdbcSelectExecutorStandardImpl.resolveJdbcValuesSource(JdbcSelectExecutorStandardImpl.java:332)
	at org.hibernate.sql.exec.internal.JdbcSelectExecutorStandardImpl.doExecuteQuery(JdbcSelectExecutorStandardImpl.java:135)
	at org.hibernate.sql.exec.internal.JdbcSelectExecutorStandardImpl.executeQuery(JdbcSelectExecutorStandardImpl.java:100)
	at org.hibernate.sql.exec.spi.JdbcSelectExecutor.executeQuery(JdbcSelectExecutor.java:64)
	at org.hibernate.sql.exec.spi.JdbcSelectExecutor.list(JdbcSelectExecutor.java:138)
	at org.hibernate.query.sqm.internal.ConcreteSqmSelectQueryPlan.lambda$new$1(ConcreteSqmSelectQueryPlan.java:146)
	at org.hibernate.query.sqm.internal.ConcreteSqmSelectQueryPlan.withCacheableSqmInterpretation(ConcreteSqmSelectQueryPlan.java:455)
	at org.hibernate.query.sqm.internal.ConcreteSqmSelectQueryPlan.performList(ConcreteSqmSelectQueryPlan.java:388)
	at org.hibernate.query.sqm.internal.SqmQueryImpl.doList(SqmQueryImpl.java:386)
	at org.hibernate.query.spi.AbstractSelectionQuery.list(AbstractSelectionQuery.java:154)
	at org.hibernate.query.spi.AbstractSelectionQuery.getSingleResultOrNull(AbstractSelectionQuery.java:320)
	at java.base/jdk.internal.reflect.NativeMethodAccessorImpl.invoke0(Native Method)
	at java.base/jdk.internal.reflect.NativeMethodAccessorImpl.invoke(NativeMethodAccessorImpl.java:77)
	at java.base/jdk.internal.reflect.DelegatingMethodAccessorImpl.invoke(DelegatingMethodAccessorImpl.java:43)
	at java.base/java.lang.reflect.Method.invoke(Method.java:569)
	at org.springframework.orm.jpa.SharedEntityManagerCreator$DeferredQueryInvocationHandler.invoke(SharedEntityManagerCreator.java:414)
	at jdk.proxy2/jdk.proxy2.$Proxy116.getSingleResultOrNull(Unknown Source)
	at org.springframework.data.jpa.repository.query.JpaQueryExecution$SingleEntityExecution.doExecute(JpaQueryExecution.java:328)
	at org.springframework.data.jpa.repository.query.JpaQueryExecution.execute(JpaQueryExecution.java:99)
	at org.springframework.data.jpa.repository.query.AbstractJpaQuery.doExecute(AbstractJpaQuery.java:164)
	at org.springframework.data.jpa.repository.query.AbstractJpaQuery.execute(AbstractJpaQuery.java:154)
	at org.springframework.data.repository.core.support.RepositoryMethodInvoker.doInvoke(RepositoryMethodInvoker.java:169)
	at org.springframework.data.repository.core.support.RepositoryMethodInvoker.invoke(RepositoryMethodInvoker.java:158)
	at org.springframework.data.repository.core.support.QueryExecutorMethodInterceptor.doInvoke(QueryExecutorMethodInterceptor.java:167)
	at org.springframework.data.repository.core.support.QueryExecutorMethodInterceptor.invoke(QueryExecutorMethodInterceptor.java:146)
	at org.springframework.aop.framework.ReflectiveMethodInvocation.proceed(ReflectiveMethodInvocation.java:179)
	at org.springframework.data.projection.DefaultMethodInvokingMethodInterceptor.invoke(DefaultMethodInvokingMethodInterceptor.java:69)
	at org.springframework.aop.framework.ReflectiveMethodInvocation.proceed(ReflectiveMethodInvocation.java:179)
	at org.springframework.transaction.interceptor.TransactionAspectSupport.invokeWithinTransaction(TransactionAspectSupport.java:370)
	at org.springframework.transaction.interceptor.TransactionInterceptor.invoke(TransactionInterceptor.java:118)
	at org.springframework.aop.framework.ReflectiveMethodInvocation.proceed(ReflectiveMethodInvocation.java:179)
	at org.springframework.dao.support.PersistenceExceptionTranslationInterceptor.invoke(PersistenceExceptionTranslationInterceptor.java:135)
	... 50 common frames omitted
Caused by: org.h2.jdbc.JdbcSQLSyntaxErrorException: Table "USERS" not found (this database is empty); SQL statement:
select u1_0.id,u1_0.hash,u1_0.login,u1_0.salt from users u1_0 where u1_0.login=? [42104-240]
	at org.h2.message.DbException.getJdbcSQLException(DbException.java:514)
	at org.h2.message.DbException.getJdbcSQLException(DbException.java:489)
	at org.h2.message.DbException.get(DbException.java:223)
	at org.h2.message.DbException.get(DbException.java:199)
	at org.h2.command.Parser.getTableOrViewNotFoundDbException(Parser.java:8036)
	at org.h2.command.Parser.getTableOrViewNotFoundDbException(Parser.java:8020)
	at org.h2.command.Parser.readTableOrView(Parser.java:7999)
	at org.h2.command.Parser.readTablePrimary(Parser.java:1772)
	at org.h2.command.Parser.readTableReference(Parser.java:2252)
	at org.h2.command.Parser.parseSelectFromPart(Parser.java:2705)
	at org.h2.command.Parser.parseSelect(Parser.java:2813)
	at org.h2.command.Parser.parseQueryPrimary(Parser.java:2695)
	at org.h2.command.Parser.parseQueryTerm(Parser.java:2550)
	at org.h2.command.Parser.parseQueryExpressionBody(Parser.java:2529)
	at org.h2.command.Parser.parseQueryExpressionBodyAndEndOfQuery(Parser.java:2522)
	at org.h2.command.Parser.parseQueryExpression(Parser.java:2515)
	at org.h2.command.Parser.parseQuery(Parser.java:2482)
	at org.h2.command.Parser.parsePrepared(Parser.java:613)
	at org.h2.command.Parser.parse(Parser.java:584)
	at org.h2.command.Parser.parse(Parser.java:559)
	at org.h2.command.Parser.prepareCommand(Parser.java:487)
	at org.h2.engine.SessionLocal.prepareLocal(SessionLocal.java:647)
	at org.h2.engine.SessionLocal.prepareCommand(SessionLocal.java:563)
	at org.h2.jdbc.JdbcConnection.prepareCommand(JdbcConnection.java:1160)
	at org.h2.jdbc.JdbcPreparedStatement.<init>(JdbcPreparedStatement.java:93)
	at org.h2.jdbc.JdbcConnection.prepareStatement(JdbcConnection.java:686)
	at com.zaxxer.hikari.pool.ProxyConnection.prepareStatement(ProxyConnection.java:342)
	at com.zaxxer.hikari.pool.HikariProxyConnection.prepareStatement(HikariProxyConnection.java)
	at org.hibernate.engine.jdbc.internal.StatementPreparerImpl$4.doPrepare(StatementPreparerImpl.java:158)
	at org.hibernate.engine.jdbc.internal.StatementPreparerImpl$StatementPreparationTemplate.prepareStatement(StatementPreparerImpl.java:187)
	... 88 common frames omitted
2025-12-16 21:49:06 [SpringApplicationShutdownHook] INFO  o.s.o.j.LocalContainerEntityManagerFactoryBean - Closing JPA EntityManagerFactory for persistence unit 'default'
2025-12-16 21:49:06 [SpringApplicationShutdownHook] INFO  com.zaxxer.hikari.HikariDataSource - HikariPool-1 - Shutdown initiated...
2025-12-16 21:49:06 [SpringApplicationShutdownHook] INFO  com.zaxxer.hikari.HikariDataSource - HikariPool-1 - Shutdown completed.
2025-12-16 21:49:10 [main] INFO  c.H.E.ExplorerAppApplication$Companion - Starting ExplorerAppApplication.Companion v0.0.1-SNAPSHOT using Java 17.0.17 with PID 16480 (C:\Users\Stradalec\Documents\GitHub\HLPT-Lab2-\target\ExplorerApp-0.0.1-SNAPSHOT.jar started by Stradalec in C:\Users\Stradalec\Documents\GitHub\HLPT-Lab2-)
2025-12-16 21:49:10 [main] INFO  c.H.E.ExplorerAppApplication$Companion - No active profile set, falling back to 1 default profile: "default"
2025-12-16 21:49:11 [main] INFO  o.s.d.r.c.RepositoryConfigurationDelegate - Bootstrapping Spring Data JPA repositories in DEFAULT mode.
2025-12-16 21:49:11 [main] INFO  o.s.d.r.c.RepositoryConfigurationDelegate - Finished Spring Data repository scanning in 197 ms. Found 3 JPA repository interfaces.
2025-12-16 21:49:13 [main] INFO  o.h.jpa.internal.util.LogHelper - HHH000204: Processing PersistenceUnitInfo [name: default]
2025-12-16 21:49:13 [main] INFO  org.hibernate.Version - HHH000412: Hibernate ORM core version 7.1.8.Final
2025-12-16 21:49:14 [main] INFO  o.s.o.j.p.SpringPersistenceUnitInfo - No LoadTimeWeaver setup: ignoring JPA class transformer
2025-12-16 21:49:15 [main] INFO  com.zaxxer.hikari.HikariDataSource - HikariPool-1 - Starting...
2025-12-16 21:49:15 [main] INFO  com.zaxxer.hikari.pool.HikariPool - HikariPool-1 - Added connection conn0: url=jdbc:h2:./data/coolDatabase user=SA
2025-12-16 21:49:15 [main] INFO  com.zaxxer.hikari.HikariDataSource - HikariPool-1 - Start completed.
2025-12-16 21:49:15 [main] WARN  org.hibernate.orm.deprecation - HHH90000025: H2Dialect does not need to be specified explicitly using 'hibernate.dialect' (remove the property setting and it will be selected by default)
2025-12-16 21:49:15 [main] INFO  o.hibernate.orm.connections.pooling - HHH10001005: Database info:
	Database JDBC URL [jdbc:h2:./data/coolDatabase]
	Database driver: H2 JDBC Driver
	Database dialect: H2Dialect
	Database version: 2.4.240
	Default catalog/schema: COOLDATABASE/PUBLIC
	Autocommit mode: undefined/unknown
	Isolation level: READ_COMMITTED [default READ_COMMITTED]
	JDBC fetch size: 100
	Pool: DatasourceConnectionProviderImpl
	Minimum pool size: undefined/unknown
	Maximum pool size: undefined/unknown
2025-12-16 21:49:17 [main] INFO  o.h.m.i.EntityInstantiatorPojoStandard - HHH000182: No default (no-argument) constructor for class [com.HLPTLab7.ExplorerApp.models.Resource] (class must be instantiated by Interceptor)
2025-12-16 21:49:17 [main] INFO  o.h.m.i.EntityInstantiatorPojoStandard - HHH000182: No default (no-argument) constructor for class [com.HLPTLab7.ExplorerApp.models.User] (class must be instantiated by Interceptor)
2025-12-16 21:49:17 [main] INFO  o.h.m.i.EntityInstantiatorPojoStandard - HHH000182: No default (no-argument) constructor for class [com.HLPTLab7.ExplorerApp.models.Permission] (class must be instantiated by Interceptor)
2025-12-16 21:49:17 [main] INFO  o.h.e.t.j.p.i.JtaPlatformInitiator - HHH000489: No JTA platform available (set 'hibernate.transaction.jta.platform' to enable JTA platform integration)
2025-12-16 21:49:17 [main] INFO  o.s.o.j.LocalContainerEntityManagerFactoryBean - Initialized JPA EntityManagerFactory for persistence unit 'default'
2025-12-16 21:49:18 [main] INFO  o.s.d.j.r.q.QueryEnhancerFactories - Hibernate is in classpath; If applicable, HQL parser will be used.
2025-12-16 21:49:23 [main] INFO  c.H.E.ExplorerAppApplication$Companion - Started ExplorerAppApplication.Companion in 15.088 seconds (process running for 16.594)
2025-12-16 21:49:23 [main] INFO  c.H.E.ExplorerAppApplication - A DEBUG Message
2025-12-16 21:49:23 [main] INFO  c.H.E.ExplorerAppApplication - Выполнение завершено с кодом: 7
2025-12-16 21:49:23 [SpringApplicationShutdownHook] INFO  o.s.o.j.LocalContainerEntityManagerFactoryBean - Closing JPA EntityManagerFactory for persistence unit 'default'
2025-12-16 21:49:23 [SpringApplicationShutdownHook] INFO  com.zaxxer.hikari.HikariDataSource - HikariPool-1 - Shutdown initiated...
2025-12-16 21:49:23 [SpringApplicationShutdownHook] INFO  com.zaxxer.hikari.HikariDataSource - HikariPool-1 - Shutdown completed.
2025-12-16 21:49:26 [main] INFO  c.H.E.ExplorerAppApplication$Companion - Starting ExplorerAppApplication.Companion v0.0.1-SNAPSHOT using Java 17.0.17 with PID 7668 (C:\Users\Stradalec\Documents\GitHub\HLPT-Lab2-\target\ExplorerApp-0.0.1-SNAPSHOT.jar started by Stradalec in C:\Users\Stradalec\Documents\GitHub\HLPT-Lab2-)
2025-12-16 21:49:26 [main] INFO  c.H.E.ExplorerAppApplication$Companion - No active profile set, falling back to 1 default profile: "default"
2025-12-16 21:49:28 [main] INFO  o.s.d.r.c.RepositoryConfigurationDelegate - Bootstrapping Spring Data JPA repositories in DEFAULT mode.
2025-12-16 21:49:28 [main] INFO  o.s.d.r.c.RepositoryConfigurationDelegate - Finished Spring Data repository scanning in 137 ms. Found 3 JPA repository interfaces.
2025-12-16 21:49:29 [main] INFO  o.h.jpa.internal.util.LogHelper - HHH000204: Processing PersistenceUnitInfo [name: default]
2025-12-16 21:49:30 [main] INFO  org.hibernate.Version - HHH000412: Hibernate ORM core version 7.1.8.Final
2025-12-16 21:49:31 [main] INFO  o.s.o.j.p.SpringPersistenceUnitInfo - No LoadTimeWeaver setup: ignoring JPA class transformer
2025-12-16 21:49:31 [main] INFO  com.zaxxer.hikari.HikariDataSource - HikariPool-1 - Starting...
2025-12-16 21:49:32 [main] INFO  com.zaxxer.hikari.pool.HikariPool - HikariPool-1 - Added connection conn0: url=jdbc:h2:./data/coolDatabase user=SA
2025-12-16 21:49:32 [main] INFO  com.zaxxer.hikari.HikariDataSource - HikariPool-1 - Start completed.
2025-12-16 21:49:32 [main] WARN  org.hibernate.orm.deprecation - HHH90000025: H2Dialect does not need to be specified explicitly using 'hibernate.dialect' (remove the property setting and it will be selected by default)
2025-12-16 21:49:32 [main] INFO  o.hibernate.orm.connections.pooling - HHH10001005: Database info:
	Database JDBC URL [jdbc:h2:./data/coolDatabase]
	Database driver: H2 JDBC Driver
	Database dialect: H2Dialect
	Database version: 2.4.240
	Default catalog/schema: COOLDATABASE/PUBLIC
	Autocommit mode: undefined/unknown
	Isolation level: READ_COMMITTED [default READ_COMMITTED]
	JDBC fetch size: 100
	Pool: DatasourceConnectionProviderImpl
	Minimum pool size: undefined/unknown
	Maximum pool size: undefined/unknown
2025-12-16 21:49:34 [main] INFO  o.h.m.i.EntityInstantiatorPojoStandard - HHH000182: No default (no-argument) constructor for class [com.HLPTLab7.ExplorerApp.models.Resource] (class must be instantiated by Interceptor)
2025-12-16 21:49:34 [main] INFO  o.h.m.i.EntityInstantiatorPojoStandard - HHH000182: No default (no-argument) constructor for class [com.HLPTLab7.ExplorerApp.models.User] (class must be instantiated by Interceptor)
2025-12-16 21:49:34 [main] INFO  o.h.m.i.EntityInstantiatorPojoStandard - HHH000182: No default (no-argument) constructor for class [com.HLPTLab7.ExplorerApp.models.Permission] (class must be instantiated by Interceptor)
2025-12-16 21:49:34 [main] INFO  o.h.e.t.j.p.i.JtaPlatformInitiator - HHH000489: No JTA platform available (set 'hibernate.transaction.jta.platform' to enable JTA platform integration)
2025-12-16 21:49:34 [main] INFO  o.s.o.j.LocalContainerEntityManagerFactoryBean - Initialized JPA EntityManagerFactory for persistence unit 'default'
2025-12-16 21:49:35 [main] INFO  o.s.d.j.r.q.QueryEnhancerFactories - Hibernate is in classpath; If applicable, HQL parser will be used.
2025-12-16 21:49:39 [main] INFO  c.H.E.ExplorerAppApplication$Companion - Started ExplorerAppApplication.Companion in 14.592 seconds (process running for 16.108)
2025-12-16 21:49:39 [main] INFO  c.H.E.ExplorerAppApplication - A DEBUG Message
2025-12-16 21:49:40 [main] WARN  org.hibernate.orm.jdbc.error - HHH000247: ErrorCode: 42104, SQLState: 42S04
2025-12-16 21:49:40 [main] WARN  org.hibernate.orm.jdbc.error - Table "USERS" not found (this database is empty); SQL statement:
select u1_0.id,u1_0.hash,u1_0.login,u1_0.salt from users u1_0 where u1_0.login=? [42104-240]
2025-12-16 21:49:40 [main] ERROR c.H.E.ExplorerAppApplication - Неизвестная ошибка
org.springframework.dao.InvalidDataAccessResourceUsageException: Could not prepare statement [Table "USERS" not found (this database is empty); SQL statement:
select u1_0.id,u1_0.hash,u1_0.login,u1_0.salt from users u1_0 where u1_0.login=? [42104-240]] [select u1_0.id,u1_0.hash,u1_0.login,u1_0.salt from users u1_0 where u1_0.login=?]; SQL [select u1_0.id,u1_0.hash,u1_0.login,u1_0.salt from users u1_0 where u1_0.login=?]
	at org.springframework.orm.jpa.hibernate.HibernateExceptionTranslator.convertHibernateAccessException(HibernateExceptionTranslator.java:156)
	at org.springframework.orm.jpa.hibernate.HibernateExceptionTranslator.convertHibernateAccessException(HibernateExceptionTranslator.java:131)
	at org.springframework.orm.jpa.hibernate.HibernateExceptionTranslator.translateExceptionIfPossible(HibernateExceptionTranslator.java:105)
	at org.springframework.orm.jpa.vendor.HibernateJpaDialect.translateExceptionIfPossible(HibernateJpaDialect.java:199)
	at org.springframework.orm.jpa.AbstractEntityManagerFactoryBean.translateExceptionIfPossible(AbstractEntityManagerFactoryBean.java:556)
	at org.springframework.dao.support.ChainedPersistenceExceptionTranslator.translateExceptionIfPossible(ChainedPersistenceExceptionTranslator.java:61)
	at org.springframework.dao.support.DataAccessUtils.translateIfNecessary(DataAccessUtils.java:346)
	at org.springframework.dao.support.PersistenceExceptionTranslationInterceptor.invoke(PersistenceExceptionTranslationInterceptor.java:157)
	at org.springframework.aop.framework.ReflectiveMethodInvocation.proceed(ReflectiveMethodInvocation.java:179)
	at org.springframework.data.jpa.repository.support.CrudMethodMetadataPostProcessor$CrudMethodMetadataPopulatingMethodInterceptor.invoke(CrudMethodMetadataPostProcessor.java:137)
	at org.springframework.aop.framework.ReflectiveMethodInvocation.proceed(ReflectiveMethodInvocation.java:179)
	at org.springframework.data.util.NullnessMethodInvocationValidator.invoke(NullnessMethodInvocationValidator.java:99)
	at org.springframework.aop.framework.ReflectiveMethodInvocation.proceed(ReflectiveMethodInvocation.java:179)
	at org.springframework.aop.framework.JdkDynamicAopProxy.invoke(JdkDynamicAopProxy.java:222)
	at jdk.proxy2/jdk.proxy2.$Proxy113.findByLogin(Unknown Source)
	at com.HLPTLab7.ExplorerApp.repositories.UserJpaRepositoryAdapter.findByLogin(UserJpaRepositoryAdapter.kt:13)
	at java.base/jdk.internal.reflect.NativeMethodAccessorImpl.invoke0(Native Method)
	at java.base/jdk.internal.reflect.NativeMethodAccessorImpl.invoke(NativeMethodAccessorImpl.java:77)
	at java.base/jdk.internal.reflect.DelegatingMethodAccessorImpl.invoke(DelegatingMethodAccessorImpl.java:43)
	at java.base/java.lang.reflect.Method.invoke(Method.java:569)
	at org.springframework.aop.support.AopUtils.invokeJoinpointUsingReflection(AopUtils.java:359)
	at org.springframework.aop.framework.ReflectiveMethodInvocation.invokeJoinpoint(ReflectiveMethodInvocation.java:190)
	at org.springframework.aop.framework.ReflectiveMethodInvocation.proceed(ReflectiveMethodInvocation.java:158)
	at org.springframework.dao.support.PersistenceExceptionTranslationInterceptor.invoke(PersistenceExceptionTranslationInterceptor.java:135)
	at org.springframework.aop.framework.ReflectiveMethodInvocation.proceed(ReflectiveMethodInvocation.java:179)
	at org.springframework.aop.framework.CglibAopProxy$DynamicAdvisedInterceptor.intercept(CglibAopProxy.java:719)
	at com.HLPTLab7.ExplorerApp.repositories.UserJpaRepositoryAdapter$$SpringCGLIB$$0.findByLogin(<generated>)
	at com.HLPTLab7.ExplorerApp.handlers.ResourceActionUseCase.execute(ResourceActionUseCase.kt:15)
	at com.HLPTLab7.ExplorerApp.handlers.CommandHandler.execute(CommandHandler.kt:19)
	at com.HLPTLab7.ExplorerApp.ExplorerAppApplication.run(ExplorerAppApplication.kt:29)
	at org.springframework.boot.SpringApplication.lambda$callRunner$1(SpringApplication.java:801)
	at org.springframework.util.function.ThrowingConsumer$1.acceptWithException(ThrowingConsumer.java:82)
	at org.springframework.util.function.ThrowingConsumer.accept(ThrowingConsumer.java:60)
	at org.springframework.util.function.ThrowingConsumer$1.accept(ThrowingConsumer.java:86)
	at org.springframework.boot.SpringApplication.callRunner(SpringApplication.java:809)
	at org.springframework.boot.SpringApplication.callRunner(SpringApplication.java:800)
	at org.springframework.boot.SpringApplication.lambda$callRunners$0(SpringApplication.java:785)
	at java.base/java.util.stream.ForEachOps$ForEachOp$OfRef.accept(ForEachOps.java:183)
	at java.base/java.util.stream.SortedOps$SizedRefSortingSink.end(SortedOps.java:357)
	at java.base/java.util.stream.AbstractPipeline.copyInto(AbstractPipeline.java:510)
	at java.base/java.util.stream.AbstractPipeline.wrapAndCopyInto(AbstractPipeline.java:499)
	at java.base/java.util.stream.ForEachOps$ForEachOp.evaluateSequential(ForEachOps.java:150)
	at java.base/java.util.stream.ForEachOps$ForEachOp$OfRef.evaluateSequential(ForEachOps.java:173)
	at java.base/java.util.stream.AbstractPipeline.evaluate(AbstractPipeline.java:234)
	at java.base/java.util.stream.ReferencePipeline.forEach(ReferencePipeline.java:596)
	at org.springframework.boot.SpringApplication.callRunners(SpringApplication.java:785)
	at org.springframework.boot.SpringApplication.run(SpringApplication.java:328)
	at org.springframework.boot.SpringApplication.run(SpringApplication.java:1374)
	at org.springframework.boot.SpringApplication.run(SpringApplication.java:1363)
	at com.HLPTLab7.ExplorerApp.ExplorerAppApplication$Companion.main(ExplorerAppApplication.kt:46)
	at com.HLPTLab7.ExplorerApp.ExplorerAppApplication.main(ExplorerAppApplication.kt)
	at java.base/jdk.internal.reflect.NativeMethodAccessorImpl.invoke0(Native Method)
	at java.base/jdk.internal.reflect.NativeMethodAccessorImpl.invoke(NativeMethodAccessorImpl.java:77)
	at java.base/jdk.internal.reflect.DelegatingMethodAccessorImpl.invoke(DelegatingMethodAccessorImpl.java:43)
	at java.base/java.lang.reflect.Method.invoke(Method.java:569)
	at org.springframework.boot.loader.launch.Launcher.launch(Launcher.java:106)
	at org.springframework.boot.loader.launch.Launcher.launch(Launcher.java:64)
	at org.springframework.boot.loader.launch.JarLauncher.main(JarLauncher.java:40)
Caused by: org.hibernate.exception.SQLGrammarException: Could not prepare statement [Table "USERS" not found (this database is empty); SQL statement:
select u1_0.id,u1_0.hash,u1_0.login,u1_0.salt from users u1_0 where u1_0.login=? [42104-240]] [select u1_0.id,u1_0.hash,u1_0.login,u1_0.salt from users u1_0 where u1_0.login=?]
	at org.hibernate.exception.internal.SQLExceptionTypeDelegate.convert(SQLExceptionTypeDelegate.java:64)
	at org.hibernate.exception.internal.StandardSQLExceptionConverter.convert(StandardSQLExceptionConverter.java:34)
	at org.hibernate.engine.jdbc.spi.SqlExceptionHelper.convert(SqlExceptionHelper.java:115)
	at org.hibernate.engine.jdbc.internal.StatementPreparerImpl$StatementPreparationTemplate.prepareStatement(StatementPreparerImpl.java:198)
	at org.hibernate.engine.jdbc.internal.StatementPreparerImpl.prepareQueryStatement(StatementPreparerImpl.java:160)
	at org.hibernate.sql.exec.internal.StandardStatementCreator.createStatement(StandardStatementCreator.java:47)
	at org.hibernate.sql.results.jdbc.internal.DeferredResultSetAccess.executeQuery(DeferredResultSetAccess.java:271)
	at org.hibernate.sql.results.jdbc.internal.DeferredResultSetAccess.getResultSet(DeferredResultSetAccess.java:200)
	at org.hibernate.sql.results.jdbc.internal.JdbcValuesResultSetImpl.<init>(JdbcValuesResultSetImpl.java:72)
	at org.hibernate.sql.exec.internal.JdbcSelectExecutorStandardImpl.resolveJdbcValues(JdbcSelectExecutorStandardImpl.java:372)
	at org.hibernate.sql.exec.internal.JdbcSelectExecutorStandardImpl.resolveJdbcValuesSource(JdbcSelectExecutorStandardImpl.java:332)
	at org.hibernate.sql.exec.internal.JdbcSelectExecutorStandardImpl.doExecuteQuery(JdbcSelectExecutorStandardImpl.java:135)
	at org.hibernate.sql.exec.internal.JdbcSelectExecutorStandardImpl.executeQuery(JdbcSelectExecutorStandardImpl.java:100)
	at org.hibernate.sql.exec.spi.JdbcSelectExecutor.executeQuery(JdbcSelectExecutor.java:64)
	at org.hibernate.sql.exec.spi.JdbcSelectExecutor.list(JdbcSelectExecutor.java:138)
	at org.hibernate.query.sqm.internal.ConcreteSqmSelectQueryPlan.lambda$new$1(ConcreteSqmSelectQueryPlan.java:146)
	at org.hibernate.query.sqm.internal.ConcreteSqmSelectQueryPlan.withCacheableSqmInterpretation(ConcreteSqmSelectQueryPlan.java:455)
	at org.hibernate.query.sqm.internal.ConcreteSqmSelectQueryPlan.performList(ConcreteSqmSelectQueryPlan.java:388)
	at org.hibernate.query.sqm.internal.SqmQueryImpl.doList(SqmQueryImpl.java:386)
	at org.hibernate.query.spi.AbstractSelectionQuery.list(AbstractSelectionQuery.java:154)
	at org.hibernate.query.spi.AbstractSelectionQuery.getSingleResultOrNull(AbstractSelectionQuery.java:320)
	at java.base/jdk.internal.reflect.NativeMethodAccessorImpl.invoke0(Native Method)
	at java.base/jdk.internal.reflect.NativeMethodAccessorImpl.invoke(NativeMethodAccessorImpl.java:77)
	at java.base/jdk.internal.reflect.DelegatingMethodAccessorImpl.invoke(DelegatingMethodAccessorImpl.java:43)
	at java.base/java.lang.reflect.Method.invoke(Method.java:569)
	at org.springframework.orm.jpa.SharedEntityManagerCreator$DeferredQueryInvocationHandler.invoke(SharedEntityManagerCreator.java:414)
	at jdk.proxy2/jdk.proxy2.$Proxy116.getSingleResultOrNull(Unknown Source)
	at org.springframework.data.jpa.repository.query.JpaQueryExecution$SingleEntityExecution.doExecute(JpaQueryExecution.java:328)
	at org.springframework.data.jpa.repository.query.JpaQueryExecution.execute(JpaQueryExecution.java:99)
	at org.springframework.data.jpa.repository.query.AbstractJpaQuery.doExecute(AbstractJpaQuery.java:164)
	at org.springframework.data.jpa.repository.query.AbstractJpaQuery.execute(AbstractJpaQuery.java:154)
	at org.springframework.data.repository.core.support.RepositoryMethodInvoker.doInvoke(RepositoryMethodInvoker.java:169)
	at org.springframework.data.repository.core.support.RepositoryMethodInvoker.invoke(RepositoryMethodInvoker.java:158)
	at org.springframework.data.repository.core.support.QueryExecutorMethodInterceptor.doInvoke(QueryExecutorMethodInterceptor.java:167)
	at org.springframework.data.repository.core.support.QueryExecutorMethodInterceptor.invoke(QueryExecutorMethodInterceptor.java:146)
	at org.springframework.aop.framework.ReflectiveMethodInvocation.proceed(ReflectiveMethodInvocation.java:179)
	at org.springframework.data.projection.DefaultMethodInvokingMethodInterceptor.invoke(DefaultMethodInvokingMethodInterceptor.java:69)
	at org.springframework.aop.framework.ReflectiveMethodInvocation.proceed(ReflectiveMethodInvocation.java:179)
	at org.springframework.transaction.interceptor.TransactionAspectSupport.invokeWithinTransaction(TransactionAspectSupport.java:370)
	at org.springframework.transaction.interceptor.TransactionInterceptor.invoke(TransactionInterceptor.java:118)
	at org.springframework.aop.framework.ReflectiveMethodInvocation.proceed(ReflectiveMethodInvocation.java:179)
	at org.springframework.dao.support.PersistenceExceptionTranslationInterceptor.invoke(PersistenceExceptionTranslationInterceptor.java:135)
	... 50 common frames omitted
Caused by: org.h2.jdbc.JdbcSQLSyntaxErrorException: Table "USERS" not found (this database is empty); SQL statement:
select u1_0.id,u1_0.hash,u1_0.login,u1_0.salt from users u1_0 where u1_0.login=? [42104-240]
	at org.h2.message.DbException.getJdbcSQLException(DbException.java:514)
	at org.h2.message.DbException.getJdbcSQLException(DbException.java:489)
	at org.h2.message.DbException.get(DbException.java:223)
	at org.h2.message.DbException.get(DbException.java:199)
	at org.h2.command.Parser.getTableOrViewNotFoundDbException(Parser.java:8036)
	at org.h2.command.Parser.getTableOrViewNotFoundDbException(Parser.java:8020)
	at org.h2.command.Parser.readTableOrView(Parser.java:7999)
	at org.h2.command.Parser.readTablePrimary(Parser.java:1772)
	at org.h2.command.Parser.readTableReference(Parser.java:2252)
	at org.h2.command.Parser.parseSelectFromPart(Parser.java:2705)
	at org.h2.command.Parser.parseSelect(Parser.java:2813)
	at org.h2.command.Parser.parseQueryPrimary(Parser.java:2695)
	at org.h2.command.Parser.parseQueryTerm(Parser.java:2550)
	at org.h2.command.Parser.parseQueryExpressionBody(Parser.java:2529)
	at org.h2.command.Parser.parseQueryExpressionBodyAndEndOfQuery(Parser.java:2522)
	at org.h2.command.Parser.parseQueryExpression(Parser.java:2515)
	at org.h2.command.Parser.parseQuery(Parser.java:2482)
	at org.h2.command.Parser.parsePrepared(Parser.java:613)
	at org.h2.command.Parser.parse(Parser.java:584)
	at org.h2.command.Parser.parse(Parser.java:559)
	at org.h2.command.Parser.prepareCommand(Parser.java:487)
	at org.h2.engine.SessionLocal.prepareLocal(SessionLocal.java:647)
	at org.h2.engine.SessionLocal.prepareCommand(SessionLocal.java:563)
	at org.h2.jdbc.JdbcConnection.prepareCommand(JdbcConnection.java:1160)
	at org.h2.jdbc.JdbcPreparedStatement.<init>(JdbcPreparedStatement.java:93)
	at org.h2.jdbc.JdbcConnection.prepareStatement(JdbcConnection.java:686)
	at com.zaxxer.hikari.pool.ProxyConnection.prepareStatement(ProxyConnection.java:342)
	at com.zaxxer.hikari.pool.HikariProxyConnection.prepareStatement(HikariProxyConnection.java)
	at org.hibernate.engine.jdbc.internal.StatementPreparerImpl$4.doPrepare(StatementPreparerImpl.java:158)
	at org.hibernate.engine.jdbc.internal.StatementPreparerImpl$StatementPreparationTemplate.prepareStatement(StatementPreparerImpl.java:187)
	... 88 common frames omitted
2025-12-16 21:49:40 [SpringApplicationShutdownHook] INFO  o.s.o.j.LocalContainerEntityManagerFactoryBean - Closing JPA EntityManagerFactory for persistence unit 'default'
2025-12-16 21:49:40 [SpringApplicationShutdownHook] INFO  com.zaxxer.hikari.HikariDataSource - HikariPool-1 - Shutdown initiated...
2025-12-16 21:49:40 [SpringApplicationShutdownHook] INFO  com.zaxxer.hikari.HikariDataSource - HikariPool-1 - Shutdown completed.
2025-12-16 21:52:03 [main] INFO  c.H.E.ExplorerAppApplication$Companion - Starting ExplorerAppApplication.Companion v0.0.1-SNAPSHOT using Java 17.0.17 with PID 6132 (C:\Users\Stradalec\Documents\GitHub\HLPT-Lab2-\target\ExplorerApp-0.0.1-SNAPSHOT.jar started by Stradalec in C:\Users\Stradalec\Documents\GitHub\HLPT-Lab2-)
2025-12-16 21:52:03 [main] INFO  c.H.E.ExplorerAppApplication$Companion - No active profile set, falling back to 1 default profile: "default"
2025-12-16 21:52:05 [main] INFO  o.s.d.r.c.RepositoryConfigurationDelegate - Bootstrapping Spring Data JPA repositories in DEFAULT mode.
2025-12-16 21:52:05 [main] INFO  o.s.d.r.c.RepositoryConfigurationDelegate - Finished Spring Data repository scanning in 132 ms. Found 3 JPA repository interfaces.
2025-12-16 21:52:06 [main] INFO  com.zaxxer.hikari.HikariDataSource - HikariPool-1 - Starting...
2025-12-16 21:52:07 [main] INFO  com.zaxxer.hikari.pool.HikariPool - HikariPool-1 - Added connection conn0: url=jdbc:h2:./data/coolDatabase user=SA
2025-12-16 21:52:07 [main] INFO  com.zaxxer.hikari.HikariDataSource - HikariPool-1 - Start completed.
2025-12-16 21:52:07 [main] INFO  o.h.jpa.internal.util.LogHelper - HHH000204: Processing PersistenceUnitInfo [name: default]
2025-12-16 21:52:07 [main] INFO  org.hibernate.Version - HHH000412: Hibernate ORM core version 7.1.8.Final
2025-12-16 21:52:08 [main] INFO  o.s.o.j.p.SpringPersistenceUnitInfo - No LoadTimeWeaver setup: ignoring JPA class transformer
2025-12-16 21:52:09 [main] WARN  org.hibernate.orm.deprecation - HHH90000025: H2Dialect does not need to be specified explicitly using 'hibernate.dialect' (remove the property setting and it will be selected by default)
2025-12-16 21:52:09 [main] INFO  o.hibernate.orm.connections.pooling - HHH10001005: Database info:
	Database JDBC URL [jdbc:h2:./data/coolDatabase]
	Database driver: H2 JDBC Driver
	Database dialect: H2Dialect
	Database version: 2.4.240
	Default catalog/schema: COOLDATABASE/PUBLIC
	Autocommit mode: undefined/unknown
	Isolation level: READ_COMMITTED [default READ_COMMITTED]
	JDBC fetch size: 100
	Pool: DatasourceConnectionProviderImpl
	Minimum pool size: undefined/unknown
	Maximum pool size: undefined/unknown
2025-12-16 21:52:10 [main] INFO  o.h.m.i.EntityInstantiatorPojoStandard - HHH000182: No default (no-argument) constructor for class [com.HLPTLab7.ExplorerApp.models.Resource] (class must be instantiated by Interceptor)
2025-12-16 21:52:10 [main] INFO  o.h.m.i.EntityInstantiatorPojoStandard - HHH000182: No default (no-argument) constructor for class [com.HLPTLab7.ExplorerApp.models.User] (class must be instantiated by Interceptor)
2025-12-16 21:52:10 [main] INFO  o.h.m.i.EntityInstantiatorPojoStandard - HHH000182: No default (no-argument) constructor for class [com.HLPTLab7.ExplorerApp.models.Permission] (class must be instantiated by Interceptor)
2025-12-16 21:52:11 [main] INFO  o.h.e.t.j.p.i.JtaPlatformInitiator - HHH000489: No JTA platform available (set 'hibernate.transaction.jta.platform' to enable JTA platform integration)
2025-12-16 21:52:11 [main] INFO  o.s.o.j.LocalContainerEntityManagerFactoryBean - Initialized JPA EntityManagerFactory for persistence unit 'default'
2025-12-16 21:52:12 [main] INFO  o.s.d.j.r.q.QueryEnhancerFactories - Hibernate is in classpath; If applicable, HQL parser will be used.
2025-12-16 21:52:16 [main] INFO  c.H.E.ExplorerAppApplication$Companion - Started ExplorerAppApplication.Companion in 14.217 seconds (process running for 15.482)
2025-12-16 21:52:16 [main] INFO  c.H.E.ExplorerAppApplication - A DEBUG Message
2025-12-16 21:52:16 [main] WARN  org.hibernate.orm.jdbc.error - HHH000247: ErrorCode: 42104, SQLState: 42S04
2025-12-16 21:52:16 [main] WARN  org.hibernate.orm.jdbc.error - Table "USERS" not found (this database is empty); SQL statement:
select u1_0.id,u1_0.hash,u1_0.login,u1_0.salt from users u1_0 where u1_0.login=? [42104-240]
2025-12-16 21:52:16 [main] ERROR c.H.E.ExplorerAppApplication - Неизвестная ошибка
org.springframework.dao.InvalidDataAccessResourceUsageException: Could not prepare statement [Table "USERS" not found (this database is empty); SQL statement:
select u1_0.id,u1_0.hash,u1_0.login,u1_0.salt from users u1_0 where u1_0.login=? [42104-240]] [select u1_0.id,u1_0.hash,u1_0.login,u1_0.salt from users u1_0 where u1_0.login=?]; SQL [select u1_0.id,u1_0.hash,u1_0.login,u1_0.salt from users u1_0 where u1_0.login=?]
	at org.springframework.orm.jpa.hibernate.HibernateExceptionTranslator.convertHibernateAccessException(HibernateExceptionTranslator.java:156)
	at org.springframework.orm.jpa.hibernate.HibernateExceptionTranslator.convertHibernateAccessException(HibernateExceptionTranslator.java:131)
	at org.springframework.orm.jpa.hibernate.HibernateExceptionTranslator.translateExceptionIfPossible(HibernateExceptionTranslator.java:105)
	at org.springframework.orm.jpa.vendor.HibernateJpaDialect.translateExceptionIfPossible(HibernateJpaDialect.java:199)
	at org.springframework.orm.jpa.AbstractEntityManagerFactoryBean.translateExceptionIfPossible(AbstractEntityManagerFactoryBean.java:556)
	at org.springframework.dao.support.ChainedPersistenceExceptionTranslator.translateExceptionIfPossible(ChainedPersistenceExceptionTranslator.java:61)
	at org.springframework.dao.support.DataAccessUtils.translateIfNecessary(DataAccessUtils.java:346)
	at org.springframework.dao.support.PersistenceExceptionTranslationInterceptor.invoke(PersistenceExceptionTranslationInterceptor.java:157)
	at org.springframework.aop.framework.ReflectiveMethodInvocation.proceed(ReflectiveMethodInvocation.java:179)
	at org.springframework.data.jpa.repository.support.CrudMethodMetadataPostProcessor$CrudMethodMetadataPopulatingMethodInterceptor.invoke(CrudMethodMetadataPostProcessor.java:137)
	at org.springframework.aop.framework.ReflectiveMethodInvocation.proceed(ReflectiveMethodInvocation.java:179)
	at org.springframework.data.util.NullnessMethodInvocationValidator.invoke(NullnessMethodInvocationValidator.java:99)
	at org.springframework.aop.framework.ReflectiveMethodInvocation.proceed(ReflectiveMethodInvocation.java:179)
	at org.springframework.aop.framework.JdkDynamicAopProxy.invoke(JdkDynamicAopProxy.java:222)
	at jdk.proxy2/jdk.proxy2.$Proxy113.findByLogin(Unknown Source)
	at com.HLPTLab7.ExplorerApp.repositories.UserJpaRepositoryAdapter.findByLogin(UserJpaRepositoryAdapter.kt:13)
	at java.base/jdk.internal.reflect.NativeMethodAccessorImpl.invoke0(Native Method)
	at java.base/jdk.internal.reflect.NativeMethodAccessorImpl.invoke(NativeMethodAccessorImpl.java:77)
	at java.base/jdk.internal.reflect.DelegatingMethodAccessorImpl.invoke(DelegatingMethodAccessorImpl.java:43)
	at java.base/java.lang.reflect.Method.invoke(Method.java:569)
	at org.springframework.aop.support.AopUtils.invokeJoinpointUsingReflection(AopUtils.java:359)
	at org.springframework.aop.framework.ReflectiveMethodInvocation.invokeJoinpoint(ReflectiveMethodInvocation.java:190)
	at org.springframework.aop.framework.ReflectiveMethodInvocation.proceed(ReflectiveMethodInvocation.java:158)
	at org.springframework.dao.support.PersistenceExceptionTranslationInterceptor.invoke(PersistenceExceptionTranslationInterceptor.java:135)
	at org.springframework.aop.framework.ReflectiveMethodInvocation.proceed(ReflectiveMethodInvocation.java:179)
	at org.springframework.aop.framework.CglibAopProxy$DynamicAdvisedInterceptor.intercept(CglibAopProxy.java:719)
	at com.HLPTLab7.ExplorerApp.repositories.UserJpaRepositoryAdapter$$SpringCGLIB$$0.findByLogin(<generated>)
	at com.HLPTLab7.ExplorerApp.handlers.ResourceActionUseCase.execute(ResourceActionUseCase.kt:15)
	at com.HLPTLab7.ExplorerApp.handlers.CommandHandler.execute(CommandHandler.kt:19)
	at com.HLPTLab7.ExplorerApp.ExplorerAppApplication.run(ExplorerAppApplication.kt:29)
	at org.springframework.boot.SpringApplication.lambda$callRunner$1(SpringApplication.java:801)
	at org.springframework.util.function.ThrowingConsumer$1.acceptWithException(ThrowingConsumer.java:82)
	at org.springframework.util.function.ThrowingConsumer.accept(ThrowingConsumer.java:60)
	at org.springframework.util.function.ThrowingConsumer$1.accept(ThrowingConsumer.java:86)
	at org.springframework.boot.SpringApplication.callRunner(SpringApplication.java:809)
	at org.springframework.boot.SpringApplication.callRunner(SpringApplication.java:800)
	at org.springframework.boot.SpringApplication.lambda$callRunners$0(SpringApplication.java:785)
	at java.base/java.util.stream.ForEachOps$ForEachOp$OfRef.accept(ForEachOps.java:183)
	at java.base/java.util.stream.SortedOps$SizedRefSortingSink.end(SortedOps.java:357)
	at java.base/java.util.stream.AbstractPipeline.copyInto(AbstractPipeline.java:510)
	at java.base/java.util.stream.AbstractPipeline.wrapAndCopyInto(AbstractPipeline.java:499)
	at java.base/java.util.stream.ForEachOps$ForEachOp.evaluateSequential(ForEachOps.java:150)
	at java.base/java.util.stream.ForEachOps$ForEachOp$OfRef.evaluateSequential(ForEachOps.java:173)
	at java.base/java.util.stream.AbstractPipeline.evaluate(AbstractPipeline.java:234)
	at java.base/java.util.stream.ReferencePipeline.forEach(ReferencePipeline.java:596)
	at org.springframework.boot.SpringApplication.callRunners(SpringApplication.java:785)
	at org.springframework.boot.SpringApplication.run(SpringApplication.java:328)
	at org.springframework.boot.SpringApplication.run(SpringApplication.java:1374)
	at org.springframework.boot.SpringApplication.run(SpringApplication.java:1363)
	at com.HLPTLab7.ExplorerApp.ExplorerAppApplication$Companion.main(ExplorerAppApplication.kt:46)
	at com.HLPTLab7.ExplorerApp.ExplorerAppApplication.main(ExplorerAppApplication.kt)
	at java.base/jdk.internal.reflect.NativeMethodAccessorImpl.invoke0(Native Method)
	at java.base/jdk.internal.reflect.NativeMethodAccessorImpl.invoke(NativeMethodAccessorImpl.java:77)
	at java.base/jdk.internal.reflect.DelegatingMethodAccessorImpl.invoke(DelegatingMethodAccessorImpl.java:43)
	at java.base/java.lang.reflect.Method.invoke(Method.java:569)
	at org.springframework.boot.loader.launch.Launcher.launch(Launcher.java:106)
	at org.springframework.boot.loader.launch.Launcher.launch(Launcher.java:64)
	at org.springframework.boot.loader.launch.JarLauncher.main(JarLauncher.java:40)
Caused by: org.hibernate.exception.SQLGrammarException: Could not prepare statement [Table "USERS" not found (this database is empty); SQL statement:
select u1_0.id,u1_0.hash,u1_0.login,u1_0.salt from users u1_0 where u1_0.login=? [42104-240]] [select u1_0.id,u1_0.hash,u1_0.login,u1_0.salt from users u1_0 where u1_0.login=?]
	at org.hibernate.exception.internal.SQLExceptionTypeDelegate.convert(SQLExceptionTypeDelegate.java:64)
	at org.hibernate.exception.internal.StandardSQLExceptionConverter.convert(StandardSQLExceptionConverter.java:34)
	at org.hibernate.engine.jdbc.spi.SqlExceptionHelper.convert(SqlExceptionHelper.java:115)
	at org.hibernate.engine.jdbc.internal.StatementPreparerImpl$StatementPreparationTemplate.prepareStatement(StatementPreparerImpl.java:198)
	at org.hibernate.engine.jdbc.internal.StatementPreparerImpl.prepareQueryStatement(StatementPreparerImpl.java:160)
	at org.hibernate.sql.exec.internal.StandardStatementCreator.createStatement(StandardStatementCreator.java:47)
	at org.hibernate.sql.results.jdbc.internal.DeferredResultSetAccess.executeQuery(DeferredResultSetAccess.java:271)
	at org.hibernate.sql.results.jdbc.internal.DeferredResultSetAccess.getResultSet(DeferredResultSetAccess.java:200)
	at org.hibernate.sql.results.jdbc.internal.JdbcValuesResultSetImpl.<init>(JdbcValuesResultSetImpl.java:72)
	at org.hibernate.sql.exec.internal.JdbcSelectExecutorStandardImpl.resolveJdbcValues(JdbcSelectExecutorStandardImpl.java:372)
	at org.hibernate.sql.exec.internal.JdbcSelectExecutorStandardImpl.resolveJdbcValuesSource(JdbcSelectExecutorStandardImpl.java:332)
	at org.hibernate.sql.exec.internal.JdbcSelectExecutorStandardImpl.doExecuteQuery(JdbcSelectExecutorStandardImpl.java:135)
	at org.hibernate.sql.exec.internal.JdbcSelectExecutorStandardImpl.executeQuery(JdbcSelectExecutorStandardImpl.java:100)
	at org.hibernate.sql.exec.spi.JdbcSelectExecutor.executeQuery(JdbcSelectExecutor.java:64)
	at org.hibernate.sql.exec.spi.JdbcSelectExecutor.list(JdbcSelectExecutor.java:138)
	at org.hibernate.query.sqm.internal.ConcreteSqmSelectQueryPlan.lambda$new$1(ConcreteSqmSelectQueryPlan.java:146)
	at org.hibernate.query.sqm.internal.ConcreteSqmSelectQueryPlan.withCacheableSqmInterpretation(ConcreteSqmSelectQueryPlan.java:455)
	at org.hibernate.query.sqm.internal.ConcreteSqmSelectQueryPlan.performList(ConcreteSqmSelectQueryPlan.java:388)
	at org.hibernate.query.sqm.internal.SqmQueryImpl.doList(SqmQueryImpl.java:386)
	at org.hibernate.query.spi.AbstractSelectionQuery.list(AbstractSelectionQuery.java:154)
	at org.hibernate.query.spi.AbstractSelectionQuery.getSingleResultOrNull(AbstractSelectionQuery.java:320)
	at java.base/jdk.internal.reflect.NativeMethodAccessorImpl.invoke0(Native Method)
	at java.base/jdk.internal.reflect.NativeMethodAccessorImpl.invoke(NativeMethodAccessorImpl.java:77)
	at java.base/jdk.internal.reflect.DelegatingMethodAccessorImpl.invoke(DelegatingMethodAccessorImpl.java:43)
	at java.base/java.lang.reflect.Method.invoke(Method.java:569)
	at org.springframework.orm.jpa.SharedEntityManagerCreator$DeferredQueryInvocationHandler.invoke(SharedEntityManagerCreator.java:414)
	at jdk.proxy2/jdk.proxy2.$Proxy116.getSingleResultOrNull(Unknown Source)
	at org.springframework.data.jpa.repository.query.JpaQueryExecution$SingleEntityExecution.doExecute(JpaQueryExecution.java:328)
	at org.springframework.data.jpa.repository.query.JpaQueryExecution.execute(JpaQueryExecution.java:99)
	at org.springframework.data.jpa.repository.query.AbstractJpaQuery.doExecute(AbstractJpaQuery.java:164)
	at org.springframework.data.jpa.repository.query.AbstractJpaQuery.execute(AbstractJpaQuery.java:154)
	at org.springframework.data.repository.core.support.RepositoryMethodInvoker.doInvoke(RepositoryMethodInvoker.java:169)
	at org.springframework.data.repository.core.support.RepositoryMethodInvoker.invoke(RepositoryMethodInvoker.java:158)
	at org.springframework.data.repository.core.support.QueryExecutorMethodInterceptor.doInvoke(QueryExecutorMethodInterceptor.java:167)
	at org.springframework.data.repository.core.support.QueryExecutorMethodInterceptor.invoke(QueryExecutorMethodInterceptor.java:146)
	at org.springframework.aop.framework.ReflectiveMethodInvocation.proceed(ReflectiveMethodInvocation.java:179)
	at org.springframework.data.projection.DefaultMethodInvokingMethodInterceptor.invoke(DefaultMethodInvokingMethodInterceptor.java:69)
	at org.springframework.aop.framework.ReflectiveMethodInvocation.proceed(ReflectiveMethodInvocation.java:179)
	at org.springframework.transaction.interceptor.TransactionAspectSupport.invokeWithinTransaction(TransactionAspectSupport.java:370)
	at org.springframework.transaction.interceptor.TransactionInterceptor.invoke(TransactionInterceptor.java:118)
	at org.springframework.aop.framework.ReflectiveMethodInvocation.proceed(ReflectiveMethodInvocation.java:179)
	at org.springframework.dao.support.PersistenceExceptionTranslationInterceptor.invoke(PersistenceExceptionTranslationInterceptor.java:135)
	... 50 common frames omitted
Caused by: org.h2.jdbc.JdbcSQLSyntaxErrorException: Table "USERS" not found (this database is empty); SQL statement:
select u1_0.id,u1_0.hash,u1_0.login,u1_0.salt from users u1_0 where u1_0.login=? [42104-240]
	at org.h2.message.DbException.getJdbcSQLException(DbException.java:514)
	at org.h2.message.DbException.getJdbcSQLException(DbException.java:489)
	at org.h2.message.DbException.get(DbException.java:223)
	at org.h2.message.DbException.get(DbException.java:199)
	at org.h2.command.Parser.getTableOrViewNotFoundDbException(Parser.java:8036)
	at org.h2.command.Parser.getTableOrViewNotFoundDbException(Parser.java:8020)
	at org.h2.command.Parser.readTableOrView(Parser.java:7999)
	at org.h2.command.Parser.readTablePrimary(Parser.java:1772)
	at org.h2.command.Parser.readTableReference(Parser.java:2252)
	at org.h2.command.Parser.parseSelectFromPart(Parser.java:2705)
	at org.h2.command.Parser.parseSelect(Parser.java:2813)
	at org.h2.command.Parser.parseQueryPrimary(Parser.java:2695)
	at org.h2.command.Parser.parseQueryTerm(Parser.java:2550)
	at org.h2.command.Parser.parseQueryExpressionBody(Parser.java:2529)
	at org.h2.command.Parser.parseQueryExpressionBodyAndEndOfQuery(Parser.java:2522)
	at org.h2.command.Parser.parseQueryExpression(Parser.java:2515)
	at org.h2.command.Parser.parseQuery(Parser.java:2482)
	at org.h2.command.Parser.parsePrepared(Parser.java:613)
	at org.h2.command.Parser.parse(Parser.java:584)
	at org.h2.command.Parser.parse(Parser.java:559)
	at org.h2.command.Parser.prepareCommand(Parser.java:487)
	at org.h2.engine.SessionLocal.prepareLocal(SessionLocal.java:647)
	at org.h2.engine.SessionLocal.prepareCommand(SessionLocal.java:563)
	at org.h2.jdbc.JdbcConnection.prepareCommand(JdbcConnection.java:1160)
	at org.h2.jdbc.JdbcPreparedStatement.<init>(JdbcPreparedStatement.java:93)
	at org.h2.jdbc.JdbcConnection.prepareStatement(JdbcConnection.java:686)
	at com.zaxxer.hikari.pool.ProxyConnection.prepareStatement(ProxyConnection.java:342)
	at com.zaxxer.hikari.pool.HikariProxyConnection.prepareStatement(HikariProxyConnection.java)
	at org.hibernate.engine.jdbc.internal.StatementPreparerImpl$4.doPrepare(StatementPreparerImpl.java:158)
	at org.hibernate.engine.jdbc.internal.StatementPreparerImpl$StatementPreparationTemplate.prepareStatement(StatementPreparerImpl.java:187)
	... 88 common frames omitted
2025-12-16 21:52:16 [SpringApplicationShutdownHook] INFO  o.s.o.j.LocalContainerEntityManagerFactoryBean - Closing JPA EntityManagerFactory for persistence unit 'default'
2025-12-16 21:52:16 [SpringApplicationShutdownHook] INFO  com.zaxxer.hikari.HikariDataSource - HikariPool-1 - Shutdown initiated...
2025-12-16 21:52:16 [SpringApplicationShutdownHook] INFO  com.zaxxer.hikari.HikariDataSource - HikariPool-1 - Shutdown completed.
2025-12-16 21:52:20 [main] INFO  c.H.E.ExplorerAppApplication$Companion - Starting ExplorerAppApplication.Companion v0.0.1-SNAPSHOT using Java 17.0.17 with PID 19024 (C:\Users\Stradalec\Documents\GitHub\HLPT-Lab2-\target\ExplorerApp-0.0.1-SNAPSHOT.jar started by Stradalec in C:\Users\Stradalec\Documents\GitHub\HLPT-Lab2-)
2025-12-16 21:52:20 [main] INFO  c.H.E.ExplorerAppApplication$Companion - No active profile set, falling back to 1 default profile: "default"
2025-12-16 21:52:21 [main] INFO  o.s.d.r.c.RepositoryConfigurationDelegate - Bootstrapping Spring Data JPA repositories in DEFAULT mode.
2025-12-16 21:52:22 [main] INFO  o.s.d.r.c.RepositoryConfigurationDelegate - Finished Spring Data repository scanning in 119 ms. Found 3 JPA repository interfaces.
2025-12-16 21:52:23 [main] INFO  com.zaxxer.hikari.HikariDataSource - HikariPool-1 - Starting...
2025-12-16 21:52:24 [main] INFO  com.zaxxer.hikari.pool.HikariPool - HikariPool-1 - Added connection conn0: url=jdbc:h2:./data/coolDatabase user=SA
2025-12-16 21:52:24 [main] INFO  com.zaxxer.hikari.HikariDataSource - HikariPool-1 - Start completed.
2025-12-16 21:52:24 [main] INFO  o.h.jpa.internal.util.LogHelper - HHH000204: Processing PersistenceUnitInfo [name: default]
2025-12-16 21:52:24 [main] INFO  org.hibernate.Version - HHH000412: Hibernate ORM core version 7.1.8.Final
2025-12-16 21:52:25 [main] INFO  o.s.o.j.p.SpringPersistenceUnitInfo - No LoadTimeWeaver setup: ignoring JPA class transformer
2025-12-16 21:52:26 [main] WARN  org.hibernate.orm.deprecation - HHH90000025: H2Dialect does not need to be specified explicitly using 'hibernate.dialect' (remove the property setting and it will be selected by default)
2025-12-16 21:52:26 [main] INFO  o.hibernate.orm.connections.pooling - HHH10001005: Database info:
	Database JDBC URL [jdbc:h2:./data/coolDatabase]
	Database driver: H2 JDBC Driver
	Database dialect: H2Dialect
	Database version: 2.4.240
	Default catalog/schema: COOLDATABASE/PUBLIC
	Autocommit mode: undefined/unknown
	Isolation level: READ_COMMITTED [default READ_COMMITTED]
	JDBC fetch size: 100
	Pool: DatasourceConnectionProviderImpl
	Minimum pool size: undefined/unknown
	Maximum pool size: undefined/unknown
2025-12-16 21:52:28 [main] INFO  o.h.m.i.EntityInstantiatorPojoStandard - HHH000182: No default (no-argument) constructor for class [com.HLPTLab7.ExplorerApp.models.Resource] (class must be instantiated by Interceptor)
2025-12-16 21:52:28 [main] INFO  o.h.m.i.EntityInstantiatorPojoStandard - HHH000182: No default (no-argument) constructor for class [com.HLPTLab7.ExplorerApp.models.User] (class must be instantiated by Interceptor)
2025-12-16 21:52:28 [main] INFO  o.h.m.i.EntityInstantiatorPojoStandard - HHH000182: No default (no-argument) constructor for class [com.HLPTLab7.ExplorerApp.models.Permission] (class must be instantiated by Interceptor)
2025-12-16 21:52:28 [main] INFO  o.h.e.t.j.p.i.JtaPlatformInitiator - HHH000489: No JTA platform available (set 'hibernate.transaction.jta.platform' to enable JTA platform integration)
2025-12-16 21:52:28 [main] INFO  o.s.o.j.LocalContainerEntityManagerFactoryBean - Initialized JPA EntityManagerFactory for persistence unit 'default'
2025-12-16 21:52:29 [main] INFO  o.s.d.j.r.q.QueryEnhancerFactories - Hibernate is in classpath; If applicable, HQL parser will be used.
2025-12-16 21:52:33 [main] INFO  c.H.E.ExplorerAppApplication$Companion - Started ExplorerAppApplication.Companion in 14.71 seconds (process running for 16.251)
2025-12-16 21:52:33 [main] INFO  c.H.E.ExplorerAppApplication - A DEBUG Message
2025-12-16 21:52:33 [SpringApplicationShutdownHook] INFO  o.s.o.j.LocalContainerEntityManagerFactoryBean - Closing JPA EntityManagerFactory for persistence unit 'default'
2025-12-16 21:52:33 [SpringApplicationShutdownHook] INFO  com.zaxxer.hikari.HikariDataSource - HikariPool-1 - Shutdown initiated...
2025-12-16 21:52:33 [SpringApplicationShutdownHook] INFO  com.zaxxer.hikari.HikariDataSource - HikariPool-1 - Shutdown completed.
2025-12-16 21:52:36 [main] INFO  c.H.E.ExplorerAppApplication$Companion - Starting ExplorerAppApplication.Companion v0.0.1-SNAPSHOT using Java 17.0.17 with PID 2192 (C:\Users\Stradalec\Documents\GitHub\HLPT-Lab2-\target\ExplorerApp-0.0.1-SNAPSHOT.jar started by Stradalec in C:\Users\Stradalec\Documents\GitHub\HLPT-Lab2-)
2025-12-16 21:52:36 [main] INFO  c.H.E.ExplorerAppApplication$Companion - No active profile set, falling back to 1 default profile: "default"
2025-12-16 21:52:38 [main] INFO  o.s.d.r.c.RepositoryConfigurationDelegate - Bootstrapping Spring Data JPA repositories in DEFAULT mode.
2025-12-16 21:52:38 [main] INFO  o.s.d.r.c.RepositoryConfigurationDelegate - Finished Spring Data repository scanning in 148 ms. Found 3 JPA repository interfaces.
2025-12-16 21:52:39 [main] INFO  com.zaxxer.hikari.HikariDataSource - HikariPool-1 - Starting...
2025-12-16 21:52:40 [main] INFO  com.zaxxer.hikari.pool.HikariPool - HikariPool-1 - Added connection conn0: url=jdbc:h2:./data/coolDatabase user=SA
2025-12-16 21:52:40 [main] INFO  com.zaxxer.hikari.HikariDataSource - HikariPool-1 - Start completed.
2025-12-16 21:52:40 [main] INFO  o.h.jpa.internal.util.LogHelper - HHH000204: Processing PersistenceUnitInfo [name: default]
2025-12-16 21:52:40 [main] INFO  org.hibernate.Version - HHH000412: Hibernate ORM core version 7.1.8.Final
2025-12-16 21:52:42 [main] INFO  o.s.o.j.p.SpringPersistenceUnitInfo - No LoadTimeWeaver setup: ignoring JPA class transformer
2025-12-16 21:52:42 [main] WARN  org.hibernate.orm.deprecation - HHH90000025: H2Dialect does not need to be specified explicitly using 'hibernate.dialect' (remove the property setting and it will be selected by default)
2025-12-16 21:52:42 [main] INFO  o.hibernate.orm.connections.pooling - HHH10001005: Database info:
	Database JDBC URL [jdbc:h2:./data/coolDatabase]
	Database driver: H2 JDBC Driver
	Database dialect: H2Dialect
	Database version: 2.4.240
	Default catalog/schema: COOLDATABASE/PUBLIC
	Autocommit mode: undefined/unknown
	Isolation level: READ_COMMITTED [default READ_COMMITTED]
	JDBC fetch size: 100
	Pool: DatasourceConnectionProviderImpl
	Minimum pool size: undefined/unknown
	Maximum pool size: undefined/unknown
2025-12-16 21:52:44 [main] INFO  o.h.m.i.EntityInstantiatorPojoStandard - HHH000182: No default (no-argument) constructor for class [com.HLPTLab7.ExplorerApp.models.Resource] (class must be instantiated by Interceptor)
2025-12-16 21:52:44 [main] INFO  o.h.m.i.EntityInstantiatorPojoStandard - HHH000182: No default (no-argument) constructor for class [com.HLPTLab7.ExplorerApp.models.User] (class must be instantiated by Interceptor)
2025-12-16 21:52:44 [main] INFO  o.h.m.i.EntityInstantiatorPojoStandard - HHH000182: No default (no-argument) constructor for class [com.HLPTLab7.ExplorerApp.models.Permission] (class must be instantiated by Interceptor)
2025-12-16 21:52:44 [main] INFO  o.h.e.t.j.p.i.JtaPlatformInitiator - HHH000489: No JTA platform available (set 'hibernate.transaction.jta.platform' to enable JTA platform integration)
2025-12-16 21:52:44 [main] INFO  o.s.o.j.LocalContainerEntityManagerFactoryBean - Initialized JPA EntityManagerFactory for persistence unit 'default'
2025-12-16 21:52:45 [main] INFO  o.s.d.j.r.q.QueryEnhancerFactories - Hibernate is in classpath; If applicable, HQL parser will be used.
2025-12-16 21:52:49 [main] INFO  c.H.E.ExplorerAppApplication$Companion - Started ExplorerAppApplication.Companion in 14.312 seconds (process running for 15.858)
2025-12-16 21:52:49 [main] INFO  c.H.E.ExplorerAppApplication - A DEBUG Message
2025-12-16 21:52:49 [SpringApplicationShutdownHook] INFO  o.s.o.j.LocalContainerEntityManagerFactoryBean - Closing JPA EntityManagerFactory for persistence unit 'default'
2025-12-16 21:52:49 [SpringApplicationShutdownHook] INFO  com.zaxxer.hikari.HikariDataSource - HikariPool-1 - Shutdown initiated...
2025-12-16 21:52:49 [SpringApplicationShutdownHook] INFO  com.zaxxer.hikari.HikariDataSource - HikariPool-1 - Shutdown completed.
2025-12-16 21:52:53 [main] INFO  c.H.E.ExplorerAppApplication$Companion - Starting ExplorerAppApplication.Companion v0.0.1-SNAPSHOT using Java 17.0.17 with PID 17760 (C:\Users\Stradalec\Documents\GitHub\HLPT-Lab2-\target\ExplorerApp-0.0.1-SNAPSHOT.jar started by Stradalec in C:\Users\Stradalec\Documents\GitHub\HLPT-Lab2-)
2025-12-16 21:52:53 [main] INFO  c.H.E.ExplorerAppApplication$Companion - No active profile set, falling back to 1 default profile: "default"
2025-12-16 21:52:54 [main] INFO  o.s.d.r.c.RepositoryConfigurationDelegate - Bootstrapping Spring Data JPA repositories in DEFAULT mode.
2025-12-16 21:52:54 [main] INFO  o.s.d.r.c.RepositoryConfigurationDelegate - Finished Spring Data repository scanning in 119 ms. Found 3 JPA repository interfaces.
2025-12-16 21:52:56 [main] INFO  com.zaxxer.hikari.HikariDataSource - HikariPool-1 - Starting...
2025-12-16 21:52:57 [main] INFO  com.zaxxer.hikari.pool.HikariPool - HikariPool-1 - Added connection conn0: url=jdbc:h2:./data/coolDatabase user=SA
2025-12-16 21:52:57 [main] INFO  com.zaxxer.hikari.HikariDataSource - HikariPool-1 - Start completed.
2025-12-16 21:52:57 [main] INFO  o.h.jpa.internal.util.LogHelper - HHH000204: Processing PersistenceUnitInfo [name: default]
2025-12-16 21:52:57 [main] INFO  org.hibernate.Version - HHH000412: Hibernate ORM core version 7.1.8.Final
2025-12-16 21:52:58 [main] INFO  o.s.o.j.p.SpringPersistenceUnitInfo - No LoadTimeWeaver setup: ignoring JPA class transformer
2025-12-16 21:52:59 [main] WARN  org.hibernate.orm.deprecation - HHH90000025: H2Dialect does not need to be specified explicitly using 'hibernate.dialect' (remove the property setting and it will be selected by default)
2025-12-16 21:52:59 [main] INFO  o.hibernate.orm.connections.pooling - HHH10001005: Database info:
	Database JDBC URL [jdbc:h2:./data/coolDatabase]
	Database driver: H2 JDBC Driver
	Database dialect: H2Dialect
	Database version: 2.4.240
	Default catalog/schema: COOLDATABASE/PUBLIC
	Autocommit mode: undefined/unknown
	Isolation level: READ_COMMITTED [default READ_COMMITTED]
	JDBC fetch size: 100
	Pool: DatasourceConnectionProviderImpl
	Minimum pool size: undefined/unknown
	Maximum pool size: undefined/unknown
2025-12-16 21:53:00 [main] INFO  o.h.m.i.EntityInstantiatorPojoStandard - HHH000182: No default (no-argument) constructor for class [com.HLPTLab7.ExplorerApp.models.Resource] (class must be instantiated by Interceptor)
2025-12-16 21:53:00 [main] INFO  o.h.m.i.EntityInstantiatorPojoStandard - HHH000182: No default (no-argument) constructor for class [com.HLPTLab7.ExplorerApp.models.User] (class must be instantiated by Interceptor)
2025-12-16 21:53:00 [main] INFO  o.h.m.i.EntityInstantiatorPojoStandard - HHH000182: No default (no-argument) constructor for class [com.HLPTLab7.ExplorerApp.models.Permission] (class must be instantiated by Interceptor)
2025-12-16 21:53:01 [main] INFO  o.h.e.t.j.p.i.JtaPlatformInitiator - HHH000489: No JTA platform available (set 'hibernate.transaction.jta.platform' to enable JTA platform integration)
2025-12-16 21:53:01 [main] INFO  o.s.o.j.LocalContainerEntityManagerFactoryBean - Initialized JPA EntityManagerFactory for persistence unit 'default'
2025-12-16 21:53:01 [main] INFO  o.s.d.j.r.q.QueryEnhancerFactories - Hibernate is in classpath; If applicable, HQL parser will be used.
2025-12-16 21:53:04 [SpringApplicationShutdownHook] INFO  o.s.o.j.LocalContainerEntityManagerFactoryBean - Closing JPA EntityManagerFactory for persistence unit 'default'
2025-12-16 21:53:04 [SpringApplicationShutdownHook] INFO  com.zaxxer.hikari.HikariDataSource - HikariPool-1 - Shutdown initiated...
2025-12-16 21:53:04 [main] INFO  c.H.E.ExplorerAppApplication$Companion - Started ExplorerAppApplication.Companion in 13.207 seconds (process running for 14.735)
2025-12-16 21:53:04 [main] INFO  c.H.E.ExplorerAppApplication - A DEBUG Message
2025-12-16 21:53:04 [SpringApplicationShutdownHook] INFO  com.zaxxer.hikari.HikariDataSource - HikariPool-1 - Shutdown completed.
